<?xml version="1.0" encoding="utf-8" standalone="yes"?>
<gpx version="1.1" creator="Locus Map, Android"
 xmlns="http://www.topografix.com/GPX/1/1"
 xmlns:xsi="http://www.w3.org/2001/XMLSchema-instance"
 xsi:schemaLocation="http://www.topografix.com/GPX/1/1 http://www.topografix.com/GPX/1/1/gpx.xsd"
 xmlns:gpx_style="http://www.topografix.com/GPX/gpx_style/0/2"
 xmlns:gpxx="http://www.garmin.com/xmlschemas/GpxExtensions/v3"
 xmlns:gpxtrkx="http://www.garmin.com/xmlschemas/TrackStatsExtension/v1"
 xmlns:gpxtpx="http://www.garmin.com/xmlschemas/TrackPointExtension/v2"
 xmlns:locus="http://www.locusmap.eu">
	<metadata>
		<desc>File with points/tracks from Locus Map/3.39.4</desc>
	</metadata>
<trk>
<name>Tihany_gejzir</name>
	<extensions>
		<gpx_style:line>
			<gpx_style:color>0000FF</gpx_style:color>
			<gpx_style:opacity>0.59</gpx_style:opacity>
			<gpx_style:width>6.0</gpx_style:width>
		</gpx_style:line>
		<locus:activity>hiking</locus:activity>
	</extensions>
<trkseg>
<trkpt lat="46.915776" lon="17.884872">
	<ele>190.78</ele>
	<time>2017-08-10T06:39:01.000Z</time>
	<pdop>12.00</pdop>
	<extensions>
		<gpxtpx:TrackPointExtension>
			<gpxtpx:course>93.7</gpxtpx:course>
		</gpxtpx:TrackPointExtension>
	</extensions>
</trkpt>
<trkpt lat="46.915862" lon="17.884985">
	<ele>190.85</ele>
	<time>2017-08-10T06:39:11.000Z</time>
	<pdop>9.00</pdop>
	<extensions>
		<gpxtpx:TrackPointExtension>
			<gpxtpx:course>64.1</gpxtpx:course>
		</gpxtpx:TrackPointExtension>
	</extensions>
</trkpt>
<trkpt lat="46.915760" lon="17.884926">
	<ele>188.95</ele>
	<time>2017-08-10T06:39:21.000Z</time>
	<pdop>12.00</pdop>
	<extensions>
		<gpxtpx:TrackPointExtension>
			<gpxtpx:course>174.6</gpxtpx:course>
		</gpxtpx:TrackPointExtension>
	</extensions>
</trkpt>
<trkpt lat="46.915633" lon="17.885010">
	<ele>186.33</ele>
	<time>2017-08-10T06:39:31.000Z</time>
	<pdop>14.00</pdop>
	<extensions>
		<gpxtpx:TrackPointExtension>
			<gpxtpx:course>152.4</gpxtpx:course>
		</gpxtpx:TrackPointExtension>
	</extensions>
</trkpt>
<trkpt lat="46.915582" lon="17.885122">
	<ele>183.08</ele>
	<time>2017-08-10T06:39:41.000Z</time>
	<pdop>8.00</pdop>
	<extensions>
		<gpxtpx:TrackPointExtension>
			<gpxtpx:course>137.9</gpxtpx:course>
		</gpxtpx:TrackPointExtension>
	</extensions>
</trkpt>
<trkpt lat="46.915591" lon="17.885317">
	<ele>179.91</ele>
	<time>2017-08-10T06:39:53.467Z</time>
	<pdop>12.00</pdop>
	<extensions>
		<gpxtpx:TrackPointExtension>
			<gpxtpx:course>95.5</gpxtpx:course>
		</gpxtpx:TrackPointExtension>
	</extensions>
</trkpt>
<trkpt lat="46.915513" lon="17.885392">
	<ele>182.75</ele>
	<time>2017-08-10T06:40:03.000Z</time>
	<pdop>10.00</pdop>
	<extensions>
		<gpxtpx:TrackPointExtension>
			<gpxtpx:course>146.0</gpxtpx:course>
		</gpxtpx:TrackPointExtension>
	</extensions>
</trkpt>
<trkpt lat="46.915504" lon="17.885374">
	<ele>181.85</ele>
	<time>2017-08-10T06:40:12.251Z</time>
	<pdop>14.00</pdop>
	<extensions>
		<gpxtpx:TrackPointExtension>
			<gpxtpx:course>146.0</gpxtpx:course>
		</gpxtpx:TrackPointExtension>
	</extensions>
</trkpt>
<trkpt lat="46.915527" lon="17.885481">
	<ele>178.86</ele>
	<time>2017-08-10T06:40:22.000Z</time>
	<pdop>6.00</pdop>
	<extensions>
		<gpxtpx:TrackPointExtension>
			<gpxtpx:course>146.0</gpxtpx:course>
		</gpxtpx:TrackPointExtension>
	</extensions>
</trkpt>
<trkpt lat="46.915502" lon="17.885554">
	<ele>178.60</ele>
	<time>2017-08-10T06:40:34.361Z</time>
	<pdop>7.00</pdop>
	<extensions>
		<gpxtpx:TrackPointExtension>
			<gpxtpx:course>112.5</gpxtpx:course>
		</gpxtpx:TrackPointExtension>
	</extensions>
</trkpt>
<trkpt lat="46.915382" lon="17.885671">
	<ele>170.89</ele>
	<time>2017-08-10T06:40:44.000Z</time>
	<pdop>11.00</pdop>
	<extensions>
		<gpxtpx:TrackPointExtension>
			<gpxtpx:course>133.8</gpxtpx:course>
		</gpxtpx:TrackPointExtension>
	</extensions>
</trkpt>
<trkpt lat="46.915351" lon="17.885772">
	<ele>171.56</ele>
	<time>2017-08-10T06:40:53.538Z</time>
	<pdop>17.00</pdop>
	<extensions>
		<gpxtpx:TrackPointExtension>
			<gpxtpx:course>113.9</gpxtpx:course>
		</gpxtpx:TrackPointExtension>
	</extensions>
</trkpt>
<trkpt lat="46.915250" lon="17.885867">
	<ele>176.77</ele>
	<time>2017-08-10T06:41:03.000Z</time>
	<pdop>7.00</pdop>
	<extensions>
		<gpxtpx:TrackPointExtension>
			<gpxtpx:course>141.0</gpxtpx:course>
		</gpxtpx:TrackPointExtension>
	</extensions>
</trkpt>
<trkpt lat="46.915194" lon="17.885961">
	<ele>181.08</ele>
	<time>2017-08-10T06:41:13.403Z</time>
	<pdop>7.00</pdop>
	<extensions>
		<gpxtpx:TrackPointExtension>
			<gpxtpx:course>131.1</gpxtpx:course>
		</gpxtpx:TrackPointExtension>
	</extensions>
</trkpt>
<trkpt lat="46.915171" lon="17.885999">
	<ele>179.84</ele>
	<time>2017-08-10T06:41:23.000Z</time>
	<pdop>6.00</pdop>
	<extensions>
		<gpxtpx:TrackPointExtension>
			<gpxtpx:course>151.5</gpxtpx:course>
		</gpxtpx:TrackPointExtension>
	</extensions>
</trkpt>
<trkpt lat="46.915141" lon="17.886089">
	<ele>177.86</ele>
	<time>2017-08-10T06:41:33.000Z</time>
	<pdop>6.00</pdop>
	<extensions>
		<gpxtpx:TrackPointExtension>
			<gpxtpx:course>122.6</gpxtpx:course>
		</gpxtpx:TrackPointExtension>
	</extensions>
</trkpt>
<trkpt lat="46.915104" lon="17.886192">
	<ele>176.60</ele>
	<time>2017-08-10T06:41:43.000Z</time>
	<pdop>8.00</pdop>
	<extensions>
		<gpxtpx:TrackPointExtension>
			<gpxtpx:course>137.3</gpxtpx:course>
		</gpxtpx:TrackPointExtension>
	</extensions>
</trkpt>
<trkpt lat="46.915080" lon="17.886241">
	<ele>171.99</ele>
	<time>2017-08-10T06:41:52.250Z</time>
	<pdop>7.00</pdop>
	<extensions>
		<gpxtpx:TrackPointExtension>
			<gpxtpx:course>116.3</gpxtpx:course>
		</gpxtpx:TrackPointExtension>
	</extensions>
</trkpt>
<trkpt lat="46.915035" lon="17.886322">
	<ele>169.11</ele>
	<time>2017-08-10T06:42:02.000Z</time>
	<pdop>5.00</pdop>
	<extensions>
		<gpxtpx:TrackPointExtension>
			<gpxtpx:course>125.7</gpxtpx:course>
		</gpxtpx:TrackPointExtension>
	</extensions>
</trkpt>
<trkpt lat="46.914985" lon="17.886403">
	<ele>168.08</ele>
	<time>2017-08-10T06:42:12.000Z</time>
	<pdop>5.00</pdop>
	<extensions>
		<gpxtpx:TrackPointExtension>
			<gpxtpx:course>136.3</gpxtpx:course>
		</gpxtpx:TrackPointExtension>
	</extensions>
</trkpt>
<trkpt lat="46.914946" lon="17.886484">
	<ele>167.54</ele>
	<time>2017-08-10T06:42:22.000Z</time>
	<pdop>4.00</pdop>
	<extensions>
		<gpxtpx:TrackPointExtension>
			<gpxtpx:course>135.1</gpxtpx:course>
		</gpxtpx:TrackPointExtension>
	</extensions>
</trkpt>
<trkpt lat="46.914879" lon="17.886573">
	<ele>167.04</ele>
	<time>2017-08-10T06:42:32.000Z</time>
	<pdop>4.00</pdop>
	<extensions>
		<gpxtpx:TrackPointExtension>
			<gpxtpx:course>132.6</gpxtpx:course>
		</gpxtpx:TrackPointExtension>
	</extensions>
</trkpt>
<trkpt lat="46.914834" lon="17.886694">
	<ele>167.85</ele>
	<time>2017-08-10T06:42:43.067Z</time>
	<pdop>4.00</pdop>
	<extensions>
		<gpxtpx:TrackPointExtension>
			<gpxtpx:course>133.3</gpxtpx:course>
		</gpxtpx:TrackPointExtension>
	</extensions>
</trkpt>
<trkpt lat="46.914749" lon="17.886794">
	<ele>168.72</ele>
	<time>2017-08-10T06:42:54.192Z</time>
	<pdop>4.00</pdop>
	<extensions>
		<gpxtpx:TrackPointExtension>
			<gpxtpx:course>138.8</gpxtpx:course>
		</gpxtpx:TrackPointExtension>
	</extensions>
</trkpt>
<trkpt lat="46.914694" lon="17.886854">
	<ele>173.62</ele>
	<time>2017-08-10T06:43:04.000Z</time>
	<pdop>4.00</pdop>
	<extensions>
		<gpxtpx:TrackPointExtension>
			<gpxtpx:course>121.3</gpxtpx:course>
		</gpxtpx:TrackPointExtension>
	</extensions>
</trkpt>
<trkpt lat="46.914646" lon="17.886926">
	<ele>173.66</ele>
	<time>2017-08-10T06:43:14.075Z</time>
	<pdop>3.00</pdop>
	<extensions>
		<gpxtpx:TrackPointExtension>
			<gpxtpx:course>123.4</gpxtpx:course>
		</gpxtpx:TrackPointExtension>
	</extensions>
</trkpt>
<trkpt lat="46.914630" lon="17.886966">
	<ele>171.91</ele>
	<time>2017-08-10T06:43:24.000Z</time>
	<pdop>4.00</pdop>
	<extensions>
		<gpxtpx:TrackPointExtension>
			<gpxtpx:course>143.9</gpxtpx:course>
		</gpxtpx:TrackPointExtension>
	</extensions>
</trkpt>
<trkpt lat="46.914547" lon="17.887041">
	<ele>176.65</ele>
	<time>2017-08-10T06:43:34.000Z</time>
	<pdop>4.00</pdop>
	<extensions>
		<gpxtpx:TrackPointExtension>
			<gpxtpx:course>145.5</gpxtpx:course>
		</gpxtpx:TrackPointExtension>
	</extensions>
</trkpt>
<trkpt lat="46.914458" lon="17.887127">
	<ele>180.58</ele>
	<time>2017-08-10T06:43:44.000Z</time>
	<pdop>5.00</pdop>
	<extensions>
		<gpxtpx:TrackPointExtension>
			<gpxtpx:course>147.4</gpxtpx:course>
		</gpxtpx:TrackPointExtension>
	</extensions>
</trkpt>
<trkpt lat="46.914394" lon="17.887204">
	<ele>180.10</ele>
	<time>2017-08-10T06:43:54.000Z</time>
	<pdop>4.00</pdop>
	<extensions>
		<gpxtpx:TrackPointExtension>
			<gpxtpx:course>140.7</gpxtpx:course>
		</gpxtpx:TrackPointExtension>
	</extensions>
</trkpt>
<trkpt lat="46.914352" lon="17.887245">
	<ele>177.77</ele>
	<time>2017-08-10T06:44:04.000Z</time>
	<pdop>4.00</pdop>
	<extensions>
		<gpxtpx:TrackPointExtension>
			<gpxtpx:course>141.8</gpxtpx:course>
		</gpxtpx:TrackPointExtension>
	</extensions>
</trkpt>
<trkpt lat="46.914319" lon="17.887295">
	<ele>174.84</ele>
	<time>2017-08-10T06:44:14.000Z</time>
	<pdop>4.00</pdop>
	<extensions>
		<gpxtpx:TrackPointExtension>
			<gpxtpx:course>141.8</gpxtpx:course>
		</gpxtpx:TrackPointExtension>
	</extensions>
</trkpt>
<trkpt lat="46.914288" lon="17.887341">
	<ele>173.74</ele>
	<time>2017-08-10T06:44:24.287Z</time>
	<pdop>6.00</pdop>
	<extensions>
		<gpxtpx:TrackPointExtension>
			<gpxtpx:course>141.8</gpxtpx:course>
		</gpxtpx:TrackPointExtension>
	</extensions>
</trkpt>
<trkpt lat="46.914221" lon="17.887410">
	<ele>178.37</ele>
	<time>2017-08-10T06:44:34.000Z</time>
	<pdop>4.00</pdop>
	<extensions>
		<gpxtpx:TrackPointExtension>
			<gpxtpx:course>141.3</gpxtpx:course>
		</gpxtpx:TrackPointExtension>
	</extensions>
</trkpt>
<trkpt lat="46.914168" lon="17.887460">
	<ele>181.85</ele>
	<time>2017-08-10T06:44:44.000Z</time>
	<pdop>4.00</pdop>
	<extensions>
		<gpxtpx:TrackPointExtension>
			<gpxtpx:course>131.0</gpxtpx:course>
		</gpxtpx:TrackPointExtension>
	</extensions>
</trkpt>
<trkpt lat="46.914129" lon="17.887485">
	<ele>178.93</ele>
	<time>2017-08-10T06:44:54.000Z</time>
	<pdop>5.00</pdop>
	<extensions>
		<gpxtpx:TrackPointExtension>
			<gpxtpx:course>131.0</gpxtpx:course>
		</gpxtpx:TrackPointExtension>
	</extensions>
</trkpt>
<trkpt lat="46.914046" lon="17.887557">
	<ele>176.35</ele>
	<time>2017-08-10T06:45:04.000Z</time>
	<pdop>5.00</pdop>
	<extensions>
		<gpxtpx:TrackPointExtension>
			<gpxtpx:course>136.2</gpxtpx:course>
		</gpxtpx:TrackPointExtension>
	</extensions>
</trkpt>
<trkpt lat="46.914032" lon="17.887624">
	<ele>177.71</ele>
	<time>2017-08-10T06:45:14.000Z</time>
	<pdop>4.00</pdop>
	<extensions>
		<gpxtpx:TrackPointExtension>
			<gpxtpx:course>135.0</gpxtpx:course>
		</gpxtpx:TrackPointExtension>
	</extensions>
</trkpt>
<trkpt lat="46.913956" lon="17.887743">
	<ele>177.90</ele>
	<time>2017-08-10T06:45:24.000Z</time>
	<pdop>4.00</pdop>
	<extensions>
		<gpxtpx:TrackPointExtension>
			<gpxtpx:course>141.8</gpxtpx:course>
		</gpxtpx:TrackPointExtension>
	</extensions>
</trkpt>
<trkpt lat="46.913905" lon="17.887860">
	<ele>175.18</ele>
	<time>2017-08-10T06:45:34.000Z</time>
	<pdop>6.00</pdop>
	<extensions>
		<gpxtpx:TrackPointExtension>
			<gpxtpx:course>123.2</gpxtpx:course>
		</gpxtpx:TrackPointExtension>
	</extensions>
</trkpt>
<trkpt lat="46.913836" lon="17.887908">
	<ele>174.85</ele>
	<time>2017-08-10T06:45:44.000Z</time>
	<pdop>6.00</pdop>
	<extensions>
		<gpxtpx:TrackPointExtension>
			<gpxtpx:course>157.5</gpxtpx:course>
		</gpxtpx:TrackPointExtension>
	</extensions>
</trkpt>
<trkpt lat="46.913747" lon="17.887992">
	<ele>170.43</ele>
	<time>2017-08-10T06:45:54.000Z</time>
	<pdop>6.00</pdop>
	<extensions>
		<gpxtpx:TrackPointExtension>
			<gpxtpx:course>148.9</gpxtpx:course>
		</gpxtpx:TrackPointExtension>
	</extensions>
</trkpt>
<trkpt lat="46.913685" lon="17.888106">
	<ele>174.48</ele>
	<time>2017-08-10T06:46:04.000Z</time>
	<pdop>4.00</pdop>
	<extensions>
		<gpxtpx:TrackPointExtension>
			<gpxtpx:course>139.8</gpxtpx:course>
		</gpxtpx:TrackPointExtension>
	</extensions>
</trkpt>
<trkpt lat="46.913643" lon="17.888184">
	<ele>171.91</ele>
	<time>2017-08-10T06:46:15.497Z</time>
	<pdop>4.00</pdop>
	<extensions>
		<gpxtpx:TrackPointExtension>
			<gpxtpx:course>143.4</gpxtpx:course>
		</gpxtpx:TrackPointExtension>
	</extensions>
</trkpt>
<trkpt lat="46.913610" lon="17.888232">
	<ele>172.85</ele>
	<time>2017-08-10T06:46:25.000Z</time>
	<pdop>3.00</pdop>
	<extensions>
		<gpxtpx:TrackPointExtension>
			<gpxtpx:course>143.8</gpxtpx:course>
		</gpxtpx:TrackPointExtension>
	</extensions>
</trkpt>
<trkpt lat="46.913610" lon="17.888257">
	<ele>176.77</ele>
	<time>2017-08-10T06:46:35.441Z</time>
	<pdop>4.00</pdop>
	<extensions>
		<gpxtpx:TrackPointExtension>
			<gpxtpx:course>143.8</gpxtpx:course>
		</gpxtpx:TrackPointExtension>
	</extensions>
</trkpt>
<trkpt lat="46.913561" lon="17.888354">
	<ele>173.87</ele>
	<time>2017-08-10T06:46:45.000Z</time>
	<pdop>4.00</pdop>
	<extensions>
		<gpxtpx:TrackPointExtension>
			<gpxtpx:course>133.5</gpxtpx:course>
		</gpxtpx:TrackPointExtension>
	</extensions>
</trkpt>
<trkpt lat="46.913489" lon="17.888319">
	<ele>174.91</ele>
	<time>2017-08-10T06:46:55.000Z</time>
	<pdop>3.00</pdop>
	<extensions>
		<gpxtpx:TrackPointExtension>
			<gpxtpx:course>190.7</gpxtpx:course>
		</gpxtpx:TrackPointExtension>
	</extensions>
</trkpt>
<trkpt lat="46.913419" lon="17.888397">
	<ele>174.60</ele>
	<time>2017-08-10T06:47:05.000Z</time>
	<pdop>4.00</pdop>
	<extensions>
		<gpxtpx:TrackPointExtension>
			<gpxtpx:course>126.6</gpxtpx:course>
		</gpxtpx:TrackPointExtension>
	</extensions>
</trkpt>
<trkpt lat="46.913373" lon="17.888493">
	<ele>173.33</ele>
	<time>2017-08-10T06:47:15.000Z</time>
	<pdop>5.00</pdop>
	<extensions>
		<gpxtpx:TrackPointExtension>
			<gpxtpx:course>144.2</gpxtpx:course>
		</gpxtpx:TrackPointExtension>
	</extensions>
</trkpt>
<trkpt lat="46.913307" lon="17.888610">
	<ele>173.04</ele>
	<time>2017-08-10T06:47:24.179Z</time>
	<pdop>5.00</pdop>
	<extensions>
		<gpxtpx:TrackPointExtension>
			<gpxtpx:course>122.9</gpxtpx:course>
		</gpxtpx:TrackPointExtension>
	</extensions>
</trkpt>
<trkpt lat="46.913186" lon="17.888663">
	<ele>177.88</ele>
	<time>2017-08-10T06:47:34.000Z</time>
	<pdop>4.00</pdop>
	<extensions>
		<gpxtpx:TrackPointExtension>
			<gpxtpx:course>148.5</gpxtpx:course>
		</gpxtpx:TrackPointExtension>
	</extensions>
</trkpt>
<trkpt lat="46.913159" lon="17.888700">
	<ele>175.81</ele>
	<time>2017-08-10T06:47:43.093Z</time>
	<pdop>4.00</pdop>
	<extensions>
		<gpxtpx:TrackPointExtension>
			<gpxtpx:course>122.5</gpxtpx:course>
		</gpxtpx:TrackPointExtension>
	</extensions>
</trkpt>
<trkpt lat="46.913099" lon="17.888769">
	<ele>174.59</ele>
	<time>2017-08-10T06:47:53.000Z</time>
	<pdop>4.00</pdop>
	<extensions>
		<gpxtpx:TrackPointExtension>
			<gpxtpx:course>148.9</gpxtpx:course>
		</gpxtpx:TrackPointExtension>
	</extensions>
</trkpt>
<trkpt lat="46.913067" lon="17.888883">
	<ele>174.83</ele>
	<time>2017-08-10T06:48:03.000Z</time>
	<pdop>4.00</pdop>
	<extensions>
		<gpxtpx:TrackPointExtension>
			<gpxtpx:course>46.5</gpxtpx:course>
		</gpxtpx:TrackPointExtension>
	</extensions>
</trkpt>
<trkpt lat="46.913048" lon="17.888989">
	<ele>174.85</ele>
	<time>2017-08-10T06:48:13.000Z</time>
	<pdop>4.00</pdop>
	<extensions>
		<gpxtpx:TrackPointExtension>
			<gpxtpx:course>144.6</gpxtpx:course>
		</gpxtpx:TrackPointExtension>
	</extensions>
</trkpt>
<trkpt lat="46.912972" lon="17.889076">
	<ele>174.79</ele>
	<time>2017-08-10T06:48:23.000Z</time>
	<pdop>4.00</pdop>
	<extensions>
		<gpxtpx:TrackPointExtension>
			<gpxtpx:course>141.4</gpxtpx:course>
		</gpxtpx:TrackPointExtension>
	</extensions>
</trkpt>
<trkpt lat="46.912890" lon="17.889180">
	<ele>173.90</ele>
	<time>2017-08-10T06:48:33.000Z</time>
	<pdop>5.00</pdop>
	<extensions>
		<gpxtpx:TrackPointExtension>
			<gpxtpx:course>142.0</gpxtpx:course>
		</gpxtpx:TrackPointExtension>
	</extensions>
</trkpt>
<trkpt lat="46.912792" lon="17.889267">
	<ele>172.93</ele>
	<time>2017-08-10T06:48:43.000Z</time>
	<pdop>4.00</pdop>
	<extensions>
		<gpxtpx:TrackPointExtension>
			<gpxtpx:course>138.6</gpxtpx:course>
		</gpxtpx:TrackPointExtension>
	</extensions>
</trkpt>
<trkpt lat="46.912759" lon="17.889338">
	<ele>175.60</ele>
	<time>2017-08-10T06:48:53.000Z</time>
	<pdop>4.00</pdop>
	<extensions>
		<gpxtpx:TrackPointExtension>
			<gpxtpx:course>161.2</gpxtpx:course>
		</gpxtpx:TrackPointExtension>
	</extensions>
</trkpt>
<trkpt lat="46.912680" lon="17.889401">
	<ele>176.66</ele>
	<time>2017-08-10T06:49:06.331Z</time>
	<pdop>4.00</pdop>
	<extensions>
		<gpxtpx:TrackPointExtension>
			<gpxtpx:course>153.9</gpxtpx:course>
		</gpxtpx:TrackPointExtension>
	</extensions>
</trkpt>
<trkpt lat="46.912569" lon="17.889429">
	<ele>174.10</ele>
	<time>2017-08-10T06:49:16.000Z</time>
	<pdop>4.00</pdop>
	<extensions>
		<gpxtpx:TrackPointExtension>
			<gpxtpx:course>173.8</gpxtpx:course>
		</gpxtpx:TrackPointExtension>
	</extensions>
</trkpt>
<trkpt lat="46.912472" lon="17.889481">
	<ele>172.04</ele>
	<time>2017-08-10T06:49:26.000Z</time>
	<pdop>5.00</pdop>
	<extensions>
		<gpxtpx:TrackPointExtension>
			<gpxtpx:course>163.8</gpxtpx:course>
		</gpxtpx:TrackPointExtension>
	</extensions>
</trkpt>
<trkpt lat="46.912404" lon="17.889492">
	<ele>172.83</ele>
	<time>2017-08-10T06:49:36.000Z</time>
	<pdop>5.00</pdop>
	<extensions>
		<gpxtpx:TrackPointExtension>
			<gpxtpx:course>178.8</gpxtpx:course>
		</gpxtpx:TrackPointExtension>
	</extensions>
</trkpt>
<trkpt lat="46.912332" lon="17.889516">
	<ele>175.41</ele>
	<time>2017-08-10T06:49:46.000Z</time>
	<pdop>5.00</pdop>
	<extensions>
		<gpxtpx:TrackPointExtension>
			<gpxtpx:course>161.1</gpxtpx:course>
		</gpxtpx:TrackPointExtension>
	</extensions>
</trkpt>
<trkpt lat="46.912257" lon="17.889448">
	<ele>171.93</ele>
	<time>2017-08-10T06:49:56.000Z</time>
	<pdop>3.00</pdop>
	<extensions>
		<gpxtpx:TrackPointExtension>
			<gpxtpx:course>190.0</gpxtpx:course>
		</gpxtpx:TrackPointExtension>
	</extensions>
</trkpt>
<trkpt lat="46.912218" lon="17.889437">
	<ele>173.83</ele>
	<time>2017-08-10T06:50:06.575Z</time>
	<pdop>5.00</pdop>
	<extensions>
		<gpxtpx:TrackPointExtension>
			<gpxtpx:course>226.4</gpxtpx:course>
		</gpxtpx:TrackPointExtension>
	</extensions>
</trkpt>
<trkpt lat="46.912171" lon="17.889439">
	<ele>172.72</ele>
	<time>2017-08-10T06:50:16.000Z</time>
	<pdop>4.00</pdop>
	<extensions>
		<gpxtpx:TrackPointExtension>
			<gpxtpx:course>194.7</gpxtpx:course>
		</gpxtpx:TrackPointExtension>
	</extensions>
</trkpt>
<trkpt lat="46.912084" lon="17.889428">
	<ele>171.16</ele>
	<time>2017-08-10T06:50:26.137Z</time>
	<pdop>4.00</pdop>
	<extensions>
		<gpxtpx:TrackPointExtension>
			<gpxtpx:course>191.0</gpxtpx:course>
		</gpxtpx:TrackPointExtension>
	</extensions>
</trkpt>
<trkpt lat="46.911970" lon="17.889407">
	<ele>172.79</ele>
	<time>2017-08-10T06:50:36.000Z</time>
	<pdop>4.00</pdop>
	<extensions>
		<gpxtpx:TrackPointExtension>
			<gpxtpx:course>178.8</gpxtpx:course>
		</gpxtpx:TrackPointExtension>
	</extensions>
</trkpt>
<trkpt lat="46.911863" lon="17.889373">
	<ele>167.92</ele>
	<time>2017-08-10T06:50:46.000Z</time>
	<pdop>3.00</pdop>
	<extensions>
		<gpxtpx:TrackPointExtension>
			<gpxtpx:course>186.0</gpxtpx:course>
		</gpxtpx:TrackPointExtension>
	</extensions>
</trkpt>
<trkpt lat="46.911824" lon="17.889352">
	<ele>167.89</ele>
	<time>2017-08-10T06:50:55.326Z</time>
	<pdop>3.00</pdop>
	<extensions>
		<gpxtpx:TrackPointExtension>
			<gpxtpx:course>190.9</gpxtpx:course>
		</gpxtpx:TrackPointExtension>
	</extensions>
</trkpt>
<trkpt lat="46.911788" lon="17.889325">
	<ele>165.80</ele>
	<time>2017-08-10T06:51:05.000Z</time>
	<pdop>3.00</pdop>
	<extensions>
		<gpxtpx:TrackPointExtension>
			<gpxtpx:course>190.9</gpxtpx:course>
		</gpxtpx:TrackPointExtension>
	</extensions>
</trkpt>
<trkpt lat="46.911775" lon="17.889325">
	<ele>165.85</ele>
	<time>2017-08-10T06:51:19.000Z</time>
	<pdop>3.00</pdop>
	<extensions>
		<gpxtpx:TrackPointExtension>
			<gpxtpx:course>190.9</gpxtpx:course>
		</gpxtpx:TrackPointExtension>
	</extensions>
</trkpt>
<trkpt lat="46.911693" lon="17.889313">
	<ele>166.83</ele>
	<time>2017-08-10T06:51:29.000Z</time>
	<pdop>4.00</pdop>
	<extensions>
		<gpxtpx:TrackPointExtension>
			<gpxtpx:course>185.9</gpxtpx:course>
		</gpxtpx:TrackPointExtension>
	</extensions>
</trkpt>
<trkpt lat="46.911628" lon="17.889329">
	<ele>167.79</ele>
	<time>2017-08-10T06:51:39.000Z</time>
	<pdop>7.00</pdop>
	<extensions>
		<gpxtpx:TrackPointExtension>
			<gpxtpx:course>161.2</gpxtpx:course>
		</gpxtpx:TrackPointExtension>
	</extensions>
</trkpt>
<trkpt lat="46.911618" lon="17.889331">
	<ele>169.60</ele>
	<time>2017-08-10T06:51:55.000Z</time>
	<pdop>3.00</pdop>
	<extensions>
		<gpxtpx:TrackPointExtension>
			<gpxtpx:course>164.3</gpxtpx:course>
		</gpxtpx:TrackPointExtension>
	</extensions>
</trkpt>
<trkpt lat="46.911628" lon="17.889324">
	<ele>168.25</ele>
	<time>2017-08-10T06:52:09.000Z</time>
	<pdop>3.00</pdop>
	<extensions>
		<gpxtpx:TrackPointExtension>
			<gpxtpx:course>164.3</gpxtpx:course>
		</gpxtpx:TrackPointExtension>
	</extensions>
</trkpt>
<trkpt lat="46.911639" lon="17.889322">
	<ele>167.85</ele>
	<time>2017-08-10T06:52:25.232Z</time>
	<pdop>4.00</pdop>
	<extensions>
		<gpxtpx:TrackPointExtension>
			<gpxtpx:course>164.3</gpxtpx:course>
		</gpxtpx:TrackPointExtension>
	</extensions>
</trkpt>
<trkpt lat="46.911628" lon="17.889331">
	<ele>166.85</ele>
	<time>2017-08-10T06:52:39.000Z</time>
	<pdop>4.00</pdop>
	<extensions>
		<gpxtpx:TrackPointExtension>
			<gpxtpx:course>164.3</gpxtpx:course>
		</gpxtpx:TrackPointExtension>
	</extensions>
</trkpt>
<trkpt lat="46.911507" lon="17.889337">
	<ele>168.55</ele>
	<time>2017-08-10T06:52:49.000Z</time>
	<pdop>4.00</pdop>
	<extensions>
		<gpxtpx:TrackPointExtension>
			<gpxtpx:course>167.6</gpxtpx:course>
		</gpxtpx:TrackPointExtension>
	</extensions>
</trkpt>
<trkpt lat="46.911387" lon="17.889363">
	<ele>169.12</ele>
	<time>2017-08-10T06:52:59.224Z</time>
	<pdop>3.00</pdop>
	<extensions>
		<gpxtpx:TrackPointExtension>
			<gpxtpx:course>166.7</gpxtpx:course>
		</gpxtpx:TrackPointExtension>
	</extensions>
</trkpt>
<trkpt lat="46.911276" lon="17.889403">
	<ele>165.10</ele>
	<time>2017-08-10T06:53:09.000Z</time>
	<pdop>3.00</pdop>
	<extensions>
		<gpxtpx:TrackPointExtension>
			<gpxtpx:course>161.3</gpxtpx:course>
		</gpxtpx:TrackPointExtension>
	</extensions>
</trkpt>
<trkpt lat="46.911180" lon="17.889477">
	<ele>164.56</ele>
	<time>2017-08-10T06:53:19.000Z</time>
	<pdop>4.00</pdop>
	<extensions>
		<gpxtpx:TrackPointExtension>
			<gpxtpx:course>154.9</gpxtpx:course>
		</gpxtpx:TrackPointExtension>
	</extensions>
</trkpt>
<trkpt lat="46.911068" lon="17.889556">
	<ele>159.87</ele>
	<time>2017-08-10T06:53:32.211Z</time>
	<pdop>4.00</pdop>
	<extensions>
		<gpxtpx:TrackPointExtension>
			<gpxtpx:course>147.8</gpxtpx:course>
		</gpxtpx:TrackPointExtension>
	</extensions>
</trkpt>
<trkpt lat="46.910970" lon="17.889630">
	<ele>160.85</ele>
	<time>2017-08-10T06:53:41.217Z</time>
	<pdop>4.00</pdop>
	<extensions>
		<gpxtpx:TrackPointExtension>
			<gpxtpx:course>156.3</gpxtpx:course>
		</gpxtpx:TrackPointExtension>
	</extensions>
</trkpt>
<trkpt lat="46.910854" lon="17.889713">
	<ele>158.85</ele>
	<time>2017-08-10T06:53:51.000Z</time>
	<pdop>4.00</pdop>
	<extensions>
		<gpxtpx:TrackPointExtension>
			<gpxtpx:course>152.7</gpxtpx:course>
		</gpxtpx:TrackPointExtension>
	</extensions>
</trkpt>
<trkpt lat="46.910834" lon="17.889706">
	<ele>158.60</ele>
	<time>2017-08-10T06:54:02.000Z</time>
	<pdop>4.00</pdop>
	<extensions>
		<gpxtpx:TrackPointExtension>
			<gpxtpx:course>169.0</gpxtpx:course>
		</gpxtpx:TrackPointExtension>
	</extensions>
</trkpt>
<trkpt lat="46.910816" lon="17.889639">
	<ele>159.03</ele>
	<time>2017-08-10T06:54:12.000Z</time>
	<pdop>3.00</pdop>
	<extensions>
		<gpxtpx:TrackPointExtension>
			<gpxtpx:course>169.0</gpxtpx:course>
		</gpxtpx:TrackPointExtension>
	</extensions>
</trkpt>
<trkpt lat="46.910796" lon="17.889550">
	<ele>156.85</ele>
	<time>2017-08-10T06:54:24.257Z</time>
	<pdop>3.00</pdop>
	<extensions>
		<gpxtpx:TrackPointExtension>
			<gpxtpx:course>254.5</gpxtpx:course>
		</gpxtpx:TrackPointExtension>
	</extensions>
</trkpt>
<trkpt lat="46.910744" lon="17.889419">
	<ele>153.91</ele>
	<time>2017-08-10T06:54:34.000Z</time>
	<pdop>4.00</pdop>
	<extensions>
		<gpxtpx:TrackPointExtension>
			<gpxtpx:course>240.3</gpxtpx:course>
		</gpxtpx:TrackPointExtension>
	</extensions>
</trkpt>
<trkpt lat="46.910702" lon="17.889342">
	<ele>152.12</ele>
	<time>2017-08-10T06:54:43.667Z</time>
	<pdop>4.00</pdop>
	<extensions>
		<gpxtpx:TrackPointExtension>
			<gpxtpx:course>225.8</gpxtpx:course>
		</gpxtpx:TrackPointExtension>
	</extensions>
</trkpt>
<trkpt lat="46.910642" lon="17.889223">
	<ele>149.86</ele>
	<time>2017-08-10T06:54:53.000Z</time>
	<pdop>3.00</pdop>
	<extensions>
		<gpxtpx:TrackPointExtension>
			<gpxtpx:course>240.5</gpxtpx:course>
		</gpxtpx:TrackPointExtension>
	</extensions>
</trkpt>
<trkpt lat="46.910581" lon="17.889095">
	<ele>149.85</ele>
	<time>2017-08-10T06:55:05.379Z</time>
	<pdop>3.00</pdop>
	<extensions>
		<gpxtpx:TrackPointExtension>
			<gpxtpx:course>238.4</gpxtpx:course>
		</gpxtpx:TrackPointExtension>
	</extensions>
</trkpt>
<trkpt lat="46.910572" lon="17.888945">
	<ele>149.61</ele>
	<time>2017-08-10T06:55:15.000Z</time>
	<pdop>3.00</pdop>
	<extensions>
		<gpxtpx:TrackPointExtension>
			<gpxtpx:course>274.7</gpxtpx:course>
		</gpxtpx:TrackPointExtension>
	</extensions>
</trkpt>
<trkpt lat="46.910591" lon="17.888865">
	<ele>148.10</ele>
	<time>2017-08-10T06:55:25.000Z</time>
	<pdop>3.00</pdop>
	<extensions>
		<gpxtpx:TrackPointExtension>
			<gpxtpx:course>268.8</gpxtpx:course>
		</gpxtpx:TrackPointExtension>
	</extensions>
</trkpt>
<trkpt lat="46.910568" lon="17.888763">
	<ele>146.10</ele>
	<time>2017-08-10T06:55:35.000Z</time>
	<pdop>3.00</pdop>
	<extensions>
		<gpxtpx:TrackPointExtension>
			<gpxtpx:course>239.5</gpxtpx:course>
		</gpxtpx:TrackPointExtension>
	</extensions>
</trkpt>
<trkpt lat="46.910586" lon="17.888665">
	<ele>144.10</ele>
	<time>2017-08-10T06:55:45.000Z</time>
	<pdop>4.00</pdop>
	<extensions>
		<gpxtpx:TrackPointExtension>
			<gpxtpx:course>14.0</gpxtpx:course>
		</gpxtpx:TrackPointExtension>
	</extensions>
</trkpt>
<trkpt lat="46.910624" lon="17.888562">
	<ele>144.66</ele>
	<time>2017-08-10T06:55:54.017Z</time>
	<pdop>3.00</pdop>
	<extensions>
		<gpxtpx:TrackPointExtension>
			<gpxtpx:course>285.7</gpxtpx:course>
		</gpxtpx:TrackPointExtension>
	</extensions>
</trkpt>
<trkpt lat="46.910628" lon="17.888525">
	<ele>144.85</ele>
	<time>2017-08-10T06:56:03.431Z</time>
	<pdop>4.00</pdop>
	<extensions>
		<gpxtpx:TrackPointExtension>
			<gpxtpx:course>275.1</gpxtpx:course>
		</gpxtpx:TrackPointExtension>
	</extensions>
</trkpt>
<trkpt lat="46.910528" lon="17.888466">
	<ele>143.69</ele>
	<time>2017-08-10T06:56:13.000Z</time>
	<pdop>4.00</pdop>
	<extensions>
		<gpxtpx:TrackPointExtension>
			<gpxtpx:course>197.0</gpxtpx:course>
		</gpxtpx:TrackPointExtension>
	</extensions>
</trkpt>
<trkpt lat="46.910463" lon="17.888403">
	<ele>144.08</ele>
	<time>2017-08-10T06:56:22.331Z</time>
	<pdop>4.00</pdop>
	<extensions>
		<gpxtpx:TrackPointExtension>
			<gpxtpx:course>208.9</gpxtpx:course>
		</gpxtpx:TrackPointExtension>
	</extensions>
</trkpt>
<trkpt lat="46.910348" lon="17.888317">
	<ele>141.91</ele>
	<time>2017-08-10T06:56:32.000Z</time>
	<pdop>4.00</pdop>
	<extensions>
		<gpxtpx:TrackPointExtension>
			<gpxtpx:course>191.5</gpxtpx:course>
		</gpxtpx:TrackPointExtension>
	</extensions>
</trkpt>
<trkpt lat="46.910261" lon="17.888250">
	<ele>141.85</ele>
	<time>2017-08-10T06:56:44.213Z</time>
	<pdop>4.00</pdop>
	<extensions>
		<gpxtpx:TrackPointExtension>
			<gpxtpx:course>202.3</gpxtpx:course>
		</gpxtpx:TrackPointExtension>
	</extensions>
</trkpt>
<trkpt lat="46.910188" lon="17.888204">
	<ele>139.86</ele>
	<time>2017-08-10T06:56:54.000Z</time>
	<pdop>3.00</pdop>
	<extensions>
		<gpxtpx:TrackPointExtension>
			<gpxtpx:course>229.5</gpxtpx:course>
		</gpxtpx:TrackPointExtension>
	</extensions>
</trkpt>
<trkpt lat="46.910117" lon="17.888180">
	<ele>139.85</ele>
	<time>2017-08-10T06:57:04.000Z</time>
	<pdop>4.00</pdop>
	<extensions>
		<gpxtpx:TrackPointExtension>
			<gpxtpx:course>177.7</gpxtpx:course>
		</gpxtpx:TrackPointExtension>
	</extensions>
</trkpt>
<trkpt lat="46.910016" lon="17.888223">
	<ele>137.86</ele>
	<time>2017-08-10T06:57:14.000Z</time>
	<pdop>4.00</pdop>
	<extensions>
		<gpxtpx:TrackPointExtension>
			<gpxtpx:course>169.0</gpxtpx:course>
		</gpxtpx:TrackPointExtension>
	</extensions>
</trkpt>
<trkpt lat="46.909893" lon="17.888284">
	<ele>142.41</ele>
	<time>2017-08-10T06:57:24.000Z</time>
	<pdop>3.00</pdop>
	<extensions>
		<gpxtpx:TrackPointExtension>
			<gpxtpx:course>176.4</gpxtpx:course>
		</gpxtpx:TrackPointExtension>
	</extensions>
</trkpt>
<trkpt lat="46.909830" lon="17.888302">
	<ele>143.85</ele>
	<time>2017-08-10T06:57:33.032Z</time>
	<pdop>4.00</pdop>
	<extensions>
		<gpxtpx:TrackPointExtension>
			<gpxtpx:course>170.9</gpxtpx:course>
		</gpxtpx:TrackPointExtension>
	</extensions>
</trkpt>
<trkpt lat="46.909733" lon="17.888384">
	<ele>138.86</ele>
	<time>2017-08-10T06:57:44.351Z</time>
	<pdop>4.00</pdop>
	<extensions>
		<gpxtpx:TrackPointExtension>
			<gpxtpx:course>155.0</gpxtpx:course>
		</gpxtpx:TrackPointExtension>
	</extensions>
</trkpt>
<trkpt lat="46.909600" lon="17.888457">
	<ele>135.87</ele>
	<time>2017-08-10T06:57:54.000Z</time>
	<pdop>4.00</pdop>
	<extensions>
		<gpxtpx:TrackPointExtension>
			<gpxtpx:course>155.5</gpxtpx:course>
		</gpxtpx:TrackPointExtension>
	</extensions>
</trkpt>
<trkpt lat="46.909491" lon="17.888524">
	<ele>134.60</ele>
	<time>2017-08-10T06:58:06.399Z</time>
	<pdop>4.00</pdop>
	<extensions>
		<gpxtpx:TrackPointExtension>
			<gpxtpx:course>164.7</gpxtpx:course>
		</gpxtpx:TrackPointExtension>
	</extensions>
</trkpt>
<trkpt lat="46.909393" lon="17.888525">
	<ele>132.85</ele>
	<time>2017-08-10T06:58:16.000Z</time>
	<pdop>3.00</pdop>
	<extensions>
		<gpxtpx:TrackPointExtension>
			<gpxtpx:course>171.5</gpxtpx:course>
		</gpxtpx:TrackPointExtension>
	</extensions>
</trkpt>
<trkpt lat="46.909273" lon="17.888537">
	<ele>131.86</ele>
	<time>2017-08-10T06:58:27.000Z</time>
	<pdop>3.00</pdop>
	<extensions>
		<gpxtpx:TrackPointExtension>
			<gpxtpx:course>185.4</gpxtpx:course>
		</gpxtpx:TrackPointExtension>
	</extensions>
</trkpt>
<trkpt lat="46.909152" lon="17.888520">
	<ele>130.84</ele>
	<time>2017-08-10T06:58:37.000Z</time>
	<pdop>3.00</pdop>
	<extensions>
		<gpxtpx:TrackPointExtension>
			<gpxtpx:course>188.1</gpxtpx:course>
		</gpxtpx:TrackPointExtension>
	</extensions>
</trkpt>
<trkpt lat="46.909048" lon="17.888483">
	<ele>131.85</ele>
	<time>2017-08-10T06:58:46.164Z</time>
	<pdop>3.00</pdop>
	<extensions>
		<gpxtpx:TrackPointExtension>
			<gpxtpx:course>200.4</gpxtpx:course>
		</gpxtpx:TrackPointExtension>
	</extensions>
</trkpt>
<trkpt lat="46.908919" lon="17.888398">
	<ele>131.85</ele>
	<time>2017-08-10T06:58:56.000Z</time>
	<pdop>3.00</pdop>
	<extensions>
		<gpxtpx:TrackPointExtension>
			<gpxtpx:course>202.1</gpxtpx:course>
		</gpxtpx:TrackPointExtension>
	</extensions>
</trkpt>
<trkpt lat="46.908882" lon="17.888375">
	<ele>130.85</ele>
	<time>2017-08-10T06:59:07.000Z</time>
	<pdop>3.00</pdop>
	<extensions>
		<gpxtpx:TrackPointExtension>
			<gpxtpx:course>214.1</gpxtpx:course>
		</gpxtpx:TrackPointExtension>
	</extensions>
</trkpt>
<trkpt lat="46.908797" lon="17.888304">
	<ele>130.61</ele>
	<time>2017-08-10T06:59:17.000Z</time>
	<pdop>4.00</pdop>
	<extensions>
		<gpxtpx:TrackPointExtension>
			<gpxtpx:course>207.3</gpxtpx:course>
		</gpxtpx:TrackPointExtension>
	</extensions>
</trkpt>
<trkpt lat="46.908710" lon="17.888235">
	<ele>129.90</ele>
	<time>2017-08-10T06:59:27.000Z</time>
	<pdop>3.00</pdop>
	<extensions>
		<gpxtpx:TrackPointExtension>
			<gpxtpx:course>203.2</gpxtpx:course>
		</gpxtpx:TrackPointExtension>
	</extensions>
</trkpt>
<trkpt lat="46.908616" lon="17.888154">
	<ele>129.85</ele>
	<time>2017-08-10T06:59:37.000Z</time>
	<pdop>4.00</pdop>
	<extensions>
		<gpxtpx:TrackPointExtension>
			<gpxtpx:course>211.4</gpxtpx:course>
		</gpxtpx:TrackPointExtension>
	</extensions>
</trkpt>
<trkpt lat="46.908517" lon="17.888087">
	<ele>130.85</ele>
	<time>2017-08-10T06:59:47.000Z</time>
	<pdop>3.00</pdop>
	<extensions>
		<gpxtpx:TrackPointExtension>
			<gpxtpx:course>202.6</gpxtpx:course>
		</gpxtpx:TrackPointExtension>
	</extensions>
</trkpt>
<trkpt lat="46.908412" lon="17.888025">
	<ele>130.85</ele>
	<time>2017-08-10T06:59:57.000Z</time>
	<pdop>3.00</pdop>
	<extensions>
		<gpxtpx:TrackPointExtension>
			<gpxtpx:course>207.6</gpxtpx:course>
		</gpxtpx:TrackPointExtension>
	</extensions>
</trkpt>
<trkpt lat="46.908313" lon="17.888002">
	<ele>131.85</ele>
	<time>2017-08-10T07:00:07.000Z</time>
	<pdop>4.00</pdop>
	<extensions>
		<gpxtpx:TrackPointExtension>
			<gpxtpx:course>191.8</gpxtpx:course>
		</gpxtpx:TrackPointExtension>
	</extensions>
</trkpt>
<trkpt lat="46.908210" lon="17.888022">
	<ele>131.60</ele>
	<time>2017-08-10T07:00:17.000Z</time>
	<pdop>4.00</pdop>
	<extensions>
		<gpxtpx:TrackPointExtension>
			<gpxtpx:course>160.9</gpxtpx:course>
		</gpxtpx:TrackPointExtension>
	</extensions>
</trkpt>
<trkpt lat="46.908105" lon="17.888098">
	<ele>132.85</ele>
	<time>2017-08-10T07:00:28.472Z</time>
	<pdop>3.00</pdop>
	<extensions>
		<gpxtpx:TrackPointExtension>
			<gpxtpx:course>148.9</gpxtpx:course>
		</gpxtpx:TrackPointExtension>
	</extensions>
</trkpt>
<trkpt lat="46.907995" lon="17.888181">
	<ele>130.91</ele>
	<time>2017-08-10T07:00:38.000Z</time>
	<pdop>3.00</pdop>
	<extensions>
		<gpxtpx:TrackPointExtension>
			<gpxtpx:course>148.5</gpxtpx:course>
		</gpxtpx:TrackPointExtension>
	</extensions>
</trkpt>
<trkpt lat="46.907916" lon="17.888261">
	<ele>128.93</ele>
	<time>2017-08-10T07:00:48.672Z</time>
	<pdop>4.00</pdop>
	<extensions>
		<gpxtpx:TrackPointExtension>
			<gpxtpx:course>146.3</gpxtpx:course>
		</gpxtpx:TrackPointExtension>
	</extensions>
</trkpt>
<trkpt lat="46.907798" lon="17.888339">
	<ele>130.66</ele>
	<time>2017-08-10T07:00:58.000Z</time>
	<pdop>4.00</pdop>
	<extensions>
		<gpxtpx:TrackPointExtension>
			<gpxtpx:course>159.1</gpxtpx:course>
		</gpxtpx:TrackPointExtension>
	</extensions>
</trkpt>
<trkpt lat="46.907697" lon="17.888420">
	<ele>129.85</ele>
	<time>2017-08-10T07:01:08.000Z</time>
	<pdop>3.00</pdop>
	<extensions>
		<gpxtpx:TrackPointExtension>
			<gpxtpx:course>151.7</gpxtpx:course>
		</gpxtpx:TrackPointExtension>
	</extensions>
</trkpt>
<trkpt lat="46.907600" lon="17.888512">
	<ele>132.83</ele>
	<time>2017-08-10T07:01:18.000Z</time>
	<pdop>3.00</pdop>
	<extensions>
		<gpxtpx:TrackPointExtension>
			<gpxtpx:course>154.3</gpxtpx:course>
		</gpxtpx:TrackPointExtension>
	</extensions>
</trkpt>
<trkpt lat="46.907505" lon="17.888596">
	<ele>137.52</ele>
	<time>2017-08-10T07:01:28.000Z</time>
	<pdop>4.00</pdop>
	<extensions>
		<gpxtpx:TrackPointExtension>
			<gpxtpx:course>159.7</gpxtpx:course>
		</gpxtpx:TrackPointExtension>
	</extensions>
</trkpt>
<trkpt lat="46.907527" lon="17.888585">
	<ele>134.85</ele>
	<time>2017-08-10T07:01:38.000Z</time>
	<pdop>3.00</pdop>
	<extensions>
		<gpxtpx:TrackPointExtension>
			<gpxtpx:course>335.6</gpxtpx:course>
		</gpxtpx:TrackPointExtension>
	</extensions>
</trkpt>
<trkpt lat="46.907541" lon="17.888571">
	<ele>135.80</ele>
	<time>2017-08-10T07:01:47.369Z</time>
	<pdop>3.00</pdop>
	<extensions>
		<gpxtpx:TrackPointExtension>
			<gpxtpx:course>208.7</gpxtpx:course>
		</gpxtpx:TrackPointExtension>
	</extensions>
</trkpt>
<trkpt lat="46.907424" lon="17.888566">
	<ele>134.85</ele>
	<time>2017-08-10T07:01:57.000Z</time>
	<pdop>3.00</pdop>
	<extensions>
		<gpxtpx:TrackPointExtension>
			<gpxtpx:course>197.6</gpxtpx:course>
		</gpxtpx:TrackPointExtension>
	</extensions>
</trkpt>
<trkpt lat="46.907338" lon="17.888485">
	<ele>135.66</ele>
	<time>2017-08-10T07:02:07.000Z</time>
	<pdop>4.00</pdop>
	<extensions>
		<gpxtpx:TrackPointExtension>
			<gpxtpx:course>207.5</gpxtpx:course>
		</gpxtpx:TrackPointExtension>
	</extensions>
</trkpt>
<trkpt lat="46.907265" lon="17.888412">
	<ele>135.85</ele>
	<time>2017-08-10T07:02:17.941Z</time>
	<pdop>4.00</pdop>
	<extensions>
		<gpxtpx:TrackPointExtension>
			<gpxtpx:course>225.9</gpxtpx:course>
		</gpxtpx:TrackPointExtension>
	</extensions>
</trkpt>
<trkpt lat="46.907186" lon="17.888340">
	<ele>135.85</ele>
	<time>2017-08-10T07:02:27.000Z</time>
	<pdop>4.00</pdop>
	<extensions>
		<gpxtpx:TrackPointExtension>
			<gpxtpx:course>199.8</gpxtpx:course>
		</gpxtpx:TrackPointExtension>
	</extensions>
</trkpt>
<trkpt lat="46.907111" lon="17.888276">
	<ele>133.85</ele>
	<time>2017-08-10T07:02:37.000Z</time>
	<pdop>4.00</pdop>
	<extensions>
		<gpxtpx:TrackPointExtension>
			<gpxtpx:course>242.2</gpxtpx:course>
		</gpxtpx:TrackPointExtension>
	</extensions>
</trkpt>
<trkpt lat="46.907122" lon="17.888261">
	<ele>135.85</ele>
	<time>2017-08-10T07:02:47.000Z</time>
	<pdop>4.00</pdop>
	<extensions>
		<gpxtpx:TrackPointExtension>
			<gpxtpx:course>9.7</gpxtpx:course>
		</gpxtpx:TrackPointExtension>
	</extensions>
</trkpt>
<trkpt lat="46.907027" lon="17.888156">
	<ele>134.10</ele>
	<time>2017-08-10T07:02:58.000Z</time>
	<pdop>4.00</pdop>
	<extensions>
		<gpxtpx:TrackPointExtension>
			<gpxtpx:course>210.1</gpxtpx:course>
		</gpxtpx:TrackPointExtension>
	</extensions>
</trkpt>
<trkpt lat="46.906951" lon="17.888082">
	<ele>135.60</ele>
	<time>2017-08-10T07:03:08.000Z</time>
	<pdop>3.00</pdop>
	<extensions>
		<gpxtpx:TrackPointExtension>
			<gpxtpx:course>227.7</gpxtpx:course>
		</gpxtpx:TrackPointExtension>
	</extensions>
</trkpt>
<trkpt lat="46.906869" lon="17.888020">
	<ele>136.79</ele>
	<time>2017-08-10T07:03:18.000Z</time>
	<pdop>4.00</pdop>
	<extensions>
		<gpxtpx:TrackPointExtension>
			<gpxtpx:course>190.7</gpxtpx:course>
		</gpxtpx:TrackPointExtension>
	</extensions>
</trkpt>
<trkpt lat="46.906810" lon="17.887965">
	<ele>134.87</ele>
	<time>2017-08-10T07:03:28.000Z</time>
	<pdop>3.00</pdop>
	<extensions>
		<gpxtpx:TrackPointExtension>
			<gpxtpx:course>207.9</gpxtpx:course>
		</gpxtpx:TrackPointExtension>
	</extensions>
</trkpt>
<trkpt lat="46.906743" lon="17.887882">
	<ele>134.89</ele>
	<time>2017-08-10T07:03:38.000Z</time>
	<pdop>4.00</pdop>
	<extensions>
		<gpxtpx:TrackPointExtension>
			<gpxtpx:course>222.9</gpxtpx:course>
		</gpxtpx:TrackPointExtension>
	</extensions>
</trkpt>
<trkpt lat="46.906740" lon="17.887853">
	<ele>133.91</ele>
	<time>2017-08-10T07:03:48.000Z</time>
	<pdop>3.00</pdop>
	<extensions>
		<gpxtpx:TrackPointExtension>
			<gpxtpx:course>252.3</gpxtpx:course>
		</gpxtpx:TrackPointExtension>
	</extensions>
</trkpt>
<trkpt lat="46.906713" lon="17.887838">
	<ele>131.86</ele>
	<time>2017-08-10T07:03:58.000Z</time>
	<pdop>4.00</pdop>
	<extensions>
		<gpxtpx:TrackPointExtension>
			<gpxtpx:course>252.3</gpxtpx:course>
		</gpxtpx:TrackPointExtension>
	</extensions>
</trkpt>
<trkpt lat="46.906697" lon="17.887872">
	<ele>132.85</ele>
	<time>2017-08-10T07:04:07.423Z</time>
	<pdop>4.00</pdop>
	<extensions>
		<gpxtpx:TrackPointExtension>
			<gpxtpx:course>128.6</gpxtpx:course>
		</gpxtpx:TrackPointExtension>
	</extensions>
</trkpt>
<trkpt lat="46.906672" lon="17.887922">
	<ele>133.85</ele>
	<time>2017-08-10T07:04:17.000Z</time>
	<pdop>3.00</pdop>
	<extensions>
		<gpxtpx:TrackPointExtension>
			<gpxtpx:course>138.8</gpxtpx:course>
		</gpxtpx:TrackPointExtension>
	</extensions>
</trkpt>
<trkpt lat="46.906675" lon="17.887903">
	<ele>134.04</ele>
	<time>2017-08-10T07:04:29.000Z</time>
	<pdop>4.00</pdop>
	<extensions>
		<gpxtpx:TrackPointExtension>
			<gpxtpx:course>138.8</gpxtpx:course>
		</gpxtpx:TrackPointExtension>
	</extensions>
</trkpt>
<trkpt lat="46.906689" lon="17.887883">
	<ele>135.05</ele>
	<time>2017-08-10T07:04:39.000Z</time>
	<pdop>4.00</pdop>
	<extensions>
		<gpxtpx:TrackPointExtension>
			<gpxtpx:course>138.8</gpxtpx:course>
		</gpxtpx:TrackPointExtension>
	</extensions>
</trkpt>
<trkpt lat="46.906689" lon="17.887861">
	<ele>133.16</ele>
	<time>2017-08-10T07:04:49.000Z</time>
	<pdop>3.00</pdop>
	<extensions>
		<gpxtpx:TrackPointExtension>
			<gpxtpx:course>138.8</gpxtpx:course>
		</gpxtpx:TrackPointExtension>
	</extensions>
</trkpt>
<trkpt lat="46.906646" lon="17.887755">
	<ele>131.85</ele>
	<time>2017-08-10T07:04:59.000Z</time>
	<pdop>4.00</pdop>
	<extensions>
		<gpxtpx:TrackPointExtension>
			<gpxtpx:course>236.6</gpxtpx:course>
		</gpxtpx:TrackPointExtension>
	</extensions>
</trkpt>
<trkpt lat="46.906573" lon="17.887633">
	<ele>132.85</ele>
	<time>2017-08-10T07:05:09.000Z</time>
	<pdop>4.00</pdop>
	<extensions>
		<gpxtpx:TrackPointExtension>
			<gpxtpx:course>234.1</gpxtpx:course>
		</gpxtpx:TrackPointExtension>
	</extensions>
</trkpt>
<trkpt lat="46.906505" lon="17.887526">
	<ele>135.56</ele>
	<time>2017-08-10T07:05:19.000Z</time>
	<pdop>3.00</pdop>
	<extensions>
		<gpxtpx:TrackPointExtension>
			<gpxtpx:course>226.6</gpxtpx:course>
		</gpxtpx:TrackPointExtension>
	</extensions>
</trkpt>
<trkpt lat="46.906437" lon="17.887441">
	<ele>135.71</ele>
	<time>2017-08-10T07:05:29.000Z</time>
	<pdop>4.00</pdop>
	<extensions>
		<gpxtpx:TrackPointExtension>
			<gpxtpx:course>237.1</gpxtpx:course>
		</gpxtpx:TrackPointExtension>
	</extensions>
</trkpt>
<trkpt lat="46.906390" lon="17.887326">
	<ele>137.61</ele>
	<time>2017-08-10T07:05:39.000Z</time>
	<pdop>4.00</pdop>
	<extensions>
		<gpxtpx:TrackPointExtension>
			<gpxtpx:course>233.7</gpxtpx:course>
		</gpxtpx:TrackPointExtension>
	</extensions>
</trkpt>
<trkpt lat="46.906326" lon="17.887239">
	<ele>138.85</ele>
	<time>2017-08-10T07:05:49.000Z</time>
	<pdop>4.00</pdop>
	<extensions>
		<gpxtpx:TrackPointExtension>
			<gpxtpx:course>217.9</gpxtpx:course>
		</gpxtpx:TrackPointExtension>
	</extensions>
</trkpt>
<trkpt lat="46.906281" lon="17.887187">
	<ele>137.80</ele>
	<time>2017-08-10T07:05:59.000Z</time>
	<pdop>4.00</pdop>
	<extensions>
		<gpxtpx:TrackPointExtension>
			<gpxtpx:course>215.1</gpxtpx:course>
		</gpxtpx:TrackPointExtension>
	</extensions>
</trkpt>
<trkpt lat="46.906207" lon="17.887135">
	<ele>135.85</ele>
	<time>2017-08-10T07:06:09.000Z</time>
	<pdop>4.00</pdop>
	<extensions>
		<gpxtpx:TrackPointExtension>
			<gpxtpx:course>240.0</gpxtpx:course>
		</gpxtpx:TrackPointExtension>
	</extensions>
</trkpt>
<trkpt lat="46.906153" lon="17.887065">
	<ele>135.80</ele>
	<time>2017-08-10T07:06:19.000Z</time>
	<pdop>4.00</pdop>
	<extensions>
		<gpxtpx:TrackPointExtension>
			<gpxtpx:course>225.4</gpxtpx:course>
		</gpxtpx:TrackPointExtension>
	</extensions>
</trkpt>
<trkpt lat="46.906107" lon="17.886947">
	<ele>136.85</ele>
	<time>2017-08-10T07:06:29.000Z</time>
	<pdop>4.00</pdop>
	<extensions>
		<gpxtpx:TrackPointExtension>
			<gpxtpx:course>241.4</gpxtpx:course>
		</gpxtpx:TrackPointExtension>
	</extensions>
</trkpt>
<trkpt lat="46.906063" lon="17.886837">
	<ele>137.91</ele>
	<time>2017-08-10T07:06:39.000Z</time>
	<pdop>9.00</pdop>
	<extensions>
		<gpxtpx:TrackPointExtension>
			<gpxtpx:course>235.0</gpxtpx:course>
		</gpxtpx:TrackPointExtension>
	</extensions>
</trkpt>
<trkpt lat="46.906033" lon="17.886726">
	<ele>140.35</ele>
	<time>2017-08-10T07:06:48.655Z</time>
	<pdop>9.00</pdop>
	<extensions>
		<gpxtpx:TrackPointExtension>
			<gpxtpx:course>249.4</gpxtpx:course>
		</gpxtpx:TrackPointExtension>
	</extensions>
</trkpt>
<trkpt lat="46.905976" lon="17.886610">
	<ele>139.87</ele>
	<time>2017-08-10T07:06:58.000Z</time>
	<pdop>9.00</pdop>
	<extensions>
		<gpxtpx:TrackPointExtension>
			<gpxtpx:course>224.9</gpxtpx:course>
		</gpxtpx:TrackPointExtension>
	</extensions>
</trkpt>
<trkpt lat="46.905925" lon="17.886487">
	<ele>139.04</ele>
	<time>2017-08-10T07:07:08.000Z</time>
	<pdop>3.00</pdop>
	<extensions>
		<gpxtpx:TrackPointExtension>
			<gpxtpx:course>232.4</gpxtpx:course>
		</gpxtpx:TrackPointExtension>
	</extensions>
</trkpt>
<trkpt lat="46.905881" lon="17.886362">
	<ele>138.66</ele>
	<time>2017-08-10T07:07:18.000Z</time>
	<pdop>4.00</pdop>
	<extensions>
		<gpxtpx:TrackPointExtension>
			<gpxtpx:course>231.2</gpxtpx:course>
		</gpxtpx:TrackPointExtension>
	</extensions>
</trkpt>
<trkpt lat="46.905838" lon="17.886256">
	<ele>137.66</ele>
	<time>2017-08-10T07:07:28.000Z</time>
	<pdop>4.00</pdop>
	<extensions>
		<gpxtpx:TrackPointExtension>
			<gpxtpx:course>235.5</gpxtpx:course>
		</gpxtpx:TrackPointExtension>
	</extensions>
</trkpt>
<trkpt lat="46.905834" lon="17.886242">
	<ele>136.78</ele>
	<time>2017-08-10T07:07:38.000Z</time>
	<pdop>3.00</pdop>
	<extensions>
		<gpxtpx:TrackPointExtension>
			<gpxtpx:course>223.3</gpxtpx:course>
		</gpxtpx:TrackPointExtension>
	</extensions>
</trkpt>
<trkpt lat="46.905791" lon="17.886178">
	<ele>135.80</ele>
	<time>2017-08-10T07:07:48.242Z</time>
	<pdop>4.00</pdop>
	<extensions>
		<gpxtpx:TrackPointExtension>
			<gpxtpx:course>234.7</gpxtpx:course>
		</gpxtpx:TrackPointExtension>
	</extensions>
</trkpt>
<trkpt lat="46.905736" lon="17.886033">
	<ele>135.92</ele>
	<time>2017-08-10T07:07:58.000Z</time>
	<pdop>3.00</pdop>
	<extensions>
		<gpxtpx:TrackPointExtension>
			<gpxtpx:course>241.7</gpxtpx:course>
		</gpxtpx:TrackPointExtension>
	</extensions>
</trkpt>
<trkpt lat="46.905690" lon="17.885928">
	<ele>134.60</ele>
	<time>2017-08-10T07:08:08.000Z</time>
	<pdop>3.00</pdop>
	<extensions>
		<gpxtpx:TrackPointExtension>
			<gpxtpx:course>232.9</gpxtpx:course>
		</gpxtpx:TrackPointExtension>
	</extensions>
</trkpt>
<trkpt lat="46.905636" lon="17.885814">
	<ele>133.87</ele>
	<time>2017-08-10T07:08:18.000Z</time>
	<pdop>4.00</pdop>
	<extensions>
		<gpxtpx:TrackPointExtension>
			<gpxtpx:course>220.9</gpxtpx:course>
		</gpxtpx:TrackPointExtension>
	</extensions>
</trkpt>
<trkpt lat="46.905580" lon="17.885700">
	<ele>131.90</ele>
	<time>2017-08-10T07:08:30.000Z</time>
	<pdop>3.00</pdop>
	<extensions>
		<gpxtpx:TrackPointExtension>
			<gpxtpx:course>233.4</gpxtpx:course>
		</gpxtpx:TrackPointExtension>
	</extensions>
</trkpt>
<trkpt lat="46.905600" lon="17.885709">
	<ele>133.83</ele>
	<time>2017-08-10T07:08:40.000Z</time>
	<pdop>3.00</pdop>
	<extensions>
		<gpxtpx:TrackPointExtension>
			<gpxtpx:course>246.7</gpxtpx:course>
		</gpxtpx:TrackPointExtension>
	</extensions>
</trkpt>
<trkpt lat="46.905610" lon="17.885696">
	<ele>134.60</ele>
	<time>2017-08-10T07:08:50.000Z</time>
	<pdop>4.00</pdop>
	<extensions>
		<gpxtpx:TrackPointExtension>
			<gpxtpx:course>246.7</gpxtpx:course>
		</gpxtpx:TrackPointExtension>
	</extensions>
</trkpt>
<trkpt lat="46.905602" lon="17.885704">
	<ele>136.10</ele>
	<time>2017-08-10T07:09:27.589Z</time>
	<pdop>3.00</pdop>
	<extensions>
		<gpxtpx:TrackPointExtension>
			<gpxtpx:course>246.7</gpxtpx:course>
		</gpxtpx:TrackPointExtension>
	</extensions>
</trkpt>
<trkpt lat="46.905594" lon="17.885700">
	<ele>134.10</ele>
	<time>2017-08-10T07:09:38.000Z</time>
	<pdop>3.00</pdop>
	<extensions>
		<gpxtpx:TrackPointExtension>
			<gpxtpx:course>246.7</gpxtpx:course>
		</gpxtpx:TrackPointExtension>
	</extensions>
</trkpt>
<trkpt lat="46.905603" lon="17.885705">
	<ele>136.35</ele>
	<time>2017-08-10T07:09:56.000Z</time>
	<pdop>3.00</pdop>
	<extensions>
		<gpxtpx:TrackPointExtension>
			<gpxtpx:course>246.7</gpxtpx:course>
		</gpxtpx:TrackPointExtension>
	</extensions>
</trkpt>
<trkpt lat="46.905611" lon="17.885714">
	<ele>137.85</ele>
	<time>2017-08-10T07:10:06.000Z</time>
	<pdop>3.00</pdop>
	<extensions>
		<gpxtpx:TrackPointExtension>
			<gpxtpx:course>246.7</gpxtpx:course>
		</gpxtpx:TrackPointExtension>
	</extensions>
</trkpt>
<trkpt lat="46.905593" lon="17.885695">
	<ele>136.85</ele>
	<time>2017-08-10T07:10:16.000Z</time>
	<pdop>3.00</pdop>
	<extensions>
		<gpxtpx:TrackPointExtension>
			<gpxtpx:course>246.7</gpxtpx:course>
		</gpxtpx:TrackPointExtension>
	</extensions>
</trkpt>
<trkpt lat="46.905588" lon="17.885681">
	<ele>136.85</ele>
	<time>2017-08-10T07:10:27.000Z</time>
	<pdop>4.00</pdop>
	<extensions>
		<gpxtpx:TrackPointExtension>
			<gpxtpx:course>246.7</gpxtpx:course>
		</gpxtpx:TrackPointExtension>
	</extensions>
</trkpt>
<trkpt lat="46.905539" lon="17.885541">
	<ele>135.36</ele>
	<time>2017-08-10T07:10:38.000Z</time>
	<pdop>3.00</pdop>
	<extensions>
		<gpxtpx:TrackPointExtension>
			<gpxtpx:course>246.0</gpxtpx:course>
		</gpxtpx:TrackPointExtension>
	</extensions>
</trkpt>
<trkpt lat="46.905521" lon="17.885472">
	<ele>135.84</ele>
	<time>2017-08-10T07:10:48.000Z</time>
	<pdop>4.00</pdop>
	<extensions>
		<gpxtpx:TrackPointExtension>
			<gpxtpx:course>242.6</gpxtpx:course>
		</gpxtpx:TrackPointExtension>
	</extensions>
</trkpt>
<trkpt lat="46.905480" lon="17.885393">
	<ele>134.79</ele>
	<time>2017-08-10T07:10:57.218Z</time>
	<pdop>4.00</pdop>
	<extensions>
		<gpxtpx:TrackPointExtension>
			<gpxtpx:course>241.2</gpxtpx:course>
		</gpxtpx:TrackPointExtension>
	</extensions>
</trkpt>
<trkpt lat="46.905455" lon="17.885295">
	<ele>134.85</ele>
	<time>2017-08-10T07:11:07.000Z</time>
	<pdop>4.00</pdop>
	<extensions>
		<gpxtpx:TrackPointExtension>
			<gpxtpx:course>237.1</gpxtpx:course>
		</gpxtpx:TrackPointExtension>
	</extensions>
</trkpt>
<trkpt lat="46.905416" lon="17.885163">
	<ele>135.10</ele>
	<time>2017-08-10T07:11:17.000Z</time>
	<pdop>3.00</pdop>
	<extensions>
		<gpxtpx:TrackPointExtension>
			<gpxtpx:course>248.0</gpxtpx:course>
		</gpxtpx:TrackPointExtension>
	</extensions>
</trkpt>
<trkpt lat="46.905388" lon="17.885028">
	<ele>134.80</ele>
	<time>2017-08-10T07:11:27.000Z</time>
	<pdop>3.00</pdop>
	<extensions>
		<gpxtpx:TrackPointExtension>
			<gpxtpx:course>255.9</gpxtpx:course>
		</gpxtpx:TrackPointExtension>
	</extensions>
</trkpt>
<trkpt lat="46.905420" lon="17.885051">
	<ele>137.83</ele>
	<time>2017-08-10T07:11:37.000Z</time>
	<pdop>4.00</pdop>
	<extensions>
		<gpxtpx:TrackPointExtension>
			<gpxtpx:course>50.4</gpxtpx:course>
		</gpxtpx:TrackPointExtension>
	</extensions>
</trkpt>
<trkpt lat="46.905376" lon="17.884985">
	<ele>138.90</ele>
	<time>2017-08-10T07:11:47.000Z</time>
	<pdop>4.00</pdop>
	<extensions>
		<gpxtpx:TrackPointExtension>
			<gpxtpx:course>226.4</gpxtpx:course>
		</gpxtpx:TrackPointExtension>
	</extensions>
</trkpt>
<trkpt lat="46.905336" lon="17.884846">
	<ele>137.79</ele>
	<time>2017-08-10T07:11:57.000Z</time>
	<pdop>4.00</pdop>
	<extensions>
		<gpxtpx:TrackPointExtension>
			<gpxtpx:course>259.4</gpxtpx:course>
		</gpxtpx:TrackPointExtension>
	</extensions>
</trkpt>
<trkpt lat="46.905290" lon="17.884717">
	<ele>136.68</ele>
	<time>2017-08-10T07:12:07.000Z</time>
	<pdop>4.00</pdop>
	<extensions>
		<gpxtpx:TrackPointExtension>
			<gpxtpx:course>246.6</gpxtpx:course>
		</gpxtpx:TrackPointExtension>
	</extensions>
</trkpt>
<trkpt lat="46.905268" lon="17.884585">
	<ele>136.85</ele>
	<time>2017-08-10T07:12:19.168Z</time>
	<pdop>3.00</pdop>
	<extensions>
		<gpxtpx:TrackPointExtension>
			<gpxtpx:course>257.4</gpxtpx:course>
		</gpxtpx:TrackPointExtension>
	</extensions>
</trkpt>
<trkpt lat="46.905256" lon="17.884548">
	<ele>136.85</ele>
	<time>2017-08-10T07:12:29.000Z</time>
	<pdop>3.00</pdop>
	<extensions>
		<gpxtpx:TrackPointExtension>
			<gpxtpx:course>263.0</gpxtpx:course>
		</gpxtpx:TrackPointExtension>
	</extensions>
</trkpt>
<trkpt lat="46.905221" lon="17.884442">
	<ele>135.85</ele>
	<time>2017-08-10T07:12:39.000Z</time>
	<pdop>4.00</pdop>
	<extensions>
		<gpxtpx:TrackPointExtension>
			<gpxtpx:course>241.1</gpxtpx:course>
		</gpxtpx:TrackPointExtension>
	</extensions>
</trkpt>
<trkpt lat="46.905182" lon="17.884282">
	<ele>136.66</ele>
	<time>2017-08-10T07:12:49.000Z</time>
	<pdop>4.00</pdop>
	<extensions>
		<gpxtpx:TrackPointExtension>
			<gpxtpx:course>245.9</gpxtpx:course>
		</gpxtpx:TrackPointExtension>
	</extensions>
</trkpt>
<trkpt lat="46.905149" lon="17.884221">
	<ele>135.66</ele>
	<time>2017-08-10T07:12:59.213Z</time>
	<pdop>3.00</pdop>
	<extensions>
		<gpxtpx:TrackPointExtension>
			<gpxtpx:course>241.8</gpxtpx:course>
		</gpxtpx:TrackPointExtension>
	</extensions>
</trkpt>
<trkpt lat="46.905105" lon="17.884096">
	<ele>134.66</ele>
	<time>2017-08-10T07:13:09.000Z</time>
	<pdop>3.00</pdop>
	<extensions>
		<gpxtpx:TrackPointExtension>
			<gpxtpx:course>241.7</gpxtpx:course>
		</gpxtpx:TrackPointExtension>
	</extensions>
</trkpt>
<trkpt lat="46.905075" lon="17.883997">
	<ele>138.46</ele>
	<time>2017-08-10T07:13:19.000Z</time>
	<pdop>4.00</pdop>
	<extensions>
		<gpxtpx:TrackPointExtension>
			<gpxtpx:course>239.6</gpxtpx:course>
		</gpxtpx:TrackPointExtension>
	</extensions>
</trkpt>
<trkpt lat="46.905034" lon="17.883898">
	<ele>136.98</ele>
	<time>2017-08-10T07:13:28.041Z</time>
	<pdop>4.00</pdop>
	<extensions>
		<gpxtpx:TrackPointExtension>
			<gpxtpx:course>241.6</gpxtpx:course>
		</gpxtpx:TrackPointExtension>
	</extensions>
</trkpt>
<trkpt lat="46.904978" lon="17.883888">
	<ele>136.66</ele>
	<time>2017-08-10T07:13:38.000Z</time>
	<pdop>4.00</pdop>
	<extensions>
		<gpxtpx:TrackPointExtension>
			<gpxtpx:course>192.8</gpxtpx:course>
		</gpxtpx:TrackPointExtension>
	</extensions>
</trkpt>
<trkpt lat="46.904987" lon="17.883875">
	<ele>137.85</ele>
	<time>2017-08-10T07:13:49.202Z</time>
	<pdop>4.00</pdop>
	<extensions>
		<gpxtpx:TrackPointExtension>
			<gpxtpx:course>192.8</gpxtpx:course>
		</gpxtpx:TrackPointExtension>
	</extensions>
</trkpt>
<trkpt lat="46.904980" lon="17.883852">
	<ele>138.60</ele>
	<time>2017-08-10T07:13:59.000Z</time>
	<pdop>4.00</pdop>
	<extensions>
		<gpxtpx:TrackPointExtension>
			<gpxtpx:course>192.8</gpxtpx:course>
		</gpxtpx:TrackPointExtension>
	</extensions>
</trkpt>
<trkpt lat="46.904968" lon="17.883844">
	<ele>139.85</ele>
	<time>2017-08-10T07:14:32.000Z</time>
	<pdop>4.00</pdop>
	<extensions>
		<gpxtpx:TrackPointExtension>
			<gpxtpx:course>192.8</gpxtpx:course>
		</gpxtpx:TrackPointExtension>
	</extensions>
</trkpt>
<trkpt lat="46.904899" lon="17.883806">
	<ele>139.10</ele>
	<time>2017-08-10T07:14:42.000Z</time>
	<pdop>4.00</pdop>
	<extensions>
		<gpxtpx:TrackPointExtension>
			<gpxtpx:course>192.8</gpxtpx:course>
		</gpxtpx:TrackPointExtension>
	</extensions>
</trkpt>
<trkpt lat="46.904876" lon="17.883777">
	<ele>138.83</ele>
	<time>2017-08-10T07:14:52.000Z</time>
	<pdop>5.00</pdop>
	<extensions>
		<gpxtpx:TrackPointExtension>
			<gpxtpx:course>192.8</gpxtpx:course>
		</gpxtpx:TrackPointExtension>
	</extensions>
</trkpt>
<trkpt lat="46.904844" lon="17.883815">
	<ele>138.96</ele>
	<time>2017-08-10T07:15:02.000Z</time>
	<pdop>11.00</pdop>
	<extensions>
		<gpxtpx:TrackPointExtension>
			<gpxtpx:course>192.8</gpxtpx:course>
		</gpxtpx:TrackPointExtension>
	</extensions>
</trkpt>
<trkpt lat="46.904854" lon="17.883782">
	<ele>134.87</ele>
	<time>2017-08-10T07:15:12.000Z</time>
	<pdop>9.00</pdop>
	<extensions>
		<gpxtpx:TrackPointExtension>
			<gpxtpx:course>192.8</gpxtpx:course>
		</gpxtpx:TrackPointExtension>
	</extensions>
</trkpt>
<trkpt lat="46.904850" lon="17.883769">
	<ele>134.10</ele>
	<time>2017-08-10T07:15:26.000Z</time>
	<pdop>10.00</pdop>
	<extensions>
		<gpxtpx:TrackPointExtension>
			<gpxtpx:course>192.8</gpxtpx:course>
		</gpxtpx:TrackPointExtension>
	</extensions>
</trkpt>
<trkpt lat="46.904839" lon="17.883746">
	<ele>132.72</ele>
	<time>2017-08-10T07:15:36.256Z</time>
	<pdop>10.00</pdop>
	<extensions>
		<gpxtpx:TrackPointExtension>
			<gpxtpx:course>192.8</gpxtpx:course>
		</gpxtpx:TrackPointExtension>
	</extensions>
</trkpt>
<trkpt lat="46.904841" lon="17.883694">
	<ele>138.82</ele>
	<time>2017-08-10T07:15:46.000Z</time>
	<pdop>4.00</pdop>
	<extensions>
		<gpxtpx:TrackPointExtension>
			<gpxtpx:course>192.8</gpxtpx:course>
		</gpxtpx:TrackPointExtension>
	</extensions>
</trkpt>
<trkpt lat="46.904817" lon="17.883648">
	<ele>138.80</ele>
	<time>2017-08-10T07:15:59.184Z</time>
	<pdop>4.00</pdop>
	<extensions>
		<gpxtpx:TrackPointExtension>
			<gpxtpx:course>192.8</gpxtpx:course>
		</gpxtpx:TrackPointExtension>
	</extensions>
</trkpt>
<trkpt lat="46.904792" lon="17.883559">
	<ele>141.83</ele>
	<time>2017-08-10T07:16:09.000Z</time>
	<pdop>4.00</pdop>
	<extensions>
		<gpxtpx:TrackPointExtension>
			<gpxtpx:course>192.8</gpxtpx:course>
		</gpxtpx:TrackPointExtension>
	</extensions>
</trkpt>
<trkpt lat="46.904765" lon="17.883467">
	<ele>144.52</ele>
	<time>2017-08-10T07:16:21.241Z</time>
	<pdop>4.00</pdop>
	<extensions>
		<gpxtpx:TrackPointExtension>
			<gpxtpx:course>192.8</gpxtpx:course>
		</gpxtpx:TrackPointExtension>
	</extensions>
</trkpt>
<trkpt lat="46.904761" lon="17.883426">
	<ele>142.60</ele>
	<time>2017-08-10T07:16:31.000Z</time>
	<pdop>3.00</pdop>
	<extensions>
		<gpxtpx:TrackPointExtension>
			<gpxtpx:course>192.8</gpxtpx:course>
		</gpxtpx:TrackPointExtension>
	</extensions>
</trkpt>
<trkpt lat="46.904713" lon="17.883359">
	<ele>142.66</ele>
	<time>2017-08-10T07:16:42.000Z</time>
	<pdop>4.00</pdop>
	<extensions>
		<gpxtpx:TrackPointExtension>
			<gpxtpx:course>192.8</gpxtpx:course>
		</gpxtpx:TrackPointExtension>
	</extensions>
</trkpt>
<trkpt lat="46.904662" lon="17.883283">
	<ele>143.86</ele>
	<time>2017-08-10T07:16:52.000Z</time>
	<pdop>4.00</pdop>
	<extensions>
		<gpxtpx:TrackPointExtension>
			<gpxtpx:course>192.8</gpxtpx:course>
		</gpxtpx:TrackPointExtension>
	</extensions>
</trkpt>
<trkpt lat="46.904635" lon="17.883247">
	<ele>146.61</ele>
	<time>2017-08-10T07:17:02.000Z</time>
	<pdop>4.00</pdop>
	<extensions>
		<gpxtpx:TrackPointExtension>
			<gpxtpx:course>192.8</gpxtpx:course>
		</gpxtpx:TrackPointExtension>
	</extensions>
</trkpt>
<trkpt lat="46.904600" lon="17.883189">
	<ele>148.60</ele>
	<time>2017-08-10T07:17:12.000Z</time>
	<pdop>7.00</pdop>
	<extensions>
		<gpxtpx:TrackPointExtension>
			<gpxtpx:course>192.8</gpxtpx:course>
		</gpxtpx:TrackPointExtension>
	</extensions>
</trkpt>
<trkpt lat="46.904556" lon="17.883109">
	<ele>147.91</ele>
	<time>2017-08-10T07:17:23.148Z</time>
	<pdop>4.00</pdop>
	<extensions>
		<gpxtpx:TrackPointExtension>
			<gpxtpx:course>192.8</gpxtpx:course>
		</gpxtpx:TrackPointExtension>
	</extensions>
</trkpt>
<trkpt lat="46.904513" lon="17.883057">
	<ele>146.86</ele>
	<time>2017-08-10T07:17:33.000Z</time>
	<pdop>4.00</pdop>
	<extensions>
		<gpxtpx:TrackPointExtension>
			<gpxtpx:course>192.8</gpxtpx:course>
		</gpxtpx:TrackPointExtension>
	</extensions>
</trkpt>
<trkpt lat="46.904480" lon="17.883025">
	<ele>147.68</ele>
	<time>2017-08-10T07:17:43.000Z</time>
	<pdop>4.00</pdop>
	<extensions>
		<gpxtpx:TrackPointExtension>
			<gpxtpx:course>192.8</gpxtpx:course>
		</gpxtpx:TrackPointExtension>
	</extensions>
</trkpt>
<trkpt lat="46.904411" lon="17.883000">
	<ele>151.13</ele>
	<time>2017-08-10T07:17:53.000Z</time>
	<pdop>10.00</pdop>
	<extensions>
		<gpxtpx:TrackPointExtension>
			<gpxtpx:course>192.8</gpxtpx:course>
		</gpxtpx:TrackPointExtension>
	</extensions>
</trkpt>
<trkpt lat="46.904411" lon="17.882965">
	<ele>145.50</ele>
	<time>2017-08-10T07:18:03.000Z</time>
	<pdop>10.00</pdop>
	<extensions>
		<gpxtpx:TrackPointExtension>
			<gpxtpx:course>192.8</gpxtpx:course>
		</gpxtpx:TrackPointExtension>
	</extensions>
</trkpt>
<trkpt lat="46.904336" lon="17.882923">
	<ele>153.03</ele>
	<time>2017-08-10T07:18:13.000Z</time>
	<pdop>9.00</pdop>
	<extensions>
		<gpxtpx:TrackPointExtension>
			<gpxtpx:course>192.8</gpxtpx:course>
		</gpxtpx:TrackPointExtension>
	</extensions>
</trkpt>
<trkpt lat="46.904279" lon="17.882865">
	<ele>150.03</ele>
	<time>2017-08-10T07:18:23.000Z</time>
	<pdop>10.00</pdop>
	<extensions>
		<gpxtpx:TrackPointExtension>
			<gpxtpx:course>192.8</gpxtpx:course>
		</gpxtpx:TrackPointExtension>
	</extensions>
</trkpt>
<trkpt lat="46.904302" lon="17.882871">
	<ele>153.54</ele>
	<time>2017-08-10T07:18:33.000Z</time>
	<pdop>10.00</pdop>
	<extensions>
		<gpxtpx:TrackPointExtension>
			<gpxtpx:course>192.8</gpxtpx:course>
		</gpxtpx:TrackPointExtension>
	</extensions>
</trkpt>
<trkpt lat="46.904241" lon="17.882851">
	<ele>151.59</ele>
	<time>2017-08-10T07:18:43.000Z</time>
	<pdop>9.00</pdop>
	<extensions>
		<gpxtpx:TrackPointExtension>
			<gpxtpx:course>192.8</gpxtpx:course>
		</gpxtpx:TrackPointExtension>
	</extensions>
</trkpt>
<trkpt lat="46.904193" lon="17.882821">
	<ele>149.97</ele>
	<time>2017-08-10T07:18:53.000Z</time>
	<pdop>9.00</pdop>
	<extensions>
		<gpxtpx:TrackPointExtension>
			<gpxtpx:course>192.8</gpxtpx:course>
		</gpxtpx:TrackPointExtension>
	</extensions>
</trkpt>
<trkpt lat="46.904124" lon="17.882806">
	<ele>149.55</ele>
	<time>2017-08-10T07:19:03.000Z</time>
	<pdop>9.00</pdop>
	<extensions>
		<gpxtpx:TrackPointExtension>
			<gpxtpx:course>192.8</gpxtpx:course>
		</gpxtpx:TrackPointExtension>
	</extensions>
</trkpt>
<trkpt lat="46.904076" lon="17.882809">
	<ele>148.85</ele>
	<time>2017-08-10T07:19:13.000Z</time>
	<pdop>4.00</pdop>
	<extensions>
		<gpxtpx:TrackPointExtension>
			<gpxtpx:course>192.8</gpxtpx:course>
		</gpxtpx:TrackPointExtension>
	</extensions>
</trkpt>
<trkpt lat="46.904055" lon="17.882810">
	<ele>150.60</ele>
	<time>2017-08-10T07:19:23.000Z</time>
	<pdop>3.00</pdop>
	<extensions>
		<gpxtpx:TrackPointExtension>
			<gpxtpx:course>192.8</gpxtpx:course>
		</gpxtpx:TrackPointExtension>
	</extensions>
</trkpt>
<trkpt lat="46.904015" lon="17.882818">
	<ele>150.85</ele>
	<time>2017-08-10T07:19:33.301Z</time>
	<pdop>4.00</pdop>
	<extensions>
		<gpxtpx:TrackPointExtension>
			<gpxtpx:course>192.8</gpxtpx:course>
		</gpxtpx:TrackPointExtension>
	</extensions>
</trkpt>
<trkpt lat="46.903954" lon="17.882797">
	<ele>148.81</ele>
	<time>2017-08-10T07:19:43.695Z</time>
	<pdop>5.00</pdop>
	<extensions>
		<gpxtpx:TrackPointExtension>
			<gpxtpx:course>192.8</gpxtpx:course>
		</gpxtpx:TrackPointExtension>
	</extensions>
</trkpt>
<trkpt lat="46.903883" lon="17.882773">
	<ele>149.85</ele>
	<time>2017-08-10T07:19:53.000Z</time>
	<pdop>4.00</pdop>
	<extensions>
		<gpxtpx:TrackPointExtension>
			<gpxtpx:course>192.8</gpxtpx:course>
		</gpxtpx:TrackPointExtension>
	</extensions>
</trkpt>
<trkpt lat="46.903799" lon="17.882735">
	<ele>152.82</ele>
	<time>2017-08-10T07:20:02.098Z</time>
	<pdop>3.00</pdop>
	<extensions>
		<gpxtpx:TrackPointExtension>
			<gpxtpx:course>192.8</gpxtpx:course>
		</gpxtpx:TrackPointExtension>
	</extensions>
</trkpt>
<trkpt lat="46.903760" lon="17.882727">
	<ele>155.85</ele>
	<time>2017-08-10T07:20:12.000Z</time>
	<pdop>3.00</pdop>
	<extensions>
		<gpxtpx:TrackPointExtension>
			<gpxtpx:course>192.8</gpxtpx:course>
		</gpxtpx:TrackPointExtension>
	</extensions>
</trkpt>
<trkpt lat="46.903721" lon="17.882708">
	<ele>158.93</ele>
	<time>2017-08-10T07:20:23.000Z</time>
	<pdop>3.00</pdop>
	<extensions>
		<gpxtpx:TrackPointExtension>
			<gpxtpx:course>192.8</gpxtpx:course>
		</gpxtpx:TrackPointExtension>
	</extensions>
</trkpt>
<trkpt lat="46.903624" lon="17.882662">
	<ele>159.03</ele>
	<time>2017-08-10T07:20:33.000Z</time>
	<pdop>4.00</pdop>
	<extensions>
		<gpxtpx:TrackPointExtension>
			<gpxtpx:course>192.8</gpxtpx:course>
		</gpxtpx:TrackPointExtension>
	</extensions>
</trkpt>
<trkpt lat="46.903552" lon="17.882616">
	<ele>159.86</ele>
	<time>2017-08-10T07:20:43.000Z</time>
	<pdop>4.00</pdop>
	<extensions>
		<gpxtpx:TrackPointExtension>
			<gpxtpx:course>192.8</gpxtpx:course>
		</gpxtpx:TrackPointExtension>
	</extensions>
</trkpt>
<trkpt lat="46.903509" lon="17.882578">
	<ele>161.85</ele>
	<time>2017-08-10T07:20:53.000Z</time>
	<pdop>3.00</pdop>
	<extensions>
		<gpxtpx:TrackPointExtension>
			<gpxtpx:course>192.8</gpxtpx:course>
		</gpxtpx:TrackPointExtension>
	</extensions>
</trkpt>
<trkpt lat="46.903482" lon="17.882537">
	<ele>160.84</ele>
	<time>2017-08-10T07:21:03.000Z</time>
	<pdop>3.00</pdop>
	<extensions>
		<gpxtpx:TrackPointExtension>
			<gpxtpx:course>192.8</gpxtpx:course>
		</gpxtpx:TrackPointExtension>
	</extensions>
</trkpt>
<trkpt lat="46.903477" lon="17.882502">
	<ele>161.85</ele>
	<time>2017-08-10T07:21:13.240Z</time>
	<pdop>4.00</pdop>
	<extensions>
		<gpxtpx:TrackPointExtension>
			<gpxtpx:course>192.8</gpxtpx:course>
		</gpxtpx:TrackPointExtension>
	</extensions>
</trkpt>
<trkpt lat="46.903452" lon="17.882469">
	<ele>160.85</ele>
	<time>2017-08-10T07:21:23.000Z</time>
	<pdop>4.00</pdop>
	<extensions>
		<gpxtpx:TrackPointExtension>
			<gpxtpx:course>192.8</gpxtpx:course>
		</gpxtpx:TrackPointExtension>
	</extensions>
</trkpt>
<trkpt lat="46.903410" lon="17.882420">
	<ele>162.72</ele>
	<time>2017-08-10T07:21:32.213Z</time>
	<pdop>4.00</pdop>
	<extensions>
		<gpxtpx:TrackPointExtension>
			<gpxtpx:course>192.8</gpxtpx:course>
		</gpxtpx:TrackPointExtension>
	</extensions>
</trkpt>
<trkpt lat="46.903406" lon="17.882359">
	<ele>163.85</ele>
	<time>2017-08-10T07:21:43.000Z</time>
	<pdop>4.00</pdop>
	<extensions>
		<gpxtpx:TrackPointExtension>
			<gpxtpx:course>192.8</gpxtpx:course>
		</gpxtpx:TrackPointExtension>
	</extensions>
</trkpt>
<trkpt lat="46.903383" lon="17.882316">
	<ele>161.86</ele>
	<time>2017-08-10T07:21:53.000Z</time>
	<pdop>4.00</pdop>
	<extensions>
		<gpxtpx:TrackPointExtension>
			<gpxtpx:course>192.8</gpxtpx:course>
		</gpxtpx:TrackPointExtension>
	</extensions>
</trkpt>
<trkpt lat="46.903339" lon="17.882247">
	<ele>161.79</ele>
	<time>2017-08-10T07:22:03.621Z</time>
	<pdop>4.00</pdop>
	<extensions>
		<gpxtpx:TrackPointExtension>
			<gpxtpx:course>222.3</gpxtpx:course>
		</gpxtpx:TrackPointExtension>
	</extensions>
</trkpt>
<trkpt lat="46.903332" lon="17.882214">
	<ele>163.85</ele>
	<time>2017-08-10T07:22:13.000Z</time>
	<pdop>5.00</pdop>
	<extensions>
		<gpxtpx:TrackPointExtension>
			<gpxtpx:course>222.3</gpxtpx:course>
		</gpxtpx:TrackPointExtension>
	</extensions>
</trkpt>
<trkpt lat="46.903306" lon="17.882190">
	<ele>165.54</ele>
	<time>2017-08-10T07:22:23.234Z</time>
	<pdop>5.00</pdop>
	<extensions>
		<gpxtpx:TrackPointExtension>
			<gpxtpx:course>195.1</gpxtpx:course>
		</gpxtpx:TrackPointExtension>
	</extensions>
</trkpt>
<trkpt lat="46.903188" lon="17.882055">
	<ele>165.86</ele>
	<time>2017-08-10T07:22:33.000Z</time>
	<pdop>6.00</pdop>
	<extensions>
		<gpxtpx:TrackPointExtension>
			<gpxtpx:course>208.4</gpxtpx:course>
		</gpxtpx:TrackPointExtension>
	</extensions>
</trkpt>
<trkpt lat="46.903098" lon="17.881942">
	<ele>161.84</ele>
	<time>2017-08-10T07:22:43.000Z</time>
	<pdop>11.00</pdop>
	<extensions>
		<gpxtpx:TrackPointExtension>
			<gpxtpx:course>206.4</gpxtpx:course>
		</gpxtpx:TrackPointExtension>
	</extensions>
</trkpt>
<trkpt lat="46.903076" lon="17.881909">
	<ele>164.61</ele>
	<time>2017-08-10T07:22:53.000Z</time>
	<pdop>10.00</pdop>
	<extensions>
		<gpxtpx:TrackPointExtension>
			<gpxtpx:course>229.1</gpxtpx:course>
		</gpxtpx:TrackPointExtension>
	</extensions>
</trkpt>
<trkpt lat="46.903021" lon="17.881817">
	<ele>162.68</ele>
	<time>2017-08-10T07:23:03.000Z</time>
	<pdop>10.00</pdop>
	<extensions>
		<gpxtpx:TrackPointExtension>
			<gpxtpx:course>219.3</gpxtpx:course>
		</gpxtpx:TrackPointExtension>
	</extensions>
</trkpt>
<trkpt lat="46.902997" lon="17.881802">
	<ele>162.86</ele>
	<time>2017-08-10T07:23:13.717Z</time>
	<pdop>10.00</pdop>
	<extensions>
		<gpxtpx:TrackPointExtension>
			<gpxtpx:course>219.3</gpxtpx:course>
		</gpxtpx:TrackPointExtension>
	</extensions>
</trkpt>
<trkpt lat="46.902916" lon="17.881728">
	<ele>171.91</ele>
	<time>2017-08-10T07:23:23.000Z</time>
	<pdop>10.00</pdop>
	<extensions>
		<gpxtpx:TrackPointExtension>
			<gpxtpx:course>219.3</gpxtpx:course>
		</gpxtpx:TrackPointExtension>
	</extensions>
</trkpt>
<trkpt lat="46.902880" lon="17.881720">
	<ele>169.05</ele>
	<time>2017-08-10T07:23:33.291Z</time>
	<pdop>10.00</pdop>
	<extensions>
		<gpxtpx:TrackPointExtension>
			<gpxtpx:course>215.4</gpxtpx:course>
		</gpxtpx:TrackPointExtension>
	</extensions>
</trkpt>
<trkpt lat="46.902874" lon="17.881690">
	<ele>168.85</ele>
	<time>2017-08-10T07:23:43.000Z</time>
	<pdop>10.00</pdop>
	<extensions>
		<gpxtpx:TrackPointExtension>
			<gpxtpx:course>215.4</gpxtpx:course>
		</gpxtpx:TrackPointExtension>
	</extensions>
</trkpt>
<trkpt lat="46.902867" lon="17.881628">
	<ele>171.52</ele>
	<time>2017-08-10T07:23:52.651Z</time>
	<pdop>10.00</pdop>
	<extensions>
		<gpxtpx:TrackPointExtension>
			<gpxtpx:course>215.4</gpxtpx:course>
		</gpxtpx:TrackPointExtension>
	</extensions>
</trkpt>
<trkpt lat="46.902844" lon="17.881604">
	<ele>170.85</ele>
	<time>2017-08-10T07:24:02.000Z</time>
	<pdop>9.00</pdop>
	<extensions>
		<gpxtpx:TrackPointExtension>
			<gpxtpx:course>215.4</gpxtpx:course>
		</gpxtpx:TrackPointExtension>
	</extensions>
</trkpt>
<trkpt lat="46.902832" lon="17.881578">
	<ele>171.58</ele>
	<time>2017-08-10T07:24:14.517Z</time>
	<pdop>9.00</pdop>
	<extensions>
		<gpxtpx:TrackPointExtension>
			<gpxtpx:course>215.4</gpxtpx:course>
		</gpxtpx:TrackPointExtension>
	</extensions>
</trkpt>
<trkpt lat="46.902742" lon="17.881472">
	<ele>174.17</ele>
	<time>2017-08-10T07:24:24.000Z</time>
	<pdop>11.00</pdop>
	<extensions>
		<gpxtpx:TrackPointExtension>
			<gpxtpx:course>215.4</gpxtpx:course>
		</gpxtpx:TrackPointExtension>
	</extensions>
</trkpt>
<trkpt lat="46.902704" lon="17.881427">
	<ele>174.89</ele>
	<time>2017-08-10T07:24:34.000Z</time>
	<pdop>10.00</pdop>
	<extensions>
		<gpxtpx:TrackPointExtension>
			<gpxtpx:course>215.4</gpxtpx:course>
		</gpxtpx:TrackPointExtension>
	</extensions>
</trkpt>
<trkpt lat="46.902640" lon="17.881327">
	<ele>175.80</ele>
	<time>2017-08-10T07:24:44.000Z</time>
	<pdop>10.00</pdop>
	<extensions>
		<gpxtpx:TrackPointExtension>
			<gpxtpx:course>227.4</gpxtpx:course>
		</gpxtpx:TrackPointExtension>
	</extensions>
</trkpt>
<trkpt lat="46.902614" lon="17.881272">
	<ele>174.85</ele>
	<time>2017-08-10T07:24:54.338Z</time>
	<pdop>4.00</pdop>
	<extensions>
		<gpxtpx:TrackPointExtension>
			<gpxtpx:course>203.7</gpxtpx:course>
		</gpxtpx:TrackPointExtension>
	</extensions>
</trkpt>
<trkpt lat="46.902674" lon="17.881243">
	<ele>175.60</ele>
	<time>2017-08-10T07:25:04.000Z</time>
	<pdop>4.00</pdop>
	<extensions>
		<gpxtpx:TrackPointExtension>
			<gpxtpx:course>203.7</gpxtpx:course>
		</gpxtpx:TrackPointExtension>
	</extensions>
</trkpt>
<trkpt lat="46.902743" lon="17.881218">
	<ele>179.53</ele>
	<time>2017-08-10T07:25:14.000Z</time>
	<pdop>3.00</pdop>
	<extensions>
		<gpxtpx:TrackPointExtension>
			<gpxtpx:course>203.7</gpxtpx:course>
		</gpxtpx:TrackPointExtension>
	</extensions>
</trkpt>
<trkpt lat="46.902778" lon="17.881186">
	<ele>181.85</ele>
	<time>2017-08-10T07:25:24.000Z</time>
	<pdop>3.00</pdop>
	<extensions>
		<gpxtpx:TrackPointExtension>
			<gpxtpx:course>203.7</gpxtpx:course>
		</gpxtpx:TrackPointExtension>
	</extensions>
</trkpt>
<trkpt lat="46.902786" lon="17.881171">
	<ele>181.85</ele>
	<time>2017-08-10T07:25:43.000Z</time>
	<pdop>3.00</pdop>
	<extensions>
		<gpxtpx:TrackPointExtension>
			<gpxtpx:course>203.7</gpxtpx:course>
		</gpxtpx:TrackPointExtension>
	</extensions>
</trkpt>
<trkpt lat="46.902805" lon="17.881171">
	<ele>182.84</ele>
	<time>2017-08-10T07:25:52.163Z</time>
	<pdop>3.00</pdop>
	<extensions>
		<gpxtpx:TrackPointExtension>
			<gpxtpx:course>203.7</gpxtpx:course>
		</gpxtpx:TrackPointExtension>
	</extensions>
</trkpt>
<trkpt lat="46.902803" lon="17.881156">
	<ele>183.66</ele>
	<time>2017-08-10T07:26:05.000Z</time>
	<pdop>3.00</pdop>
	<extensions>
		<gpxtpx:TrackPointExtension>
			<gpxtpx:course>203.7</gpxtpx:course>
		</gpxtpx:TrackPointExtension>
	</extensions>
</trkpt>
<trkpt lat="46.902799" lon="17.881141">
	<ele>184.83</ele>
	<time>2017-08-10T07:26:14.948Z</time>
	<pdop>3.00</pdop>
	<extensions>
		<gpxtpx:TrackPointExtension>
			<gpxtpx:course>203.7</gpxtpx:course>
		</gpxtpx:TrackPointExtension>
	</extensions>
</trkpt>
<trkpt lat="46.902780" lon="17.881197">
	<ele>184.85</ele>
	<time>2017-08-10T07:26:24.000Z</time>
	<pdop>3.00</pdop>
	<extensions>
		<gpxtpx:TrackPointExtension>
			<gpxtpx:course>203.7</gpxtpx:course>
		</gpxtpx:TrackPointExtension>
	</extensions>
</trkpt>
<trkpt lat="46.902755" lon="17.881226">
	<ele>184.36</ele>
	<time>2017-08-10T07:26:34.000Z</time>
	<pdop>4.00</pdop>
	<extensions>
		<gpxtpx:TrackPointExtension>
			<gpxtpx:course>203.7</gpxtpx:course>
		</gpxtpx:TrackPointExtension>
	</extensions>
</trkpt>
<trkpt lat="46.902773" lon="17.881184">
	<ele>185.85</ele>
	<time>2017-08-10T07:26:44.000Z</time>
	<pdop>3.00</pdop>
	<extensions>
		<gpxtpx:TrackPointExtension>
			<gpxtpx:course>203.7</gpxtpx:course>
		</gpxtpx:TrackPointExtension>
	</extensions>
</trkpt>
<trkpt lat="46.902781" lon="17.881166">
	<ele>184.79</ele>
	<time>2017-08-10T07:26:54.000Z</time>
	<pdop>4.00</pdop>
	<extensions>
		<gpxtpx:TrackPointExtension>
			<gpxtpx:course>203.7</gpxtpx:course>
		</gpxtpx:TrackPointExtension>
	</extensions>
</trkpt>
<trkpt lat="46.902787" lon="17.881134">
	<ele>183.85</ele>
	<time>2017-08-10T07:27:04.000Z</time>
	<pdop>3.00</pdop>
	<extensions>
		<gpxtpx:TrackPointExtension>
			<gpxtpx:course>203.7</gpxtpx:course>
		</gpxtpx:TrackPointExtension>
	</extensions>
</trkpt>
<trkpt lat="46.902802" lon="17.881132">
	<ele>183.03</ele>
	<time>2017-08-10T07:27:14.000Z</time>
	<pdop>3.00</pdop>
	<extensions>
		<gpxtpx:TrackPointExtension>
			<gpxtpx:course>203.7</gpxtpx:course>
		</gpxtpx:TrackPointExtension>
	</extensions>
</trkpt>
<trkpt lat="46.902795" lon="17.881124">
	<ele>183.85</ele>
	<time>2017-08-10T07:27:24.000Z</time>
	<pdop>3.00</pdop>
	<extensions>
		<gpxtpx:TrackPointExtension>
			<gpxtpx:course>203.7</gpxtpx:course>
		</gpxtpx:TrackPointExtension>
	</extensions>
</trkpt>
<trkpt lat="46.902804" lon="17.881109">
	<ele>184.60</ele>
	<time>2017-08-10T07:27:54.000Z</time>
	<pdop>5.00</pdop>
	<extensions>
		<gpxtpx:TrackPointExtension>
			<gpxtpx:course>203.7</gpxtpx:course>
		</gpxtpx:TrackPointExtension>
	</extensions>
</trkpt>
<trkpt lat="46.902795" lon="17.881117">
	<ele>182.35</ele>
	<time>2017-08-10T07:28:16.000Z</time>
	<pdop>3.00</pdop>
	<extensions>
		<gpxtpx:TrackPointExtension>
			<gpxtpx:course>203.7</gpxtpx:course>
		</gpxtpx:TrackPointExtension>
	</extensions>
</trkpt>
<trkpt lat="46.902859" lon="17.881157">
	<ele>183.84</ele>
	<time>2017-08-10T07:28:26.000Z</time>
	<pdop>3.00</pdop>
	<extensions>
		<gpxtpx:TrackPointExtension>
			<gpxtpx:course>51.2</gpxtpx:course>
		</gpxtpx:TrackPointExtension>
	</extensions>
</trkpt>
<trkpt lat="46.902825" lon="17.881147">
	<ele>182.80</ele>
	<time>2017-08-10T07:28:36.000Z</time>
	<pdop>3.00</pdop>
	<extensions>
		<gpxtpx:TrackPointExtension>
			<gpxtpx:course>51.2</gpxtpx:course>
		</gpxtpx:TrackPointExtension>
	</extensions>
</trkpt>
<trkpt lat="46.902809" lon="17.881130">
	<ele>184.60</ele>
	<time>2017-08-10T07:28:46.000Z</time>
	<pdop>3.00</pdop>
	<extensions>
		<gpxtpx:TrackPointExtension>
			<gpxtpx:course>51.2</gpxtpx:course>
		</gpxtpx:TrackPointExtension>
	</extensions>
</trkpt>
<trkpt lat="46.902799" lon="17.881131">
	<ele>184.66</ele>
	<time>2017-08-10T07:29:03.000Z</time>
	<pdop>4.00</pdop>
	<extensions>
		<gpxtpx:TrackPointExtension>
			<gpxtpx:course>51.2</gpxtpx:course>
		</gpxtpx:TrackPointExtension>
	</extensions>
</trkpt>
<trkpt lat="46.902815" lon="17.881141">
	<ele>184.85</ele>
	<time>2017-08-10T07:29:40.000Z</time>
	<pdop>4.00</pdop>
	<extensions>
		<gpxtpx:TrackPointExtension>
			<gpxtpx:course>51.2</gpxtpx:course>
		</gpxtpx:TrackPointExtension>
	</extensions>
</trkpt>
<trkpt lat="46.902854" lon="17.881146">
	<ele>184.87</ele>
	<time>2017-08-10T07:29:50.188Z</time>
	<pdop>5.00</pdop>
	<extensions>
		<gpxtpx:TrackPointExtension>
			<gpxtpx:course>11.3</gpxtpx:course>
		</gpxtpx:TrackPointExtension>
	</extensions>
</trkpt>
<trkpt lat="46.902791" lon="17.881135">
	<ele>184.67</ele>
	<time>2017-08-10T07:30:00.000Z</time>
	<pdop>4.00</pdop>
	<extensions>
		<gpxtpx:TrackPointExtension>
			<gpxtpx:course>203.3</gpxtpx:course>
		</gpxtpx:TrackPointExtension>
	</extensions>
</trkpt>
<trkpt lat="46.902800" lon="17.881128">
	<ele>186.02</ele>
	<time>2017-08-10T07:30:09.353Z</time>
	<pdop>3.00</pdop>
	<extensions>
		<gpxtpx:TrackPointExtension>
			<gpxtpx:course>203.3</gpxtpx:course>
		</gpxtpx:TrackPointExtension>
	</extensions>
</trkpt>
<trkpt lat="46.902802" lon="17.881113">
	<ele>187.84</ele>
	<time>2017-08-10T07:30:20.000Z</time>
	<pdop>3.00</pdop>
	<extensions>
		<gpxtpx:TrackPointExtension>
			<gpxtpx:course>203.3</gpxtpx:course>
		</gpxtpx:TrackPointExtension>
	</extensions>
</trkpt>
<trkpt lat="46.902810" lon="17.881106">
	<ele>188.85</ele>
	<time>2017-08-10T07:30:30.000Z</time>
	<pdop>3.00</pdop>
	<extensions>
		<gpxtpx:TrackPointExtension>
			<gpxtpx:course>203.3</gpxtpx:course>
		</gpxtpx:TrackPointExtension>
	</extensions>
</trkpt>
<trkpt lat="46.902802" lon="17.881115">
	<ele>188.04</ele>
	<time>2017-08-10T07:30:40.000Z</time>
	<pdop>3.00</pdop>
	<extensions>
		<gpxtpx:TrackPointExtension>
			<gpxtpx:course>203.3</gpxtpx:course>
		</gpxtpx:TrackPointExtension>
	</extensions>
</trkpt>
<trkpt lat="46.902810" lon="17.881105">
	<ele>189.60</ele>
	<time>2017-08-10T07:30:50.227Z</time>
	<pdop>3.00</pdop>
	<extensions>
		<gpxtpx:TrackPointExtension>
			<gpxtpx:course>203.3</gpxtpx:course>
		</gpxtpx:TrackPointExtension>
	</extensions>
</trkpt>
<trkpt lat="46.902813" lon="17.881118">
	<ele>189.85</ele>
	<time>2017-08-10T07:31:15.000Z</time>
	<pdop>3.00</pdop>
	<extensions>
		<gpxtpx:TrackPointExtension>
			<gpxtpx:course>203.3</gpxtpx:course>
		</gpxtpx:TrackPointExtension>
	</extensions>
</trkpt>
<trkpt lat="46.902823" lon="17.881123">
	<ele>187.86</ele>
	<time>2017-08-10T07:32:24.000Z</time>
	<pdop>3.00</pdop>
	<extensions>
		<gpxtpx:TrackPointExtension>
			<gpxtpx:course>203.3</gpxtpx:course>
		</gpxtpx:TrackPointExtension>
	</extensions>
</trkpt>
<trkpt lat="46.902825" lon="17.881143">
	<ele>186.85</ele>
	<time>2017-08-10T07:32:34.173Z</time>
	<pdop>3.00</pdop>
	<extensions>
		<gpxtpx:TrackPointExtension>
			<gpxtpx:course>203.3</gpxtpx:course>
		</gpxtpx:TrackPointExtension>
	</extensions>
</trkpt>
<trkpt lat="46.902820" lon="17.881159">
	<ele>187.85</ele>
	<time>2017-08-10T07:32:54.000Z</time>
	<pdop>3.00</pdop>
	<extensions>
		<gpxtpx:TrackPointExtension>
			<gpxtpx:course>203.3</gpxtpx:course>
		</gpxtpx:TrackPointExtension>
	</extensions>
</trkpt>
<trkpt lat="46.902770" lon="17.881220">
	<ele>184.85</ele>
	<time>2017-08-10T07:33:04.000Z</time>
	<pdop>4.00</pdop>
	<extensions>
		<gpxtpx:TrackPointExtension>
			<gpxtpx:course>203.3</gpxtpx:course>
		</gpxtpx:TrackPointExtension>
	</extensions>
</trkpt>
<trkpt lat="46.902764" lon="17.881211">
	<ele>183.85</ele>
	<time>2017-08-10T07:33:28.000Z</time>
	<pdop>3.00</pdop>
	<extensions>
		<gpxtpx:TrackPointExtension>
			<gpxtpx:course>203.3</gpxtpx:course>
		</gpxtpx:TrackPointExtension>
	</extensions>
</trkpt>
<trkpt lat="46.902771" lon="17.881218">
	<ele>183.10</ele>
	<time>2017-08-10T07:33:44.000Z</time>
	<pdop>3.00</pdop>
	<extensions>
		<gpxtpx:TrackPointExtension>
			<gpxtpx:course>203.3</gpxtpx:course>
		</gpxtpx:TrackPointExtension>
	</extensions>
</trkpt>
<trkpt lat="46.902789" lon="17.881224">
	<ele>182.85</ele>
	<time>2017-08-10T07:33:54.000Z</time>
	<pdop>3.00</pdop>
	<extensions>
		<gpxtpx:TrackPointExtension>
			<gpxtpx:course>203.3</gpxtpx:course>
		</gpxtpx:TrackPointExtension>
	</extensions>
</trkpt>
<trkpt lat="46.902781" lon="17.881217">
	<ele>182.85</ele>
	<time>2017-08-10T07:36:14.000Z</time>
	<pdop>4.00</pdop>
	<extensions>
		<gpxtpx:TrackPointExtension>
			<gpxtpx:course>203.3</gpxtpx:course>
		</gpxtpx:TrackPointExtension>
	</extensions>
</trkpt>
<trkpt lat="46.902779" lon="17.881198">
	<ele>182.85</ele>
	<time>2017-08-10T07:36:24.000Z</time>
	<pdop>3.00</pdop>
	<extensions>
		<gpxtpx:TrackPointExtension>
			<gpxtpx:course>203.3</gpxtpx:course>
		</gpxtpx:TrackPointExtension>
	</extensions>
</trkpt>
<trkpt lat="46.902792" lon="17.881197">
	<ele>183.85</ele>
	<time>2017-08-10T07:36:39.000Z</time>
	<pdop>3.00</pdop>
	<extensions>
		<gpxtpx:TrackPointExtension>
			<gpxtpx:course>203.3</gpxtpx:course>
		</gpxtpx:TrackPointExtension>
	</extensions>
</trkpt>
<trkpt lat="46.902829" lon="17.881149">
	<ele>184.85</ele>
	<time>2017-08-10T07:36:49.000Z</time>
	<pdop>3.00</pdop>
	<extensions>
		<gpxtpx:TrackPointExtension>
			<gpxtpx:course>203.3</gpxtpx:course>
		</gpxtpx:TrackPointExtension>
	</extensions>
</trkpt>
<trkpt lat="46.902823" lon="17.881162">
	<ele>185.85</ele>
	<time>2017-08-10T07:37:26.000Z</time>
	<pdop>3.00</pdop>
	<extensions>
		<gpxtpx:TrackPointExtension>
			<gpxtpx:course>203.3</gpxtpx:course>
		</gpxtpx:TrackPointExtension>
	</extensions>
</trkpt>
<trkpt lat="46.902784" lon="17.881235">
	<ele>185.11</ele>
	<time>2017-08-10T07:37:36.402Z</time>
	<pdop>3.00</pdop>
	<extensions>
		<gpxtpx:TrackPointExtension>
			<gpxtpx:course>138.6</gpxtpx:course>
		</gpxtpx:TrackPointExtension>
	</extensions>
</trkpt>
<trkpt lat="46.902775" lon="17.881231">
	<ele>184.85</ele>
	<time>2017-08-10T07:37:46.000Z</time>
	<pdop>3.00</pdop>
	<extensions>
		<gpxtpx:TrackPointExtension>
			<gpxtpx:course>138.6</gpxtpx:course>
		</gpxtpx:TrackPointExtension>
	</extensions>
</trkpt>
<trkpt lat="46.902765" lon="17.881229">
	<ele>182.85</ele>
	<time>2017-08-10T07:39:21.000Z</time>
	<pdop>3.00</pdop>
	<extensions>
		<gpxtpx:TrackPointExtension>
			<gpxtpx:course>138.6</gpxtpx:course>
		</gpxtpx:TrackPointExtension>
	</extensions>
</trkpt>
<trkpt lat="46.902737" lon="17.881228">
	<ele>179.35</ele>
	<time>2017-08-10T07:39:32.000Z</time>
	<pdop>3.00</pdop>
	<extensions>
		<gpxtpx:TrackPointExtension>
			<gpxtpx:course>138.6</gpxtpx:course>
		</gpxtpx:TrackPointExtension>
	</extensions>
</trkpt>
<trkpt lat="46.902696" lon="17.881226">
	<ele>179.85</ele>
	<time>2017-08-10T07:39:42.000Z</time>
	<pdop>3.00</pdop>
	<extensions>
		<gpxtpx:TrackPointExtension>
			<gpxtpx:course>138.6</gpxtpx:course>
		</gpxtpx:TrackPointExtension>
	</extensions>
</trkpt>
<trkpt lat="46.902687" lon="17.881234">
	<ele>180.85</ele>
	<time>2017-08-10T07:39:55.000Z</time>
	<pdop>4.00</pdop>
	<extensions>
		<gpxtpx:TrackPointExtension>
			<gpxtpx:course>138.6</gpxtpx:course>
		</gpxtpx:TrackPointExtension>
	</extensions>
</trkpt>
<trkpt lat="46.902678" lon="17.881230">
	<ele>177.23</ele>
	<time>2017-08-10T07:40:20.000Z</time>
	<pdop>3.00</pdop>
	<extensions>
		<gpxtpx:TrackPointExtension>
			<gpxtpx:course>138.6</gpxtpx:course>
		</gpxtpx:TrackPointExtension>
	</extensions>
</trkpt>
<trkpt lat="46.902669" lon="17.881236">
	<ele>178.88</ele>
	<time>2017-08-10T07:40:31.000Z</time>
	<pdop>4.00</pdop>
	<extensions>
		<gpxtpx:TrackPointExtension>
			<gpxtpx:course>138.6</gpxtpx:course>
		</gpxtpx:TrackPointExtension>
	</extensions>
</trkpt>
<trkpt lat="46.902658" lon="17.881236">
	<ele>176.85</ele>
	<time>2017-08-10T07:40:42.128Z</time>
	<pdop>4.00</pdop>
	<extensions>
		<gpxtpx:TrackPointExtension>
			<gpxtpx:course>138.6</gpxtpx:course>
		</gpxtpx:TrackPointExtension>
	</extensions>
</trkpt>
<trkpt lat="46.902600" lon="17.881279">
	<ele>172.90</ele>
	<time>2017-08-10T07:40:52.000Z</time>
	<pdop>4.00</pdop>
	<extensions>
		<gpxtpx:TrackPointExtension>
			<gpxtpx:course>169.3</gpxtpx:course>
		</gpxtpx:TrackPointExtension>
	</extensions>
</trkpt>
<trkpt lat="46.902508" lon="17.881325">
	<ele>170.60</ele>
	<time>2017-08-10T07:41:03.126Z</time>
	<pdop>5.00</pdop>
	<extensions>
		<gpxtpx:TrackPointExtension>
			<gpxtpx:course>162.5</gpxtpx:course>
		</gpxtpx:TrackPointExtension>
	</extensions>
</trkpt>
<trkpt lat="46.902363" lon="17.881409">
	<ele>171.79</ele>
	<time>2017-08-10T07:41:13.000Z</time>
	<pdop>4.00</pdop>
	<extensions>
		<gpxtpx:TrackPointExtension>
			<gpxtpx:course>149.6</gpxtpx:course>
		</gpxtpx:TrackPointExtension>
	</extensions>
</trkpt>
<trkpt lat="46.902359" lon="17.881429">
	<ele>172.86</ele>
	<time>2017-08-10T07:41:23.000Z</time>
	<pdop>9.00</pdop>
	<extensions>
		<gpxtpx:TrackPointExtension>
			<gpxtpx:course>149.6</gpxtpx:course>
		</gpxtpx:TrackPointExtension>
	</extensions>
</trkpt>
<trkpt lat="46.902325" lon="17.881477">
	<ele>173.66</ele>
	<time>2017-08-10T07:41:33.000Z</time>
	<pdop>9.00</pdop>
	<extensions>
		<gpxtpx:TrackPointExtension>
			<gpxtpx:course>149.6</gpxtpx:course>
		</gpxtpx:TrackPointExtension>
	</extensions>
</trkpt>
<trkpt lat="46.902291" lon="17.881500">
	<ele>174.84</ele>
	<time>2017-08-10T07:41:43.000Z</time>
	<pdop>9.00</pdop>
	<extensions>
		<gpxtpx:TrackPointExtension>
			<gpxtpx:course>149.6</gpxtpx:course>
		</gpxtpx:TrackPointExtension>
	</extensions>
</trkpt>
<trkpt lat="46.902251" lon="17.881583">
	<ele>177.78</ele>
	<time>2017-08-10T07:41:54.461Z</time>
	<pdop>10.00</pdop>
	<extensions>
		<gpxtpx:TrackPointExtension>
			<gpxtpx:course>149.6</gpxtpx:course>
		</gpxtpx:TrackPointExtension>
	</extensions>
</trkpt>
<trkpt lat="46.902156" lon="17.881717">
	<ele>177.84</ele>
	<time>2017-08-10T07:42:04.000Z</time>
	<pdop>10.00</pdop>
	<extensions>
		<gpxtpx:TrackPointExtension>
			<gpxtpx:course>142.5</gpxtpx:course>
		</gpxtpx:TrackPointExtension>
	</extensions>
</trkpt>
<trkpt lat="46.902131" lon="17.881860">
	<ele>179.13</ele>
	<time>2017-08-10T07:42:15.599Z</time>
	<pdop>10.00</pdop>
	<extensions>
		<gpxtpx:TrackPointExtension>
			<gpxtpx:course>133.2</gpxtpx:course>
		</gpxtpx:TrackPointExtension>
	</extensions>
</trkpt>
<trkpt lat="46.902032" lon="17.881966">
	<ele>176.86</ele>
	<time>2017-08-10T07:42:25.000Z</time>
	<pdop>10.00</pdop>
	<extensions>
		<gpxtpx:TrackPointExtension>
			<gpxtpx:course>156.8</gpxtpx:course>
		</gpxtpx:TrackPointExtension>
	</extensions>
</trkpt>
<trkpt lat="46.901942" lon="17.881962">
	<ele>177.92</ele>
	<time>2017-08-10T07:42:35.000Z</time>
	<pdop>10.00</pdop>
	<extensions>
		<gpxtpx:TrackPointExtension>
			<gpxtpx:course>199.0</gpxtpx:course>
		</gpxtpx:TrackPointExtension>
	</extensions>
</trkpt>
<trkpt lat="46.901848" lon="17.881941">
	<ele>181.60</ele>
	<time>2017-08-10T07:42:45.000Z</time>
	<pdop>10.00</pdop>
	<extensions>
		<gpxtpx:TrackPointExtension>
			<gpxtpx:course>208.4</gpxtpx:course>
		</gpxtpx:TrackPointExtension>
	</extensions>
</trkpt>
<trkpt lat="46.901790" lon="17.881897">
	<ele>179.90</ele>
	<time>2017-08-10T07:42:55.373Z</time>
	<pdop>10.00</pdop>
	<extensions>
		<gpxtpx:TrackPointExtension>
			<gpxtpx:course>233.9</gpxtpx:course>
		</gpxtpx:TrackPointExtension>
	</extensions>
</trkpt>
<trkpt lat="46.901800" lon="17.881917">
	<ele>181.86</ele>
	<time>2017-08-10T07:43:05.000Z</time>
	<pdop>9.00</pdop>
	<extensions>
		<gpxtpx:TrackPointExtension>
			<gpxtpx:course>250.0</gpxtpx:course>
		</gpxtpx:TrackPointExtension>
	</extensions>
</trkpt>
<trkpt lat="46.901809" lon="17.881925">
	<ele>181.85</ele>
	<time>2017-08-10T07:43:15.000Z</time>
	<pdop>9.00</pdop>
	<extensions>
		<gpxtpx:TrackPointExtension>
			<gpxtpx:course>250.0</gpxtpx:course>
		</gpxtpx:TrackPointExtension>
	</extensions>
</trkpt>
<trkpt lat="46.901823" lon="17.881898">
	<ele>184.91</ele>
	<time>2017-08-10T07:43:25.000Z</time>
	<pdop>10.00</pdop>
	<extensions>
		<gpxtpx:TrackPointExtension>
			<gpxtpx:course>250.0</gpxtpx:course>
		</gpxtpx:TrackPointExtension>
	</extensions>
</trkpt>
<trkpt lat="46.901831" lon="17.881857">
	<ele>187.79</ele>
	<time>2017-08-10T07:43:35.000Z</time>
	<pdop>9.00</pdop>
	<extensions>
		<gpxtpx:TrackPointExtension>
			<gpxtpx:course>250.0</gpxtpx:course>
		</gpxtpx:TrackPointExtension>
	</extensions>
</trkpt>
<trkpt lat="46.901822" lon="17.881828">
	<ele>186.85</ele>
	<time>2017-08-10T07:43:45.000Z</time>
	<pdop>3.00</pdop>
	<extensions>
		<gpxtpx:TrackPointExtension>
			<gpxtpx:course>250.0</gpxtpx:course>
		</gpxtpx:TrackPointExtension>
	</extensions>
</trkpt>
<trkpt lat="46.901812" lon="17.881823">
	<ele>186.85</ele>
	<time>2017-08-10T07:43:55.000Z</time>
	<pdop>3.00</pdop>
	<extensions>
		<gpxtpx:TrackPointExtension>
			<gpxtpx:course>250.0</gpxtpx:course>
		</gpxtpx:TrackPointExtension>
	</extensions>
</trkpt>
<trkpt lat="46.901836" lon="17.881810">
	<ele>188.08</ele>
	<time>2017-08-10T07:44:05.069Z</time>
	<pdop>4.00</pdop>
	<extensions>
		<gpxtpx:TrackPointExtension>
			<gpxtpx:course>250.0</gpxtpx:course>
		</gpxtpx:TrackPointExtension>
	</extensions>
</trkpt>
<trkpt lat="46.901842" lon="17.881797">
	<ele>189.85</ele>
	<time>2017-08-10T07:44:16.000Z</time>
	<pdop>3.00</pdop>
	<extensions>
		<gpxtpx:TrackPointExtension>
			<gpxtpx:course>250.0</gpxtpx:course>
		</gpxtpx:TrackPointExtension>
	</extensions>
</trkpt>
<trkpt lat="46.901851" lon="17.881786">
	<ele>189.60</ele>
	<time>2017-08-10T07:44:26.077Z</time>
	<pdop>3.00</pdop>
	<extensions>
		<gpxtpx:TrackPointExtension>
			<gpxtpx:course>250.0</gpxtpx:course>
		</gpxtpx:TrackPointExtension>
	</extensions>
</trkpt>
<trkpt lat="46.901842" lon="17.881782">
	<ele>189.85</ele>
	<time>2017-08-10T07:44:37.000Z</time>
	<pdop>3.00</pdop>
	<extensions>
		<gpxtpx:TrackPointExtension>
			<gpxtpx:course>250.0</gpxtpx:course>
		</gpxtpx:TrackPointExtension>
	</extensions>
</trkpt>
<trkpt lat="46.901832" lon="17.881784">
	<ele>191.83</ele>
	<time>2017-08-10T07:44:53.000Z</time>
	<pdop>3.00</pdop>
	<extensions>
		<gpxtpx:TrackPointExtension>
			<gpxtpx:course>250.0</gpxtpx:course>
		</gpxtpx:TrackPointExtension>
	</extensions>
</trkpt>
<trkpt lat="46.901832" lon="17.881800">
	<ele>190.85</ele>
	<time>2017-08-10T07:45:03.000Z</time>
	<pdop>3.00</pdop>
	<extensions>
		<gpxtpx:TrackPointExtension>
			<gpxtpx:course>250.0</gpxtpx:course>
		</gpxtpx:TrackPointExtension>
	</extensions>
</trkpt>
<trkpt lat="46.901824" lon="17.881836">
	<ele>187.91</ele>
	<time>2017-08-10T07:45:13.000Z</time>
	<pdop>3.00</pdop>
	<extensions>
		<gpxtpx:TrackPointExtension>
			<gpxtpx:course>250.0</gpxtpx:course>
		</gpxtpx:TrackPointExtension>
	</extensions>
</trkpt>
<trkpt lat="46.901789" lon="17.881886">
	<ele>186.61</ele>
	<time>2017-08-10T07:45:24.447Z</time>
	<pdop>3.00</pdop>
	<extensions>
		<gpxtpx:TrackPointExtension>
			<gpxtpx:course>250.0</gpxtpx:course>
		</gpxtpx:TrackPointExtension>
	</extensions>
</trkpt>
<trkpt lat="46.901766" lon="17.881878">
	<ele>187.35</ele>
	<time>2017-08-10T07:45:59.000Z</time>
	<pdop>4.00</pdop>
	<extensions>
		<gpxtpx:TrackPointExtension>
			<gpxtpx:course>216.2</gpxtpx:course>
		</gpxtpx:TrackPointExtension>
	</extensions>
</trkpt>
<trkpt lat="46.901717" lon="17.881840">
	<ele>183.16</ele>
	<time>2017-08-10T07:46:08.546Z</time>
	<pdop>4.00</pdop>
	<extensions>
		<gpxtpx:TrackPointExtension>
			<gpxtpx:course>217.2</gpxtpx:course>
		</gpxtpx:TrackPointExtension>
	</extensions>
</trkpt>
<trkpt lat="46.901679" lon="17.881817">
	<ele>182.09</ele>
	<time>2017-08-10T07:46:18.000Z</time>
	<pdop>3.00</pdop>
	<extensions>
		<gpxtpx:TrackPointExtension>
			<gpxtpx:course>217.2</gpxtpx:course>
		</gpxtpx:TrackPointExtension>
	</extensions>
</trkpt>
<trkpt lat="46.901670" lon="17.881815">
	<ele>183.72</ele>
	<time>2017-08-10T07:46:32.000Z</time>
	<pdop>3.00</pdop>
	<extensions>
		<gpxtpx:TrackPointExtension>
			<gpxtpx:course>217.2</gpxtpx:course>
		</gpxtpx:TrackPointExtension>
	</extensions>
</trkpt>
<trkpt lat="46.901660" lon="17.881797">
	<ele>184.84</ele>
	<time>2017-08-10T07:46:42.000Z</time>
	<pdop>3.00</pdop>
	<extensions>
		<gpxtpx:TrackPointExtension>
			<gpxtpx:course>217.2</gpxtpx:course>
		</gpxtpx:TrackPointExtension>
	</extensions>
</trkpt>
<trkpt lat="46.901651" lon="17.881791">
	<ele>183.29</ele>
	<time>2017-08-10T07:47:45.000Z</time>
	<pdop>10.00</pdop>
	<extensions>
		<gpxtpx:TrackPointExtension>
			<gpxtpx:course>217.2</gpxtpx:course>
		</gpxtpx:TrackPointExtension>
	</extensions>
</trkpt>
<trkpt lat="46.901628" lon="17.881799">
	<ele>180.97</ele>
	<time>2017-08-10T07:47:55.224Z</time>
	<pdop>10.00</pdop>
	<extensions>
		<gpxtpx:TrackPointExtension>
			<gpxtpx:course>217.2</gpxtpx:course>
		</gpxtpx:TrackPointExtension>
	</extensions>
</trkpt>
<trkpt lat="46.901560" lon="17.881819">
	<ele>176.85</ele>
	<time>2017-08-10T07:48:05.000Z</time>
	<pdop>9.00</pdop>
	<extensions>
		<gpxtpx:TrackPointExtension>
			<gpxtpx:course>217.2</gpxtpx:course>
		</gpxtpx:TrackPointExtension>
	</extensions>
</trkpt>
<trkpt lat="46.901532" lon="17.881820">
	<ele>177.60</ele>
	<time>2017-08-10T07:48:15.000Z</time>
	<pdop>9.00</pdop>
	<extensions>
		<gpxtpx:TrackPointExtension>
			<gpxtpx:course>217.2</gpxtpx:course>
		</gpxtpx:TrackPointExtension>
	</extensions>
</trkpt>
<trkpt lat="46.901516" lon="17.881820">
	<ele>177.86</ele>
	<time>2017-08-10T07:48:25.000Z</time>
	<pdop>9.00</pdop>
	<extensions>
		<gpxtpx:TrackPointExtension>
			<gpxtpx:course>217.2</gpxtpx:course>
		</gpxtpx:TrackPointExtension>
	</extensions>
</trkpt>
<trkpt lat="46.901513" lon="17.881848">
	<ele>178.60</ele>
	<time>2017-08-10T07:48:46.446Z</time>
	<pdop>9.00</pdop>
	<extensions>
		<gpxtpx:TrackPointExtension>
			<gpxtpx:course>82.9</gpxtpx:course>
		</gpxtpx:TrackPointExtension>
	</extensions>
</trkpt>
<trkpt lat="46.901585" lon="17.882009">
	<ele>182.53</ele>
	<time>2017-08-10T07:48:56.000Z</time>
	<pdop>3.00</pdop>
	<extensions>
		<gpxtpx:TrackPointExtension>
			<gpxtpx:course>46.5</gpxtpx:course>
		</gpxtpx:TrackPointExtension>
	</extensions>
</trkpt>
<trkpt lat="46.901618" lon="17.882123">
	<ele>182.60</ele>
	<time>2017-08-10T07:49:06.000Z</time>
	<pdop>3.00</pdop>
	<extensions>
		<gpxtpx:TrackPointExtension>
			<gpxtpx:course>47.3</gpxtpx:course>
		</gpxtpx:TrackPointExtension>
	</extensions>
</trkpt>
<trkpt lat="46.901696" lon="17.882178">
	<ele>181.85</ele>
	<time>2017-08-10T07:49:17.300Z</time>
	<pdop>3.00</pdop>
	<extensions>
		<gpxtpx:TrackPointExtension>
			<gpxtpx:course>36.1</gpxtpx:course>
		</gpxtpx:TrackPointExtension>
	</extensions>
</trkpt>
<trkpt lat="46.901764" lon="17.882255">
	<ele>182.80</ele>
	<time>2017-08-10T07:49:27.000Z</time>
	<pdop>4.00</pdop>
	<extensions>
		<gpxtpx:TrackPointExtension>
			<gpxtpx:course>47.4</gpxtpx:course>
		</gpxtpx:TrackPointExtension>
	</extensions>
</trkpt>
<trkpt lat="46.901761" lon="17.882268">
	<ele>183.79</ele>
	<time>2017-08-10T07:49:38.307Z</time>
	<pdop>4.00</pdop>
	<extensions>
		<gpxtpx:TrackPointExtension>
			<gpxtpx:course>49.2</gpxtpx:course>
		</gpxtpx:TrackPointExtension>
	</extensions>
</trkpt>
<trkpt lat="46.901817" lon="17.882407">
	<ele>181.79</ele>
	<time>2017-08-10T07:49:48.000Z</time>
	<pdop>3.00</pdop>
	<extensions>
		<gpxtpx:TrackPointExtension>
			<gpxtpx:course>46.5</gpxtpx:course>
		</gpxtpx:TrackPointExtension>
	</extensions>
</trkpt>
<trkpt lat="46.901903" lon="17.882547">
	<ele>181.66</ele>
	<time>2017-08-10T07:49:58.000Z</time>
	<pdop>3.00</pdop>
	<extensions>
		<gpxtpx:TrackPointExtension>
			<gpxtpx:course>49.5</gpxtpx:course>
		</gpxtpx:TrackPointExtension>
	</extensions>
</trkpt>
<trkpt lat="46.901968" lon="17.882656">
	<ele>182.78</ele>
	<time>2017-08-10T07:50:08.000Z</time>
	<pdop>9.00</pdop>
	<extensions>
		<gpxtpx:TrackPointExtension>
			<gpxtpx:course>41.6</gpxtpx:course>
		</gpxtpx:TrackPointExtension>
	</extensions>
</trkpt>
<trkpt lat="46.902010" lon="17.882755">
	<ele>184.05</ele>
	<time>2017-08-10T07:50:17.148Z</time>
	<pdop>9.00</pdop>
	<extensions>
		<gpxtpx:TrackPointExtension>
			<gpxtpx:course>56.4</gpxtpx:course>
		</gpxtpx:TrackPointExtension>
	</extensions>
</trkpt>
<trkpt lat="46.902013" lon="17.882828">
	<ele>183.65</ele>
	<time>2017-08-10T07:50:27.000Z</time>
	<pdop>10.00</pdop>
	<extensions>
		<gpxtpx:TrackPointExtension>
			<gpxtpx:course>38.3</gpxtpx:course>
		</gpxtpx:TrackPointExtension>
	</extensions>
</trkpt>
<trkpt lat="46.902007" lon="17.882880">
	<ele>183.85</ele>
	<time>2017-08-10T07:50:36.221Z</time>
	<pdop>10.00</pdop>
	<extensions>
		<gpxtpx:TrackPointExtension>
			<gpxtpx:course>79.9</gpxtpx:course>
		</gpxtpx:TrackPointExtension>
	</extensions>
</trkpt>
<trkpt lat="46.901997" lon="17.883029">
	<ele>183.81</ele>
	<time>2017-08-10T07:50:46.000Z</time>
	<pdop>10.00</pdop>
	<extensions>
		<gpxtpx:TrackPointExtension>
			<gpxtpx:course>69.8</gpxtpx:course>
		</gpxtpx:TrackPointExtension>
	</extensions>
</trkpt>
<trkpt lat="46.902006" lon="17.883142">
	<ele>183.91</ele>
	<time>2017-08-10T07:50:55.176Z</time>
	<pdop>10.00</pdop>
	<extensions>
		<gpxtpx:TrackPointExtension>
			<gpxtpx:course>87.6</gpxtpx:course>
		</gpxtpx:TrackPointExtension>
	</extensions>
</trkpt>
<trkpt lat="46.901996" lon="17.883250">
	<ele>181.84</ele>
	<time>2017-08-10T07:51:05.000Z</time>
	<pdop>4.00</pdop>
	<extensions>
		<gpxtpx:TrackPointExtension>
			<gpxtpx:course>108.5</gpxtpx:course>
		</gpxtpx:TrackPointExtension>
	</extensions>
</trkpt>
<trkpt lat="46.901998" lon="17.883374">
	<ele>180.56</ele>
	<time>2017-08-10T07:51:17.147Z</time>
	<pdop>4.00</pdop>
	<extensions>
		<gpxtpx:TrackPointExtension>
			<gpxtpx:course>103.4</gpxtpx:course>
		</gpxtpx:TrackPointExtension>
	</extensions>
</trkpt>
<trkpt lat="46.901975" lon="17.883426">
	<ele>182.86</ele>
	<time>2017-08-10T07:51:27.000Z</time>
	<pdop>4.00</pdop>
	<extensions>
		<gpxtpx:TrackPointExtension>
			<gpxtpx:course>105.7</gpxtpx:course>
		</gpxtpx:TrackPointExtension>
	</extensions>
</trkpt>
<trkpt lat="46.902005" lon="17.883434">
	<ele>180.85</ele>
	<time>2017-08-10T07:51:37.000Z</time>
	<pdop>4.00</pdop>
	<extensions>
		<gpxtpx:TrackPointExtension>
			<gpxtpx:course>105.7</gpxtpx:course>
		</gpxtpx:TrackPointExtension>
	</extensions>
</trkpt>
<trkpt lat="46.902020" lon="17.883439">
	<ele>179.85</ele>
	<time>2017-08-10T07:52:49.000Z</time>
	<pdop>5.00</pdop>
	<extensions>
		<gpxtpx:TrackPointExtension>
			<gpxtpx:course>105.7</gpxtpx:course>
		</gpxtpx:TrackPointExtension>
	</extensions>
</trkpt>
<trkpt lat="46.902044" lon="17.883434">
	<ele>183.02</ele>
	<time>2017-08-10T07:52:59.000Z</time>
	<pdop>4.00</pdop>
	<extensions>
		<gpxtpx:TrackPointExtension>
			<gpxtpx:course>105.7</gpxtpx:course>
		</gpxtpx:TrackPointExtension>
	</extensions>
</trkpt>
<trkpt lat="46.902020" lon="17.883438">
	<ele>182.60</ele>
	<time>2017-08-10T07:53:09.000Z</time>
	<pdop>4.00</pdop>
	<extensions>
		<gpxtpx:TrackPointExtension>
			<gpxtpx:course>105.7</gpxtpx:course>
		</gpxtpx:TrackPointExtension>
	</extensions>
</trkpt>
<trkpt lat="46.902010" lon="17.883436">
	<ele>185.29</ele>
	<time>2017-08-10T07:53:35.000Z</time>
	<pdop>3.00</pdop>
	<extensions>
		<gpxtpx:TrackPointExtension>
			<gpxtpx:course>105.7</gpxtpx:course>
		</gpxtpx:TrackPointExtension>
	</extensions>
</trkpt>
<trkpt lat="46.901999" lon="17.883433">
	<ele>184.85</ele>
	<time>2017-08-10T07:54:00.000Z</time>
	<pdop>3.00</pdop>
	<extensions>
		<gpxtpx:TrackPointExtension>
			<gpxtpx:course>105.7</gpxtpx:course>
		</gpxtpx:TrackPointExtension>
	</extensions>
</trkpt>
<trkpt lat="46.901983" lon="17.883443">
	<ele>185.85</ele>
	<time>2017-08-10T07:54:10.000Z</time>
	<pdop>4.00</pdop>
	<extensions>
		<gpxtpx:TrackPointExtension>
			<gpxtpx:course>105.7</gpxtpx:course>
		</gpxtpx:TrackPointExtension>
	</extensions>
</trkpt>
<trkpt lat="46.901995" lon="17.883441">
	<ele>185.86</ele>
	<time>2017-08-10T07:54:39.000Z</time>
	<pdop>9.00</pdop>
	<extensions>
		<gpxtpx:TrackPointExtension>
			<gpxtpx:course>105.7</gpxtpx:course>
		</gpxtpx:TrackPointExtension>
	</extensions>
</trkpt>
<trkpt lat="46.902001" lon="17.883429">
	<ele>187.79</ele>
	<time>2017-08-10T07:55:04.000Z</time>
	<pdop>10.00</pdop>
	<extensions>
		<gpxtpx:TrackPointExtension>
			<gpxtpx:course>105.7</gpxtpx:course>
		</gpxtpx:TrackPointExtension>
	</extensions>
</trkpt>
<trkpt lat="46.902002" lon="17.883320">
	<ele>188.76</ele>
	<time>2017-08-10T07:55:14.000Z</time>
	<pdop>10.00</pdop>
	<extensions>
		<gpxtpx:TrackPointExtension>
			<gpxtpx:course>105.7</gpxtpx:course>
		</gpxtpx:TrackPointExtension>
	</extensions>
</trkpt>
<trkpt lat="46.902029" lon="17.883361">
	<ele>186.16</ele>
	<time>2017-08-10T07:55:24.000Z</time>
	<pdop>9.00</pdop>
	<extensions>
		<gpxtpx:TrackPointExtension>
			<gpxtpx:course>105.7</gpxtpx:course>
		</gpxtpx:TrackPointExtension>
	</extensions>
</trkpt>
<trkpt lat="46.902038" lon="17.883370">
	<ele>188.84</ele>
	<time>2017-08-10T07:55:34.000Z</time>
	<pdop>9.00</pdop>
	<extensions>
		<gpxtpx:TrackPointExtension>
			<gpxtpx:course>105.7</gpxtpx:course>
		</gpxtpx:TrackPointExtension>
	</extensions>
</trkpt>
<trkpt lat="46.902027" lon="17.883378">
	<ele>189.66</ele>
	<time>2017-08-10T07:56:17.000Z</time>
	<pdop>9.00</pdop>
	<extensions>
		<gpxtpx:TrackPointExtension>
			<gpxtpx:course>105.7</gpxtpx:course>
		</gpxtpx:TrackPointExtension>
	</extensions>
</trkpt>
<trkpt lat="46.902017" lon="17.883399">
	<ele>188.85</ele>
	<time>2017-08-10T07:56:30.484Z</time>
	<pdop>9.00</pdop>
	<extensions>
		<gpxtpx:TrackPointExtension>
			<gpxtpx:course>105.7</gpxtpx:course>
		</gpxtpx:TrackPointExtension>
	</extensions>
</trkpt>
<trkpt lat="46.902008" lon="17.883404">
	<ele>188.10</ele>
	<time>2017-08-10T07:57:00.000Z</time>
	<pdop>9.00</pdop>
	<extensions>
		<gpxtpx:TrackPointExtension>
			<gpxtpx:course>105.7</gpxtpx:course>
		</gpxtpx:TrackPointExtension>
	</extensions>
</trkpt>
<trkpt lat="46.901994" lon="17.883400">
	<ele>187.04</ele>
	<time>2017-08-10T07:57:09.178Z</time>
	<pdop>9.00</pdop>
	<extensions>
		<gpxtpx:TrackPointExtension>
			<gpxtpx:course>105.7</gpxtpx:course>
		</gpxtpx:TrackPointExtension>
	</extensions>
</trkpt>
<trkpt lat="46.902002" lon="17.883393">
	<ele>185.85</ele>
	<time>2017-08-10T07:57:19.000Z</time>
	<pdop>10.00</pdop>
	<extensions>
		<gpxtpx:TrackPointExtension>
			<gpxtpx:course>105.7</gpxtpx:course>
		</gpxtpx:TrackPointExtension>
	</extensions>
</trkpt>
<trkpt lat="46.902005" lon="17.883318">
	<ele>186.17</ele>
	<time>2017-08-10T07:57:30.576Z</time>
	<pdop>10.00</pdop>
	<extensions>
		<gpxtpx:TrackPointExtension>
			<gpxtpx:course>105.7</gpxtpx:course>
		</gpxtpx:TrackPointExtension>
	</extensions>
</trkpt>
<trkpt lat="46.902039" lon="17.883151">
	<ele>183.91</ele>
	<time>2017-08-10T07:57:40.000Z</time>
	<pdop>10.00</pdop>
	<extensions>
		<gpxtpx:TrackPointExtension>
			<gpxtpx:course>278.9</gpxtpx:course>
		</gpxtpx:TrackPointExtension>
	</extensions>
</trkpt>
<trkpt lat="46.902077" lon="17.882998">
	<ele>179.92</ele>
	<time>2017-08-10T07:57:50.000Z</time>
	<pdop>11.00</pdop>
	<extensions>
		<gpxtpx:TrackPointExtension>
			<gpxtpx:course>278.9</gpxtpx:course>
		</gpxtpx:TrackPointExtension>
	</extensions>
</trkpt>
<trkpt lat="46.902056" lon="17.882842">
	<ele>177.93</ele>
	<time>2017-08-10T07:58:00.000Z</time>
	<pdop>10.00</pdop>
	<extensions>
		<gpxtpx:TrackPointExtension>
			<gpxtpx:course>278.9</gpxtpx:course>
		</gpxtpx:TrackPointExtension>
	</extensions>
</trkpt>
<trkpt lat="46.901979" lon="17.882701">
	<ele>177.83</ele>
	<time>2017-08-10T07:58:10.000Z</time>
	<pdop>10.00</pdop>
	<extensions>
		<gpxtpx:TrackPointExtension>
			<gpxtpx:course>243.3</gpxtpx:course>
		</gpxtpx:TrackPointExtension>
	</extensions>
</trkpt>
<trkpt lat="46.901923" lon="17.882618">
	<ele>179.83</ele>
	<time>2017-08-10T07:58:20.000Z</time>
	<pdop>9.00</pdop>
	<extensions>
		<gpxtpx:TrackPointExtension>
			<gpxtpx:course>231.2</gpxtpx:course>
		</gpxtpx:TrackPointExtension>
	</extensions>
</trkpt>
<trkpt lat="46.901867" lon="17.882508">
	<ele>180.33</ele>
	<time>2017-08-10T07:58:30.000Z</time>
	<pdop>10.00</pdop>
	<extensions>
		<gpxtpx:TrackPointExtension>
			<gpxtpx:course>237.2</gpxtpx:course>
		</gpxtpx:TrackPointExtension>
	</extensions>
</trkpt>
<trkpt lat="46.901780" lon="17.882361">
	<ele>180.59</ele>
	<time>2017-08-10T07:58:40.000Z</time>
	<pdop>10.00</pdop>
	<extensions>
		<gpxtpx:TrackPointExtension>
			<gpxtpx:course>233.4</gpxtpx:course>
		</gpxtpx:TrackPointExtension>
	</extensions>
</trkpt>
<trkpt lat="46.901742" lon="17.882313">
	<ele>180.61</ele>
	<time>2017-08-10T07:58:50.698Z</time>
	<pdop>9.00</pdop>
	<extensions>
		<gpxtpx:TrackPointExtension>
			<gpxtpx:course>236.1</gpxtpx:course>
		</gpxtpx:TrackPointExtension>
	</extensions>
</trkpt>
<trkpt lat="46.901685" lon="17.882203">
	<ele>180.85</ele>
	<time>2017-08-10T07:59:00.000Z</time>
	<pdop>9.00</pdop>
	<extensions>
		<gpxtpx:TrackPointExtension>
			<gpxtpx:course>227.1</gpxtpx:course>
		</gpxtpx:TrackPointExtension>
	</extensions>
</trkpt>
<trkpt lat="46.901654" lon="17.882170">
	<ele>183.54</ele>
	<time>2017-08-10T07:59:10.000Z</time>
	<pdop>9.00</pdop>
	<extensions>
		<gpxtpx:TrackPointExtension>
			<gpxtpx:course>199.2</gpxtpx:course>
		</gpxtpx:TrackPointExtension>
	</extensions>
</trkpt>
<trkpt lat="46.901574" lon="17.882082">
	<ele>181.11</ele>
	<time>2017-08-10T07:59:20.000Z</time>
	<pdop>9.00</pdop>
	<extensions>
		<gpxtpx:TrackPointExtension>
			<gpxtpx:course>231.1</gpxtpx:course>
		</gpxtpx:TrackPointExtension>
	</extensions>
</trkpt>
<trkpt lat="46.901508" lon="17.881993">
	<ele>180.83</ele>
	<time>2017-08-10T07:59:30.000Z</time>
	<pdop>9.00</pdop>
	<extensions>
		<gpxtpx:TrackPointExtension>
			<gpxtpx:course>241.3</gpxtpx:course>
		</gpxtpx:TrackPointExtension>
	</extensions>
</trkpt>
<trkpt lat="46.901490" lon="17.881946">
	<ele>179.86</ele>
	<time>2017-08-10T07:59:40.000Z</time>
	<pdop>10.00</pdop>
	<extensions>
		<gpxtpx:TrackPointExtension>
			<gpxtpx:course>241.3</gpxtpx:course>
		</gpxtpx:TrackPointExtension>
	</extensions>
</trkpt>
<trkpt lat="46.901476" lon="17.881866">
	<ele>178.85</ele>
	<time>2017-08-10T07:59:50.000Z</time>
	<pdop>9.00</pdop>
	<extensions>
		<gpxtpx:TrackPointExtension>
			<gpxtpx:course>241.3</gpxtpx:course>
		</gpxtpx:TrackPointExtension>
	</extensions>
</trkpt>
<trkpt lat="46.901498" lon="17.881838">
	<ele>178.82</ele>
	<time>2017-08-10T08:00:00.000Z</time>
	<pdop>9.00</pdop>
	<extensions>
		<gpxtpx:TrackPointExtension>
			<gpxtpx:course>241.3</gpxtpx:course>
		</gpxtpx:TrackPointExtension>
	</extensions>
</trkpt>
<trkpt lat="46.901533" lon="17.881827">
	<ele>179.80</ele>
	<time>2017-08-10T08:00:11.034Z</time>
	<pdop>10.00</pdop>
	<extensions>
		<gpxtpx:TrackPointExtension>
			<gpxtpx:course>241.3</gpxtpx:course>
		</gpxtpx:TrackPointExtension>
	</extensions>
</trkpt>
<trkpt lat="46.901603" lon="17.881793">
	<ele>177.66</ele>
	<time>2017-08-10T08:00:21.345Z</time>
	<pdop>10.00</pdop>
	<extensions>
		<gpxtpx:TrackPointExtension>
			<gpxtpx:course>241.3</gpxtpx:course>
		</gpxtpx:TrackPointExtension>
	</extensions>
</trkpt>
<trkpt lat="46.901664" lon="17.881798">
	<ele>179.60</ele>
	<time>2017-08-10T08:00:31.000Z</time>
	<pdop>9.00</pdop>
	<extensions>
		<gpxtpx:TrackPointExtension>
			<gpxtpx:course>241.3</gpxtpx:course>
		</gpxtpx:TrackPointExtension>
	</extensions>
</trkpt>
<trkpt lat="46.901677" lon="17.881833">
	<ele>178.85</ele>
	<time>2017-08-10T08:00:40.214Z</time>
	<pdop>9.00</pdop>
	<extensions>
		<gpxtpx:TrackPointExtension>
			<gpxtpx:course>241.3</gpxtpx:course>
		</gpxtpx:TrackPointExtension>
	</extensions>
</trkpt>
<trkpt lat="46.901748" lon="17.881916">
	<ele>180.92</ele>
	<time>2017-08-10T08:00:50.000Z</time>
	<pdop>9.00</pdop>
	<extensions>
		<gpxtpx:TrackPointExtension>
			<gpxtpx:course>38.2</gpxtpx:course>
		</gpxtpx:TrackPointExtension>
	</extensions>
</trkpt>
<trkpt lat="46.901808" lon="17.881931">
	<ele>181.84</ele>
	<time>2017-08-10T08:01:00.000Z</time>
	<pdop>10.00</pdop>
	<extensions>
		<gpxtpx:TrackPointExtension>
			<gpxtpx:course>38.2</gpxtpx:course>
		</gpxtpx:TrackPointExtension>
	</extensions>
</trkpt>
<trkpt lat="46.901893" lon="17.881956">
	<ele>182.84</ele>
	<time>2017-08-10T08:01:10.000Z</time>
	<pdop>10.00</pdop>
	<extensions>
		<gpxtpx:TrackPointExtension>
			<gpxtpx:course>38.2</gpxtpx:course>
		</gpxtpx:TrackPointExtension>
	</extensions>
</trkpt>
<trkpt lat="46.901936" lon="17.881968">
	<ele>179.87</ele>
	<time>2017-08-10T08:01:20.124Z</time>
	<pdop>9.00</pdop>
	<extensions>
		<gpxtpx:TrackPointExtension>
			<gpxtpx:course>38.2</gpxtpx:course>
		</gpxtpx:TrackPointExtension>
	</extensions>
</trkpt>
<trkpt lat="46.901973" lon="17.881992">
	<ele>181.58</ele>
	<time>2017-08-10T08:01:30.000Z</time>
	<pdop>10.00</pdop>
	<extensions>
		<gpxtpx:TrackPointExtension>
			<gpxtpx:course>38.2</gpxtpx:course>
		</gpxtpx:TrackPointExtension>
	</extensions>
</trkpt>
<trkpt lat="46.902027" lon="17.881980">
	<ele>178.58</ele>
	<time>2017-08-10T08:01:41.000Z</time>
	<pdop>10.00</pdop>
	<extensions>
		<gpxtpx:TrackPointExtension>
			<gpxtpx:course>38.2</gpxtpx:course>
		</gpxtpx:TrackPointExtension>
	</extensions>
</trkpt>
<trkpt lat="46.902091" lon="17.881895">
	<ele>181.72</ele>
	<time>2017-08-10T08:01:51.000Z</time>
	<pdop>10.00</pdop>
	<extensions>
		<gpxtpx:TrackPointExtension>
			<gpxtpx:course>312.4</gpxtpx:course>
		</gpxtpx:TrackPointExtension>
	</extensions>
</trkpt>
<trkpt lat="46.902122" lon="17.881837">
	<ele>180.10</ele>
	<time>2017-08-10T08:02:01.000Z</time>
	<pdop>10.00</pdop>
	<extensions>
		<gpxtpx:TrackPointExtension>
			<gpxtpx:course>312.4</gpxtpx:course>
		</gpxtpx:TrackPointExtension>
	</extensions>
</trkpt>
<trkpt lat="46.902146" lon="17.881799">
	<ele>178.85</ele>
	<time>2017-08-10T08:02:11.000Z</time>
	<pdop>10.00</pdop>
	<extensions>
		<gpxtpx:TrackPointExtension>
			<gpxtpx:course>312.4</gpxtpx:course>
		</gpxtpx:TrackPointExtension>
	</extensions>
</trkpt>
<trkpt lat="46.902181" lon="17.881748">
	<ele>177.09</ele>
	<time>2017-08-10T08:02:21.373Z</time>
	<pdop>10.00</pdop>
	<extensions>
		<gpxtpx:TrackPointExtension>
			<gpxtpx:course>312.4</gpxtpx:course>
		</gpxtpx:TrackPointExtension>
	</extensions>
</trkpt>
<trkpt lat="46.902249" lon="17.881654">
	<ele>174.65</ele>
	<time>2017-08-10T08:02:31.000Z</time>
	<pdop>10.00</pdop>
	<extensions>
		<gpxtpx:TrackPointExtension>
			<gpxtpx:course>312.4</gpxtpx:course>
		</gpxtpx:TrackPointExtension>
	</extensions>
</trkpt>
<trkpt lat="46.902319" lon="17.881567">
	<ele>173.11</ele>
	<time>2017-08-10T08:02:41.000Z</time>
	<pdop>10.00</pdop>
	<extensions>
		<gpxtpx:TrackPointExtension>
			<gpxtpx:course>324.6</gpxtpx:course>
		</gpxtpx:TrackPointExtension>
	</extensions>
</trkpt>
<trkpt lat="46.902394" lon="17.881477">
	<ele>168.15</ele>
	<time>2017-08-10T08:02:51.000Z</time>
	<pdop>10.00</pdop>
	<extensions>
		<gpxtpx:TrackPointExtension>
			<gpxtpx:course>328.9</gpxtpx:course>
		</gpxtpx:TrackPointExtension>
	</extensions>
</trkpt>
<trkpt lat="46.902450" lon="17.881402">
	<ele>172.65</ele>
	<time>2017-08-10T08:03:01.000Z</time>
	<pdop>10.00</pdop>
	<extensions>
		<gpxtpx:TrackPointExtension>
			<gpxtpx:course>327.3</gpxtpx:course>
		</gpxtpx:TrackPointExtension>
	</extensions>
</trkpt>
<trkpt lat="46.902459" lon="17.881393">
	<ele>172.10</ele>
	<time>2017-08-10T08:03:18.000Z</time>
	<pdop>10.00</pdop>
	<extensions>
		<gpxtpx:TrackPointExtension>
			<gpxtpx:course>327.3</gpxtpx:course>
		</gpxtpx:TrackPointExtension>
	</extensions>
</trkpt>
<trkpt lat="46.902552" lon="17.881260">
	<ele>178.78</ele>
	<time>2017-08-10T08:03:28.000Z</time>
	<pdop>10.00</pdop>
	<extensions>
		<gpxtpx:TrackPointExtension>
			<gpxtpx:course>349.6</gpxtpx:course>
		</gpxtpx:TrackPointExtension>
	</extensions>
</trkpt>
<trkpt lat="46.902646" lon="17.881295">
	<ele>179.85</ele>
	<time>2017-08-10T08:03:38.000Z</time>
	<pdop>10.00</pdop>
	<extensions>
		<gpxtpx:TrackPointExtension>
			<gpxtpx:course>66.0</gpxtpx:course>
		</gpxtpx:TrackPointExtension>
	</extensions>
</trkpt>
<trkpt lat="46.902672" lon="17.881312">
	<ele>179.91</ele>
	<time>2017-08-10T08:03:48.000Z</time>
	<pdop>10.00</pdop>
	<extensions>
		<gpxtpx:TrackPointExtension>
			<gpxtpx:course>59.7</gpxtpx:course>
		</gpxtpx:TrackPointExtension>
	</extensions>
</trkpt>
<trkpt lat="46.902684" lon="17.881332">
	<ele>180.85</ele>
	<time>2017-08-10T08:04:11.153Z</time>
	<pdop>10.00</pdop>
	<extensions>
		<gpxtpx:TrackPointExtension>
			<gpxtpx:course>59.7</gpxtpx:course>
		</gpxtpx:TrackPointExtension>
	</extensions>
</trkpt>
<trkpt lat="46.902802" lon="17.881416">
	<ele>175.12</ele>
	<time>2017-08-10T08:04:21.000Z</time>
	<pdop>10.00</pdop>
	<extensions>
		<gpxtpx:TrackPointExtension>
			<gpxtpx:course>23.3</gpxtpx:course>
		</gpxtpx:TrackPointExtension>
	</extensions>
</trkpt>
<trkpt lat="46.902832" lon="17.881489">
	<ele>174.64</ele>
	<time>2017-08-10T08:04:31.724Z</time>
	<pdop>11.00</pdop>
	<extensions>
		<gpxtpx:TrackPointExtension>
			<gpxtpx:course>73.6</gpxtpx:course>
		</gpxtpx:TrackPointExtension>
	</extensions>
</trkpt>
<trkpt lat="46.902841" lon="17.881541">
	<ele>169.36</ele>
	<time>2017-08-10T08:04:41.000Z</time>
	<pdop>12.00</pdop>
	<extensions>
		<gpxtpx:TrackPointExtension>
			<gpxtpx:course>73.6</gpxtpx:course>
		</gpxtpx:TrackPointExtension>
	</extensions>
</trkpt>
<trkpt lat="46.902852" lon="17.881573">
	<ele>170.84</ele>
	<time>2017-08-10T08:04:51.000Z</time>
	<pdop>10.00</pdop>
	<extensions>
		<gpxtpx:TrackPointExtension>
			<gpxtpx:course>73.6</gpxtpx:course>
		</gpxtpx:TrackPointExtension>
	</extensions>
</trkpt>
<trkpt lat="46.902868" lon="17.881580">
	<ele>170.85</ele>
	<time>2017-08-10T08:05:01.000Z</time>
	<pdop>10.00</pdop>
	<extensions>
		<gpxtpx:TrackPointExtension>
			<gpxtpx:course>73.6</gpxtpx:course>
		</gpxtpx:TrackPointExtension>
	</extensions>
</trkpt>
<trkpt lat="46.902918" lon="17.881629">
	<ele>169.84</ele>
	<time>2017-08-10T08:05:10.135Z</time>
	<pdop>10.00</pdop>
	<extensions>
		<gpxtpx:TrackPointExtension>
			<gpxtpx:course>73.6</gpxtpx:course>
		</gpxtpx:TrackPointExtension>
	</extensions>
</trkpt>
<trkpt lat="46.903028" lon="17.881728">
	<ele>176.58</ele>
	<time>2017-08-10T08:05:20.000Z</time>
	<pdop>11.00</pdop>
	<extensions>
		<gpxtpx:TrackPointExtension>
			<gpxtpx:course>32.0</gpxtpx:course>
		</gpxtpx:TrackPointExtension>
	</extensions>
</trkpt>
<trkpt lat="46.903090" lon="17.881805">
	<ele>170.80</ele>
	<time>2017-08-10T08:05:30.000Z</time>
	<pdop>11.00</pdop>
	<extensions>
		<gpxtpx:TrackPointExtension>
			<gpxtpx:course>79.6</gpxtpx:course>
		</gpxtpx:TrackPointExtension>
	</extensions>
</trkpt>
<trkpt lat="46.903159" lon="17.881843">
	<ele>169.83</ele>
	<time>2017-08-10T08:05:40.000Z</time>
	<pdop>10.00</pdop>
	<extensions>
		<gpxtpx:TrackPointExtension>
			<gpxtpx:course>79.6</gpxtpx:course>
		</gpxtpx:TrackPointExtension>
	</extensions>
</trkpt>
<trkpt lat="46.903185" lon="17.881871">
	<ele>169.29</ele>
	<time>2017-08-10T08:05:49.608Z</time>
	<pdop>10.00</pdop>
	<extensions>
		<gpxtpx:TrackPointExtension>
			<gpxtpx:course>79.6</gpxtpx:course>
		</gpxtpx:TrackPointExtension>
	</extensions>
</trkpt>
<trkpt lat="46.903331" lon="17.882043">
	<ele>170.54</ele>
	<time>2017-08-10T08:05:59.000Z</time>
	<pdop>11.00</pdop>
	<extensions>
		<gpxtpx:TrackPointExtension>
			<gpxtpx:course>55.2</gpxtpx:course>
		</gpxtpx:TrackPointExtension>
	</extensions>
</trkpt>
<trkpt lat="46.903374" lon="17.882175">
	<ele>172.64</ele>
	<time>2017-08-10T08:06:08.035Z</time>
	<pdop>10.00</pdop>
	<extensions>
		<gpxtpx:TrackPointExtension>
			<gpxtpx:course>58.6</gpxtpx:course>
		</gpxtpx:TrackPointExtension>
	</extensions>
</trkpt>
<trkpt lat="46.903413" lon="17.882309">
	<ele>168.90</ele>
	<time>2017-08-10T08:06:18.000Z</time>
	<pdop>10.00</pdop>
	<extensions>
		<gpxtpx:TrackPointExtension>
			<gpxtpx:course>63.9</gpxtpx:course>
		</gpxtpx:TrackPointExtension>
	</extensions>
</trkpt>
<trkpt lat="46.903428" lon="17.882324">
	<ele>166.35</ele>
	<time>2017-08-10T08:06:35.000Z</time>
	<pdop>11.00</pdop>
	<extensions>
		<gpxtpx:TrackPointExtension>
			<gpxtpx:course>19.4</gpxtpx:course>
		</gpxtpx:TrackPointExtension>
	</extensions>
</trkpt>
<trkpt lat="46.903502" lon="17.882435">
	<ele>169.53</ele>
	<time>2017-08-10T08:06:47.184Z</time>
	<pdop>11.00</pdop>
	<extensions>
		<gpxtpx:TrackPointExtension>
			<gpxtpx:course>19.4</gpxtpx:course>
		</gpxtpx:TrackPointExtension>
	</extensions>
</trkpt>
<trkpt lat="46.903511" lon="17.882543">
	<ele>165.56</ele>
	<time>2017-08-10T08:06:57.000Z</time>
	<pdop>10.00</pdop>
</trkpt>
<trkpt lat="46.903520" lon="17.882554">
	<ele>166.85</ele>
	<time>2017-08-10T08:07:07.571Z</time>
	<pdop>10.00</pdop>
</trkpt>
<trkpt lat="46.903549" lon="17.882577">
	<ele>166.79</ele>
	<time>2017-08-10T08:07:17.000Z</time>
	<pdop>10.00</pdop>
	<extensions>
		<gpxtpx:TrackPointExtension>
			<gpxtpx:course>19.4</gpxtpx:course>
		</gpxtpx:TrackPointExtension>
	</extensions>
</trkpt>
<trkpt lat="46.903669" lon="17.882640">
	<ele>169.59</ele>
	<time>2017-08-10T08:07:27.000Z</time>
	<pdop>10.00</pdop>
	<extensions>
		<gpxtpx:TrackPointExtension>
			<gpxtpx:course>356.6</gpxtpx:course>
		</gpxtpx:TrackPointExtension>
	</extensions>
</trkpt>
<trkpt lat="46.903753" lon="17.882666">
	<ele>170.60</ele>
	<time>2017-08-10T08:07:37.000Z</time>
	<pdop>10.00</pdop>
	<extensions>
		<gpxtpx:TrackPointExtension>
			<gpxtpx:course>356.6</gpxtpx:course>
		</gpxtpx:TrackPointExtension>
	</extensions>
</trkpt>
<trkpt lat="46.903804" lon="17.882708">
	<ele>168.99</ele>
	<time>2017-08-10T08:07:47.000Z</time>
	<pdop>11.00</pdop>
	<extensions>
		<gpxtpx:TrackPointExtension>
			<gpxtpx:course>356.6</gpxtpx:course>
		</gpxtpx:TrackPointExtension>
	</extensions>
</trkpt>
<trkpt lat="46.903912" lon="17.882740">
	<ele>167.94</ele>
	<time>2017-08-10T08:07:57.000Z</time>
	<pdop>10.00</pdop>
	<extensions>
		<gpxtpx:TrackPointExtension>
			<gpxtpx:course>356.6</gpxtpx:course>
		</gpxtpx:TrackPointExtension>
	</extensions>
</trkpt>
<trkpt lat="46.904017" lon="17.882730">
	<ele>165.80</ele>
	<time>2017-08-10T08:08:08.256Z</time>
	<pdop>10.00</pdop>
	<extensions>
		<gpxtpx:TrackPointExtension>
			<gpxtpx:course>348.2</gpxtpx:course>
		</gpxtpx:TrackPointExtension>
	</extensions>
</trkpt>
<trkpt lat="46.904088" lon="17.882746">
	<ele>163.97</ele>
	<time>2017-08-10T08:08:18.000Z</time>
	<pdop>10.00</pdop>
	<extensions>
		<gpxtpx:TrackPointExtension>
			<gpxtpx:course>348.2</gpxtpx:course>
		</gpxtpx:TrackPointExtension>
	</extensions>
</trkpt>
<trkpt lat="46.904115" lon="17.882758">
	<ele>165.85</ele>
	<time>2017-08-10T08:08:28.000Z</time>
	<pdop>9.00</pdop>
	<extensions>
		<gpxtpx:TrackPointExtension>
			<gpxtpx:course>348.2</gpxtpx:course>
		</gpxtpx:TrackPointExtension>
	</extensions>
</trkpt>
<trkpt lat="46.904187" lon="17.882798">
	<ele>158.45</ele>
	<time>2017-08-10T08:08:39.098Z</time>
	<pdop>10.00</pdop>
	<extensions>
		<gpxtpx:TrackPointExtension>
			<gpxtpx:course>20.7</gpxtpx:course>
		</gpxtpx:TrackPointExtension>
	</extensions>
</trkpt>
<trkpt lat="46.904293" lon="17.882856">
	<ele>156.58</ele>
	<time>2017-08-10T08:08:49.000Z</time>
	<pdop>10.00</pdop>
</trkpt>
<trkpt lat="46.904312" lon="17.882857">
	<ele>156.91</ele>
	<time>2017-08-10T08:08:58.262Z</time>
	<pdop>10.00</pdop>
	<extensions>
		<gpxtpx:TrackPointExtension>
			<gpxtpx:course>7.8</gpxtpx:course>
		</gpxtpx:TrackPointExtension>
	</extensions>
</trkpt>
<trkpt lat="46.904413" lon="17.882933">
	<ele>156.77</ele>
	<time>2017-08-10T08:09:08.000Z</time>
	<pdop>10.00</pdop>
	<extensions>
		<gpxtpx:TrackPointExtension>
			<gpxtpx:course>35.0</gpxtpx:course>
		</gpxtpx:TrackPointExtension>
	</extensions>
</trkpt>
<trkpt lat="46.904478" lon="17.882988">
	<ele>156.66</ele>
	<time>2017-08-10T08:09:17.148Z</time>
	<pdop>10.00</pdop>
	<extensions>
		<gpxtpx:TrackPointExtension>
			<gpxtpx:course>47.8</gpxtpx:course>
		</gpxtpx:TrackPointExtension>
	</extensions>
</trkpt>
<trkpt lat="46.904566" lon="17.883093">
	<ele>154.25</ele>
	<time>2017-08-10T08:09:27.000Z</time>
	<pdop>10.00</pdop>
	<extensions>
		<gpxtpx:TrackPointExtension>
			<gpxtpx:course>65.4</gpxtpx:course>
		</gpxtpx:TrackPointExtension>
	</extensions>
</trkpt>
<trkpt lat="46.904605" lon="17.883177">
	<ele>151.59</ele>
	<time>2017-08-10T08:09:37.150Z</time>
	<pdop>10.00</pdop>
	<extensions>
		<gpxtpx:TrackPointExtension>
			<gpxtpx:course>58.2</gpxtpx:course>
		</gpxtpx:TrackPointExtension>
	</extensions>
</trkpt>
<trkpt lat="46.904692" lon="17.883282">
	<ele>148.85</ele>
	<time>2017-08-10T08:09:47.000Z</time>
	<pdop>10.00</pdop>
	<extensions>
		<gpxtpx:TrackPointExtension>
			<gpxtpx:course>26.4</gpxtpx:course>
		</gpxtpx:TrackPointExtension>
	</extensions>
</trkpt>
<trkpt lat="46.904743" lon="17.883323">
	<ele>147.10</ele>
	<time>2017-08-10T08:09:59.135Z</time>
	<pdop>10.00</pdop>
	<extensions>
		<gpxtpx:TrackPointExtension>
			<gpxtpx:course>27.7</gpxtpx:course>
		</gpxtpx:TrackPointExtension>
	</extensions>
</trkpt>
<trkpt lat="46.904782" lon="17.883392">
	<ele>145.81</ele>
	<time>2017-08-10T08:10:09.000Z</time>
	<pdop>4.00</pdop>
	<extensions>
		<gpxtpx:TrackPointExtension>
			<gpxtpx:course>27.7</gpxtpx:course>
		</gpxtpx:TrackPointExtension>
	</extensions>
</trkpt>
<trkpt lat="46.904791" lon="17.883460">
	<ele>145.80</ele>
	<time>2017-08-10T08:10:19.000Z</time>
	<pdop>3.00</pdop>
	<extensions>
		<gpxtpx:TrackPointExtension>
			<gpxtpx:course>27.7</gpxtpx:course>
		</gpxtpx:TrackPointExtension>
	</extensions>
</trkpt>
<trkpt lat="46.904822" lon="17.883543">
	<ele>143.61</ele>
	<time>2017-08-10T08:10:29.000Z</time>
	<pdop>4.00</pdop>
	<extensions>
		<gpxtpx:TrackPointExtension>
			<gpxtpx:course>27.7</gpxtpx:course>
		</gpxtpx:TrackPointExtension>
	</extensions>
</trkpt>
<trkpt lat="46.904853" lon="17.883621">
	<ele>145.73</ele>
	<time>2017-08-10T08:10:41.189Z</time>
	<pdop>4.00</pdop>
	<extensions>
		<gpxtpx:TrackPointExtension>
			<gpxtpx:course>27.7</gpxtpx:course>
		</gpxtpx:TrackPointExtension>
	</extensions>
</trkpt>
<trkpt lat="46.904898" lon="17.883686">
	<ele>143.10</ele>
	<time>2017-08-10T08:10:51.000Z</time>
	<pdop>4.00</pdop>
	<extensions>
		<gpxtpx:TrackPointExtension>
			<gpxtpx:course>27.7</gpxtpx:course>
		</gpxtpx:TrackPointExtension>
	</extensions>
</trkpt>
<trkpt lat="46.904915" lon="17.883706">
	<ele>143.10</ele>
	<time>2017-08-10T08:11:00.345Z</time>
	<pdop>4.00</pdop>
	<extensions>
		<gpxtpx:TrackPointExtension>
			<gpxtpx:course>27.7</gpxtpx:course>
		</gpxtpx:TrackPointExtension>
	</extensions>
</trkpt>
<trkpt lat="46.904978" lon="17.883775">
	<ele>141.81</ele>
	<time>2017-08-10T08:11:10.000Z</time>
	<pdop>4.00</pdop>
	<extensions>
		<gpxtpx:TrackPointExtension>
			<gpxtpx:course>27.7</gpxtpx:course>
		</gpxtpx:TrackPointExtension>
	</extensions>
</trkpt>
<trkpt lat="46.904990" lon="17.883813">
	<ele>140.80</ele>
	<time>2017-08-10T08:11:20.166Z</time>
	<pdop>9.00</pdop>
	<extensions>
		<gpxtpx:TrackPointExtension>
			<gpxtpx:course>27.7</gpxtpx:course>
		</gpxtpx:TrackPointExtension>
	</extensions>
</trkpt>
<trkpt lat="46.905001" lon="17.883838">
	<ele>141.60</ele>
	<time>2017-08-10T08:11:30.000Z</time>
	<pdop>9.00</pdop>
	<extensions>
		<gpxtpx:TrackPointExtension>
			<gpxtpx:course>27.7</gpxtpx:course>
		</gpxtpx:TrackPointExtension>
	</extensions>
</trkpt>
<trkpt lat="46.904991" lon="17.883834">
	<ele>142.10</ele>
	<time>2017-08-10T08:11:42.000Z</time>
	<pdop>9.00</pdop>
	<extensions>
		<gpxtpx:TrackPointExtension>
			<gpxtpx:course>27.7</gpxtpx:course>
		</gpxtpx:TrackPointExtension>
	</extensions>
</trkpt>
<trkpt lat="46.904952" lon="17.883841">
	<ele>140.86</ele>
	<time>2017-08-10T08:11:52.000Z</time>
	<pdop>10.00</pdop>
	<extensions>
		<gpxtpx:TrackPointExtension>
			<gpxtpx:course>27.7</gpxtpx:course>
		</gpxtpx:TrackPointExtension>
	</extensions>
</trkpt>
<trkpt lat="46.904957" lon="17.883851">
	<ele>142.84</ele>
	<time>2017-08-10T08:12:19.064Z</time>
	<pdop>10.00</pdop>
	<extensions>
		<gpxtpx:TrackPointExtension>
			<gpxtpx:course>27.7</gpxtpx:course>
		</gpxtpx:TrackPointExtension>
	</extensions>
</trkpt>
<trkpt lat="46.905024" lon="17.883907">
	<ele>141.80</ele>
	<time>2017-08-10T08:12:29.000Z</time>
	<pdop>10.00</pdop>
	<extensions>
		<gpxtpx:TrackPointExtension>
			<gpxtpx:course>27.7</gpxtpx:course>
		</gpxtpx:TrackPointExtension>
	</extensions>
</trkpt>
<trkpt lat="46.905067" lon="17.883977">
	<ele>141.10</ele>
	<time>2017-08-10T08:12:39.000Z</time>
	<pdop>4.00</pdop>
	<extensions>
		<gpxtpx:TrackPointExtension>
			<gpxtpx:course>63.5</gpxtpx:course>
		</gpxtpx:TrackPointExtension>
	</extensions>
</trkpt>
<trkpt lat="46.905069" lon="17.883964">
	<ele>139.68</ele>
	<time>2017-08-10T08:12:54.000Z</time>
	<pdop>4.00</pdop>
	<extensions>
		<gpxtpx:TrackPointExtension>
			<gpxtpx:course>63.5</gpxtpx:course>
		</gpxtpx:TrackPointExtension>
	</extensions>
</trkpt>
<trkpt lat="46.905080" lon="17.883970">
	<ele>139.85</ele>
	<time>2017-08-10T08:13:05.000Z</time>
	<pdop>4.00</pdop>
	<extensions>
		<gpxtpx:TrackPointExtension>
			<gpxtpx:course>63.5</gpxtpx:course>
		</gpxtpx:TrackPointExtension>
	</extensions>
</trkpt>
<trkpt lat="46.905105" lon="17.884043">
	<ele>139.35</ele>
	<time>2017-08-10T08:13:15.000Z</time>
	<pdop>5.00</pdop>
	<extensions>
		<gpxtpx:TrackPointExtension>
			<gpxtpx:course>54.9</gpxtpx:course>
		</gpxtpx:TrackPointExtension>
	</extensions>
</trkpt>
<trkpt lat="46.905145" lon="17.884105">
	<ele>141.78</ele>
	<time>2017-08-10T08:13:25.000Z</time>
	<pdop>4.00</pdop>
	<extensions>
		<gpxtpx:TrackPointExtension>
			<gpxtpx:course>60.2</gpxtpx:course>
		</gpxtpx:TrackPointExtension>
	</extensions>
</trkpt>
<trkpt lat="46.905173" lon="17.884145">
	<ele>139.10</ele>
	<time>2017-08-10T08:13:35.000Z</time>
	<pdop>4.00</pdop>
	<extensions>
		<gpxtpx:TrackPointExtension>
			<gpxtpx:course>60.2</gpxtpx:course>
		</gpxtpx:TrackPointExtension>
	</extensions>
</trkpt>
<trkpt lat="46.905201" lon="17.884298">
	<ele>138.84</ele>
	<time>2017-08-10T08:13:45.000Z</time>
	<pdop>4.00</pdop>
	<extensions>
		<gpxtpx:TrackPointExtension>
			<gpxtpx:course>65.5</gpxtpx:course>
		</gpxtpx:TrackPointExtension>
	</extensions>
</trkpt>
<trkpt lat="46.905243" lon="17.884439">
	<ele>138.83</ele>
	<time>2017-08-10T08:13:55.000Z</time>
	<pdop>4.00</pdop>
	<extensions>
		<gpxtpx:TrackPointExtension>
			<gpxtpx:course>56.2</gpxtpx:course>
		</gpxtpx:TrackPointExtension>
	</extensions>
</trkpt>
<trkpt lat="46.905283" lon="17.884584">
	<ele>137.09</ele>
	<time>2017-08-10T08:14:05.000Z</time>
	<pdop>4.00</pdop>
	<extensions>
		<gpxtpx:TrackPointExtension>
			<gpxtpx:course>57.5</gpxtpx:course>
		</gpxtpx:TrackPointExtension>
	</extensions>
</trkpt>
<trkpt lat="46.905316" lon="17.884714">
	<ele>136.79</ele>
	<time>2017-08-10T08:14:15.000Z</time>
	<pdop>4.00</pdop>
	<extensions>
		<gpxtpx:TrackPointExtension>
			<gpxtpx:course>56.5</gpxtpx:course>
		</gpxtpx:TrackPointExtension>
	</extensions>
</trkpt>
<trkpt lat="46.905359" lon="17.884850">
	<ele>139.58</ele>
	<time>2017-08-10T08:14:25.000Z</time>
	<pdop>4.00</pdop>
	<extensions>
		<gpxtpx:TrackPointExtension>
			<gpxtpx:course>58.8</gpxtpx:course>
		</gpxtpx:TrackPointExtension>
	</extensions>
</trkpt>
<trkpt lat="46.905384" lon="17.885004">
	<ele>136.87</ele>
	<time>2017-08-10T08:14:35.000Z</time>
	<pdop>4.00</pdop>
	<extensions>
		<gpxtpx:TrackPointExtension>
			<gpxtpx:course>70.3</gpxtpx:course>
		</gpxtpx:TrackPointExtension>
	</extensions>
</trkpt>
<trkpt lat="46.905421" lon="17.885148">
	<ele>137.85</ele>
	<time>2017-08-10T08:14:45.000Z</time>
	<pdop>5.00</pdop>
	<extensions>
		<gpxtpx:TrackPointExtension>
			<gpxtpx:course>68.4</gpxtpx:course>
		</gpxtpx:TrackPointExtension>
	</extensions>
</trkpt>
<trkpt lat="46.905457" lon="17.885297">
	<ele>136.11</ele>
	<time>2017-08-10T08:14:55.000Z</time>
	<pdop>5.00</pdop>
	<extensions>
		<gpxtpx:TrackPointExtension>
			<gpxtpx:course>71.3</gpxtpx:course>
		</gpxtpx:TrackPointExtension>
	</extensions>
</trkpt>
<trkpt lat="46.905501" lon="17.885442">
	<ele>135.65</ele>
	<time>2017-08-10T08:15:05.000Z</time>
	<pdop>6.00</pdop>
	<extensions>
		<gpxtpx:TrackPointExtension>
			<gpxtpx:course>66.0</gpxtpx:course>
		</gpxtpx:TrackPointExtension>
	</extensions>
</trkpt>
<trkpt lat="46.905577" lon="17.885579">
	<ele>137.85</ele>
	<time>2017-08-10T08:15:15.000Z</time>
	<pdop>6.00</pdop>
	<extensions>
		<gpxtpx:TrackPointExtension>
			<gpxtpx:course>57.0</gpxtpx:course>
		</gpxtpx:TrackPointExtension>
	</extensions>
</trkpt>
<trkpt lat="46.905606" lon="17.885718">
	<ele>138.78</ele>
	<time>2017-08-10T08:15:25.000Z</time>
	<pdop>5.00</pdop>
	<extensions>
		<gpxtpx:TrackPointExtension>
			<gpxtpx:course>70.0</gpxtpx:course>
		</gpxtpx:TrackPointExtension>
	</extensions>
</trkpt>
<trkpt lat="46.905671" lon="17.885865">
	<ele>135.68</ele>
	<time>2017-08-10T08:15:35.000Z</time>
	<pdop>5.00</pdop>
	<extensions>
		<gpxtpx:TrackPointExtension>
			<gpxtpx:course>58.3</gpxtpx:course>
		</gpxtpx:TrackPointExtension>
	</extensions>
</trkpt>
<trkpt lat="46.905696" lon="17.885966">
	<ele>134.85</ele>
	<time>2017-08-10T08:15:45.000Z</time>
	<pdop>3.00</pdop>
	<extensions>
		<gpxtpx:TrackPointExtension>
			<gpxtpx:course>114.2</gpxtpx:course>
		</gpxtpx:TrackPointExtension>
	</extensions>
</trkpt>
<trkpt lat="46.905703" lon="17.885957">
	<ele>134.85</ele>
	<time>2017-08-10T08:15:55.000Z</time>
	<pdop>3.00</pdop>
	<extensions>
		<gpxtpx:TrackPointExtension>
			<gpxtpx:course>114.2</gpxtpx:course>
		</gpxtpx:TrackPointExtension>
	</extensions>
</trkpt>
<trkpt lat="46.905712" lon="17.885972">
	<ele>133.85</ele>
	<time>2017-08-10T08:17:33.000Z</time>
	<pdop>3.00</pdop>
	<extensions>
		<gpxtpx:TrackPointExtension>
			<gpxtpx:course>114.2</gpxtpx:course>
		</gpxtpx:TrackPointExtension>
	</extensions>
</trkpt>
<trkpt lat="46.905734" lon="17.885999">
	<ele>133.10</ele>
	<time>2017-08-10T08:17:43.140Z</time>
	<pdop>3.00</pdop>
	<extensions>
		<gpxtpx:TrackPointExtension>
			<gpxtpx:course>48.0</gpxtpx:course>
		</gpxtpx:TrackPointExtension>
	</extensions>
</trkpt>
<trkpt lat="46.905773" lon="17.886092">
	<ele>132.85</ele>
	<time>2017-08-10T08:17:53.000Z</time>
	<pdop>4.00</pdop>
	<extensions>
		<gpxtpx:TrackPointExtension>
			<gpxtpx:course>69.7</gpxtpx:course>
		</gpxtpx:TrackPointExtension>
	</extensions>
</trkpt>
<trkpt lat="46.905825" lon="17.886241">
	<ele>133.83</ele>
	<time>2017-08-10T08:18:04.665Z</time>
	<pdop>4.00</pdop>
	<extensions>
		<gpxtpx:TrackPointExtension>
			<gpxtpx:course>58.1</gpxtpx:course>
		</gpxtpx:TrackPointExtension>
	</extensions>
</trkpt>
<trkpt lat="46.905934" lon="17.886284">
	<ele>134.79</ele>
	<time>2017-08-10T08:18:14.000Z</time>
	<pdop>4.00</pdop>
	<extensions>
		<gpxtpx:TrackPointExtension>
			<gpxtpx:course>348.2</gpxtpx:course>
		</gpxtpx:TrackPointExtension>
	</extensions>
</trkpt>
<trkpt lat="46.905984" lon="17.886289">
	<ele>134.60</ele>
	<time>2017-08-10T08:18:23.654Z</time>
	<pdop>3.00</pdop>
</trkpt>
<trkpt lat="46.906027" lon="17.886315">
	<ele>135.62</ele>
	<time>2017-08-10T08:18:33.000Z</time>
	<pdop>3.00</pdop>
	<extensions>
		<gpxtpx:TrackPointExtension>
			<gpxtpx:course>35.0</gpxtpx:course>
		</gpxtpx:TrackPointExtension>
	</extensions>
</trkpt>
<trkpt lat="46.906106" lon="17.886408">
	<ele>134.90</ele>
	<time>2017-08-10T08:18:44.757Z</time>
	<pdop>4.00</pdop>
	<extensions>
		<gpxtpx:TrackPointExtension>
			<gpxtpx:course>41.9</gpxtpx:course>
		</gpxtpx:TrackPointExtension>
	</extensions>
</trkpt>
<trkpt lat="46.906169" lon="17.886460">
	<ele>135.83</ele>
	<time>2017-08-10T08:18:54.000Z</time>
	<pdop>4.00</pdop>
	<extensions>
		<gpxtpx:TrackPointExtension>
			<gpxtpx:course>7.4</gpxtpx:course>
		</gpxtpx:TrackPointExtension>
	</extensions>
</trkpt>
<trkpt lat="46.906300" lon="17.886497">
	<ele>136.83</ele>
	<time>2017-08-10T08:19:04.000Z</time>
	<pdop>4.00</pdop>
	<extensions>
		<gpxtpx:TrackPointExtension>
			<gpxtpx:course>14.4</gpxtpx:course>
		</gpxtpx:TrackPointExtension>
	</extensions>
</trkpt>
<trkpt lat="46.906453" lon="17.886559">
	<ele>137.10</ele>
	<time>2017-08-10T08:19:14.000Z</time>
	<pdop>3.00</pdop>
	<extensions>
		<gpxtpx:TrackPointExtension>
			<gpxtpx:course>11.9</gpxtpx:course>
		</gpxtpx:TrackPointExtension>
	</extensions>
</trkpt>
<trkpt lat="46.906596" lon="17.886589">
	<ele>135.81</ele>
	<time>2017-08-10T08:19:24.000Z</time>
	<pdop>4.00</pdop>
	<extensions>
		<gpxtpx:TrackPointExtension>
			<gpxtpx:course>7.0</gpxtpx:course>
		</gpxtpx:TrackPointExtension>
	</extensions>
</trkpt>
<trkpt lat="46.906718" lon="17.886627">
	<ele>135.10</ele>
	<time>2017-08-10T08:19:34.000Z</time>
	<pdop>4.00</pdop>
	<extensions>
		<gpxtpx:TrackPointExtension>
			<gpxtpx:course>16.1</gpxtpx:course>
		</gpxtpx:TrackPointExtension>
	</extensions>
</trkpt>
<trkpt lat="46.906803" lon="17.886680">
	<ele>134.85</ele>
	<time>2017-08-10T08:19:43.319Z</time>
	<pdop>3.00</pdop>
	<extensions>
		<gpxtpx:TrackPointExtension>
			<gpxtpx:course>22.9</gpxtpx:course>
		</gpxtpx:TrackPointExtension>
	</extensions>
</trkpt>
<trkpt lat="46.906917" lon="17.886768">
	<ele>134.85</ele>
	<time>2017-08-10T08:19:53.000Z</time>
	<pdop>3.00</pdop>
	<extensions>
		<gpxtpx:TrackPointExtension>
			<gpxtpx:course>29.9</gpxtpx:course>
		</gpxtpx:TrackPointExtension>
	</extensions>
</trkpt>
<trkpt lat="46.907006" lon="17.886826">
	<ele>134.85</ele>
	<time>2017-08-10T08:20:02.126Z</time>
	<pdop>3.00</pdop>
	<extensions>
		<gpxtpx:TrackPointExtension>
			<gpxtpx:course>20.4</gpxtpx:course>
		</gpxtpx:TrackPointExtension>
	</extensions>
</trkpt>
<trkpt lat="46.907133" lon="17.886860">
	<ele>134.85</ele>
	<time>2017-08-10T08:20:12.000Z</time>
	<pdop>3.00</pdop>
	<extensions>
		<gpxtpx:TrackPointExtension>
			<gpxtpx:course>359.7</gpxtpx:course>
		</gpxtpx:TrackPointExtension>
	</extensions>
</trkpt>
<trkpt lat="46.907247" lon="17.886851">
	<ele>134.04</ele>
	<time>2017-08-10T08:20:22.399Z</time>
	<pdop>3.00</pdop>
	<extensions>
		<gpxtpx:TrackPointExtension>
			<gpxtpx:course>355.5</gpxtpx:course>
		</gpxtpx:TrackPointExtension>
	</extensions>
</trkpt>
<trkpt lat="46.907332" lon="17.886847">
	<ele>133.85</ele>
	<time>2017-08-10T08:20:33.180Z</time>
	<pdop>3.00</pdop>
	<extensions>
		<gpxtpx:TrackPointExtension>
			<gpxtpx:course>2.2</gpxtpx:course>
		</gpxtpx:TrackPointExtension>
	</extensions>
</trkpt>
<trkpt lat="46.907527" lon="17.886906">
	<ele>133.85</ele>
	<time>2017-08-10T08:20:44.448Z</time>
	<pdop>4.00</pdop>
	<extensions>
		<gpxtpx:TrackPointExtension>
			<gpxtpx:course>356.2</gpxtpx:course>
		</gpxtpx:TrackPointExtension>
	</extensions>
</trkpt>
<trkpt lat="46.907650" lon="17.886904">
	<ele>131.94</ele>
	<time>2017-08-10T08:20:54.000Z</time>
	<pdop>4.00</pdop>
	<extensions>
		<gpxtpx:TrackPointExtension>
			<gpxtpx:course>0.0</gpxtpx:course>
		</gpxtpx:TrackPointExtension>
	</extensions>
</trkpt>
<trkpt lat="46.907729" lon="17.886977">
	<ele>130.91</ele>
	<time>2017-08-10T08:21:04.000Z</time>
	<pdop>3.00</pdop>
	<extensions>
		<gpxtpx:TrackPointExtension>
			<gpxtpx:course>34.4</gpxtpx:course>
		</gpxtpx:TrackPointExtension>
	</extensions>
</trkpt>
<trkpt lat="46.907812" lon="17.887084">
	<ele>129.85</ele>
	<time>2017-08-10T08:21:14.000Z</time>
	<pdop>3.00</pdop>
	<extensions>
		<gpxtpx:TrackPointExtension>
			<gpxtpx:course>40.9</gpxtpx:course>
		</gpxtpx:TrackPointExtension>
	</extensions>
</trkpt>
<trkpt lat="46.907872" lon="17.887176">
	<ele>130.78</ele>
	<time>2017-08-10T08:21:23.164Z</time>
	<pdop>3.00</pdop>
	<extensions>
		<gpxtpx:TrackPointExtension>
			<gpxtpx:course>44.1</gpxtpx:course>
		</gpxtpx:TrackPointExtension>
	</extensions>
</trkpt>
<trkpt lat="46.907961" lon="17.887303">
	<ele>130.91</ele>
	<time>2017-08-10T08:21:33.000Z</time>
	<pdop>3.00</pdop>
	<extensions>
		<gpxtpx:TrackPointExtension>
			<gpxtpx:course>37.0</gpxtpx:course>
		</gpxtpx:TrackPointExtension>
	</extensions>
</trkpt>
<trkpt lat="46.908070" lon="17.887420">
	<ele>130.10</ele>
	<time>2017-08-10T08:21:44.000Z</time>
	<pdop>3.00</pdop>
	<extensions>
		<gpxtpx:TrackPointExtension>
			<gpxtpx:course>35.6</gpxtpx:course>
		</gpxtpx:TrackPointExtension>
	</extensions>
</trkpt>
<trkpt lat="46.908165" lon="17.887516">
	<ele>130.85</ele>
	<time>2017-08-10T08:21:54.000Z</time>
	<pdop>3.00</pdop>
	<extensions>
		<gpxtpx:TrackPointExtension>
			<gpxtpx:course>33.2</gpxtpx:course>
		</gpxtpx:TrackPointExtension>
	</extensions>
</trkpt>
<trkpt lat="46.908247" lon="17.887615">
	<ele>130.66</ele>
	<time>2017-08-10T08:22:04.000Z</time>
	<pdop>3.00</pdop>
	<extensions>
		<gpxtpx:TrackPointExtension>
			<gpxtpx:course>59.8</gpxtpx:course>
		</gpxtpx:TrackPointExtension>
	</extensions>
</trkpt>
<trkpt lat="46.908304" lon="17.887697">
	<ele>131.83</ele>
	<time>2017-08-10T08:22:14.000Z</time>
	<pdop>3.00</pdop>
	<extensions>
		<gpxtpx:TrackPointExtension>
			<gpxtpx:course>52.9</gpxtpx:course>
		</gpxtpx:TrackPointExtension>
	</extensions>
</trkpt>
<trkpt lat="46.908340" lon="17.887696">
	<ele>132.85</ele>
	<time>2017-08-10T08:22:24.000Z</time>
	<pdop>3.00</pdop>
	<extensions>
		<gpxtpx:TrackPointExtension>
			<gpxtpx:course>27.3</gpxtpx:course>
		</gpxtpx:TrackPointExtension>
	</extensions>
</trkpt>
<trkpt lat="46.908349" lon="17.887699">
	<ele>133.85</ele>
	<time>2017-08-10T08:22:34.000Z</time>
	<pdop>4.00</pdop>
	<extensions>
		<gpxtpx:TrackPointExtension>
			<gpxtpx:course>27.3</gpxtpx:course>
		</gpxtpx:TrackPointExtension>
	</extensions>
</trkpt>
<trkpt lat="46.908361" lon="17.887711">
	<ele>132.85</ele>
	<time>2017-08-10T08:22:44.693Z</time>
	<pdop>3.00</pdop>
	<extensions>
		<gpxtpx:TrackPointExtension>
			<gpxtpx:course>27.3</gpxtpx:course>
		</gpxtpx:TrackPointExtension>
	</extensions>
</trkpt>
<trkpt lat="46.908399" lon="17.887743">
	<ele>132.15</ele>
	<time>2017-08-10T08:22:54.000Z</time>
	<pdop>4.00</pdop>
	<extensions>
		<gpxtpx:TrackPointExtension>
			<gpxtpx:course>27.3</gpxtpx:course>
		</gpxtpx:TrackPointExtension>
	</extensions>
</trkpt>
<trkpt lat="46.908452" lon="17.887778">
	<ele>130.30</ele>
	<time>2017-08-10T08:23:04.000Z</time>
	<pdop>3.00</pdop>
	<extensions>
		<gpxtpx:TrackPointExtension>
			<gpxtpx:course>30.3</gpxtpx:course>
		</gpxtpx:TrackPointExtension>
	</extensions>
</trkpt>
<trkpt lat="46.908555" lon="17.887722">
	<ele>129.85</ele>
	<time>2017-08-10T08:23:14.000Z</time>
	<pdop>3.00</pdop>
	<extensions>
		<gpxtpx:TrackPointExtension>
			<gpxtpx:course>317.4</gpxtpx:course>
		</gpxtpx:TrackPointExtension>
	</extensions>
</trkpt>
<trkpt lat="46.908602" lon="17.887693">
	<ele>129.80</ele>
	<time>2017-08-10T08:23:25.726Z</time>
	<pdop>4.00</pdop>
	<extensions>
		<gpxtpx:TrackPointExtension>
			<gpxtpx:course>334.7</gpxtpx:course>
		</gpxtpx:TrackPointExtension>
	</extensions>
</trkpt>
<trkpt lat="46.908621" lon="17.887712">
	<ele>128.97</ele>
	<time>2017-08-10T08:23:35.000Z</time>
	<pdop>4.00</pdop>
	<extensions>
		<gpxtpx:TrackPointExtension>
			<gpxtpx:course>55.1</gpxtpx:course>
		</gpxtpx:TrackPointExtension>
	</extensions>
</trkpt>
<trkpt lat="46.908634" lon="17.887732">
	<ele>128.10</ele>
	<time>2017-08-10T08:23:45.000Z</time>
	<pdop>3.00</pdop>
	<extensions>
		<gpxtpx:TrackPointExtension>
			<gpxtpx:course>56.7</gpxtpx:course>
		</gpxtpx:TrackPointExtension>
	</extensions>
</trkpt>
<trkpt lat="46.908682" lon="17.887839">
	<ele>128.60</ele>
	<time>2017-08-10T08:23:55.000Z</time>
	<pdop>4.00</pdop>
	<extensions>
		<gpxtpx:TrackPointExtension>
			<gpxtpx:course>52.7</gpxtpx:course>
		</gpxtpx:TrackPointExtension>
	</extensions>
</trkpt>
<trkpt lat="46.908755" lon="17.887986">
	<ele>129.80</ele>
	<time>2017-08-10T08:24:05.000Z</time>
	<pdop>3.00</pdop>
	<extensions>
		<gpxtpx:TrackPointExtension>
			<gpxtpx:course>58.2</gpxtpx:course>
		</gpxtpx:TrackPointExtension>
	</extensions>
</trkpt>
<trkpt lat="46.908827" lon="17.888109">
	<ele>132.08</ele>
	<time>2017-08-10T08:24:15.000Z</time>
	<pdop>3.00</pdop>
	<extensions>
		<gpxtpx:TrackPointExtension>
			<gpxtpx:course>49.5</gpxtpx:course>
		</gpxtpx:TrackPointExtension>
	</extensions>
</trkpt>
<trkpt lat="46.908897" lon="17.888223">
	<ele>133.55</ele>
	<time>2017-08-10T08:24:25.000Z</time>
	<pdop>3.00</pdop>
	<extensions>
		<gpxtpx:TrackPointExtension>
			<gpxtpx:course>53.7</gpxtpx:course>
		</gpxtpx:TrackPointExtension>
	</extensions>
</trkpt>
<trkpt lat="46.908958" lon="17.888369">
	<ele>132.10</ele>
	<time>2017-08-10T08:24:35.000Z</time>
	<pdop>3.00</pdop>
	<extensions>
		<gpxtpx:TrackPointExtension>
			<gpxtpx:course>42.2</gpxtpx:course>
		</gpxtpx:TrackPointExtension>
	</extensions>
</trkpt>
<trkpt lat="46.909074" lon="17.888426">
	<ele>132.85</ele>
	<time>2017-08-10T08:24:45.000Z</time>
	<pdop>4.00</pdop>
	<extensions>
		<gpxtpx:TrackPointExtension>
			<gpxtpx:course>20.3</gpxtpx:course>
		</gpxtpx:TrackPointExtension>
	</extensions>
</trkpt>
<trkpt lat="46.909144" lon="17.888474">
	<ele>131.85</ele>
	<time>2017-08-10T08:24:54.565Z</time>
	<pdop>4.00</pdop>
	<extensions>
		<gpxtpx:TrackPointExtension>
			<gpxtpx:course>23.4</gpxtpx:course>
		</gpxtpx:TrackPointExtension>
	</extensions>
</trkpt>
<trkpt lat="46.909300" lon="17.888474">
	<ele>138.58</ele>
	<time>2017-08-10T08:25:04.000Z</time>
	<pdop>4.00</pdop>
	<extensions>
		<gpxtpx:TrackPointExtension>
			<gpxtpx:course>7.5</gpxtpx:course>
		</gpxtpx:TrackPointExtension>
	</extensions>
</trkpt>
<trkpt lat="46.909401" lon="17.888474">
	<ele>137.83</ele>
	<time>2017-08-10T08:25:13.334Z</time>
	<pdop>4.00</pdop>
	<extensions>
		<gpxtpx:TrackPointExtension>
			<gpxtpx:course>16.2</gpxtpx:course>
		</gpxtpx:TrackPointExtension>
	</extensions>
</trkpt>
<trkpt lat="46.909532" lon="17.888497">
	<ele>137.55</ele>
	<time>2017-08-10T08:25:23.000Z</time>
	<pdop>4.00</pdop>
	<extensions>
		<gpxtpx:TrackPointExtension>
			<gpxtpx:course>5.7</gpxtpx:course>
		</gpxtpx:TrackPointExtension>
	</extensions>
</trkpt>
<trkpt lat="46.909640" lon="17.888484">
	<ele>134.92</ele>
	<time>2017-08-10T08:25:33.000Z</time>
	<pdop>4.00</pdop>
	<extensions>
		<gpxtpx:TrackPointExtension>
			<gpxtpx:course>352.9</gpxtpx:course>
		</gpxtpx:TrackPointExtension>
	</extensions>
</trkpt>
<trkpt lat="46.909747" lon="17.888430">
	<ele>133.55</ele>
	<time>2017-08-10T08:25:43.000Z</time>
	<pdop>4.00</pdop>
	<extensions>
		<gpxtpx:TrackPointExtension>
			<gpxtpx:course>344.3</gpxtpx:course>
		</gpxtpx:TrackPointExtension>
	</extensions>
</trkpt>
<trkpt lat="46.909893" lon="17.888378">
	<ele>132.67</ele>
	<time>2017-08-10T08:25:55.000Z</time>
	<pdop>10.00</pdop>
	<extensions>
		<gpxtpx:TrackPointExtension>
			<gpxtpx:course>337.8</gpxtpx:course>
		</gpxtpx:TrackPointExtension>
	</extensions>
</trkpt>
<trkpt lat="46.910008" lon="17.888272">
	<ele>135.10</ele>
	<time>2017-08-10T08:26:05.000Z</time>
	<pdop>10.00</pdop>
	<extensions>
		<gpxtpx:TrackPointExtension>
			<gpxtpx:course>311.2</gpxtpx:course>
		</gpxtpx:TrackPointExtension>
	</extensions>
</trkpt>
<trkpt lat="46.910088" lon="17.888215">
	<ele>133.82</ele>
	<time>2017-08-10T08:26:15.000Z</time>
	<pdop>10.00</pdop>
	<extensions>
		<gpxtpx:TrackPointExtension>
			<gpxtpx:course>331.0</gpxtpx:course>
		</gpxtpx:TrackPointExtension>
	</extensions>
</trkpt>
<trkpt lat="46.910238" lon="17.888250">
	<ele>133.85</ele>
	<time>2017-08-10T08:26:26.000Z</time>
	<pdop>10.00</pdop>
	<extensions>
		<gpxtpx:TrackPointExtension>
			<gpxtpx:course>20.8</gpxtpx:course>
		</gpxtpx:TrackPointExtension>
	</extensions>
</trkpt>
<trkpt lat="46.910234" lon="17.888193">
	<ele>137.53</ele>
	<time>2017-08-10T08:26:36.000Z</time>
	<pdop>9.00</pdop>
</trkpt>
<trkpt lat="46.910253" lon="17.888199">
	<ele>138.85</ele>
	<time>2017-08-10T08:26:46.000Z</time>
	<pdop>4.00</pdop>
</trkpt>
<trkpt lat="46.910237" lon="17.888189">
	<ele>135.85</ele>
	<time>2017-08-10T08:26:56.000Z</time>
	<pdop>3.00</pdop>
</trkpt>
<trkpt lat="46.910242" lon="17.888200">
	<ele>135.85</ele>
	<time>2017-08-10T08:27:12.000Z</time>
	<pdop>3.00</pdop>
</trkpt>
<trkpt lat="46.910278" lon="17.888205">
	<ele>138.74</ele>
	<time>2017-08-10T08:27:21.080Z</time>
	<pdop>4.00</pdop>
	<extensions>
		<gpxtpx:TrackPointExtension>
			<gpxtpx:course>13.1</gpxtpx:course>
		</gpxtpx:TrackPointExtension>
	</extensions>
</trkpt>
<trkpt lat="46.910405" lon="17.888268">
	<ele>142.60</ele>
	<time>2017-08-10T08:27:31.000Z</time>
	<pdop>4.00</pdop>
	<extensions>
		<gpxtpx:TrackPointExtension>
			<gpxtpx:course>37.2</gpxtpx:course>
		</gpxtpx:TrackPointExtension>
	</extensions>
</trkpt>
<trkpt lat="46.910458" lon="17.888322">
	<ele>142.10</ele>
	<time>2017-08-10T08:27:41.173Z</time>
	<pdop>3.00</pdop>
	<extensions>
		<gpxtpx:TrackPointExtension>
			<gpxtpx:course>29.1</gpxtpx:course>
		</gpxtpx:TrackPointExtension>
	</extensions>
</trkpt>
<trkpt lat="46.910522" lon="17.888411">
	<ele>141.78</ele>
	<time>2017-08-10T08:27:51.000Z</time>
	<pdop>4.00</pdop>
	<extensions>
		<gpxtpx:TrackPointExtension>
			<gpxtpx:course>71.1</gpxtpx:course>
		</gpxtpx:TrackPointExtension>
	</extensions>
</trkpt>
<trkpt lat="46.910610" lon="17.888462">
	<ele>144.83</ele>
	<time>2017-08-10T08:28:01.000Z</time>
	<pdop>4.00</pdop>
	<extensions>
		<gpxtpx:TrackPointExtension>
			<gpxtpx:course>17.7</gpxtpx:course>
		</gpxtpx:TrackPointExtension>
	</extensions>
</trkpt>
<trkpt lat="46.910697" lon="17.888482">
	<ele>146.83</ele>
	<time>2017-08-10T08:28:11.000Z</time>
	<pdop>4.00</pdop>
	<extensions>
		<gpxtpx:TrackPointExtension>
			<gpxtpx:course>7.6</gpxtpx:course>
		</gpxtpx:TrackPointExtension>
	</extensions>
</trkpt>
<trkpt lat="46.910751" lon="17.888444">
	<ele>145.85</ele>
	<time>2017-08-10T08:28:21.188Z</time>
	<pdop>4.00</pdop>
	<extensions>
		<gpxtpx:TrackPointExtension>
			<gpxtpx:course>348.0</gpxtpx:course>
		</gpxtpx:TrackPointExtension>
	</extensions>
</trkpt>
<trkpt lat="46.910773" lon="17.888423">
	<ele>144.60</ele>
	<time>2017-08-10T08:28:31.000Z</time>
	<pdop>3.00</pdop>
	<extensions>
		<gpxtpx:TrackPointExtension>
			<gpxtpx:course>2.8</gpxtpx:course>
		</gpxtpx:TrackPointExtension>
	</extensions>
</trkpt>
<trkpt lat="46.910846" lon="17.888335">
	<ele>144.80</ele>
	<time>2017-08-10T08:28:41.000Z</time>
	<pdop>4.00</pdop>
	<extensions>
		<gpxtpx:TrackPointExtension>
			<gpxtpx:course>328.0</gpxtpx:course>
		</gpxtpx:TrackPointExtension>
	</extensions>
</trkpt>
<trkpt lat="46.910926" lon="17.888245">
	<ele>143.66</ele>
	<time>2017-08-10T08:28:51.000Z</time>
	<pdop>4.00</pdop>
	<extensions>
		<gpxtpx:TrackPointExtension>
			<gpxtpx:course>310.7</gpxtpx:course>
		</gpxtpx:TrackPointExtension>
	</extensions>
</trkpt>
<trkpt lat="46.911018" lon="17.888174">
	<ele>143.85</ele>
	<time>2017-08-10T08:29:01.000Z</time>
	<pdop>4.00</pdop>
	<extensions>
		<gpxtpx:TrackPointExtension>
			<gpxtpx:course>326.4</gpxtpx:course>
		</gpxtpx:TrackPointExtension>
	</extensions>
</trkpt>
<trkpt lat="46.911091" lon="17.888095">
	<ele>143.85</ele>
	<time>2017-08-10T08:29:13.509Z</time>
	<pdop>4.00</pdop>
	<extensions>
		<gpxtpx:TrackPointExtension>
			<gpxtpx:course>327.5</gpxtpx:course>
		</gpxtpx:TrackPointExtension>
	</extensions>
</trkpt>
<trkpt lat="46.911185" lon="17.888012">
	<ele>144.85</ele>
	<time>2017-08-10T08:29:23.000Z</time>
	<pdop>3.00</pdop>
	<extensions>
		<gpxtpx:TrackPointExtension>
			<gpxtpx:course>331.8</gpxtpx:course>
		</gpxtpx:TrackPointExtension>
	</extensions>
</trkpt>
<trkpt lat="46.911230" lon="17.887962">
	<ele>143.85</ele>
	<time>2017-08-10T08:29:32.313Z</time>
	<pdop>3.00</pdop>
	<extensions>
		<gpxtpx:TrackPointExtension>
			<gpxtpx:course>321.4</gpxtpx:course>
		</gpxtpx:TrackPointExtension>
	</extensions>
</trkpt>
<trkpt lat="46.911429" lon="17.887749">
	<ele>143.72</ele>
	<time>2017-08-10T08:29:42.000Z</time>
	<pdop>4.00</pdop>
	<extensions>
		<gpxtpx:TrackPointExtension>
			<gpxtpx:course>315.9</gpxtpx:course>
		</gpxtpx:TrackPointExtension>
	</extensions>
</trkpt>
<trkpt lat="46.911466" lon="17.887696">
	<ele>144.10</ele>
	<time>2017-08-10T08:29:55.482Z</time>
	<pdop>5.00</pdop>
	<extensions>
		<gpxtpx:TrackPointExtension>
			<gpxtpx:course>334.6</gpxtpx:course>
		</gpxtpx:TrackPointExtension>
	</extensions>
</trkpt>
<trkpt lat="46.911529" lon="17.887648">
	<ele>142.10</ele>
	<time>2017-08-10T08:30:05.000Z</time>
	<pdop>4.00</pdop>
	<extensions>
		<gpxtpx:TrackPointExtension>
			<gpxtpx:course>2.2</gpxtpx:course>
		</gpxtpx:TrackPointExtension>
	</extensions>
</trkpt>
<trkpt lat="46.911528" lon="17.887632">
	<ele>142.60</ele>
	<time>2017-08-10T08:30:15.296Z</time>
	<pdop>5.00</pdop>
	<extensions>
		<gpxtpx:TrackPointExtension>
			<gpxtpx:course>2.2</gpxtpx:course>
		</gpxtpx:TrackPointExtension>
	</extensions>
</trkpt>
<trkpt lat="46.911524" lon="17.887597">
	<ele>141.57</ele>
	<time>2017-08-10T08:30:25.000Z</time>
	<pdop>6.00</pdop>
	<extensions>
		<gpxtpx:TrackPointExtension>
			<gpxtpx:course>2.2</gpxtpx:course>
		</gpxtpx:TrackPointExtension>
	</extensions>
</trkpt>
<trkpt lat="46.911610" lon="17.887509">
	<ele>142.09</ele>
	<time>2017-08-10T08:30:36.259Z</time>
	<pdop>5.00</pdop>
	<extensions>
		<gpxtpx:TrackPointExtension>
			<gpxtpx:course>310.7</gpxtpx:course>
		</gpxtpx:TrackPointExtension>
	</extensions>
</trkpt>
<trkpt lat="46.911752" lon="17.887356">
	<ele>147.04</ele>
	<time>2017-08-10T08:30:46.000Z</time>
	<pdop>4.00</pdop>
	<extensions>
		<gpxtpx:TrackPointExtension>
			<gpxtpx:course>333.7</gpxtpx:course>
		</gpxtpx:TrackPointExtension>
	</extensions>
</trkpt>
<trkpt lat="46.911807" lon="17.887287">
	<ele>147.86</ele>
	<time>2017-08-10T08:30:55.166Z</time>
	<pdop>5.00</pdop>
	<extensions>
		<gpxtpx:TrackPointExtension>
			<gpxtpx:course>333.8</gpxtpx:course>
		</gpxtpx:TrackPointExtension>
	</extensions>
</trkpt>
<trkpt lat="46.911897" lon="17.887190">
	<ele>146.63</ele>
	<time>2017-08-10T08:31:05.000Z</time>
	<pdop>6.00</pdop>
	<extensions>
		<gpxtpx:TrackPointExtension>
			<gpxtpx:course>319.1</gpxtpx:course>
		</gpxtpx:TrackPointExtension>
	</extensions>
</trkpt>
<trkpt lat="46.911946" lon="17.887121">
	<ele>148.85</ele>
	<time>2017-08-10T08:31:14.520Z</time>
	<pdop>4.00</pdop>
	<extensions>
		<gpxtpx:TrackPointExtension>
			<gpxtpx:course>321.4</gpxtpx:course>
		</gpxtpx:TrackPointExtension>
	</extensions>
</trkpt>
<trkpt lat="46.912027" lon="17.887020">
	<ele>147.36</ele>
	<time>2017-08-10T08:31:24.174Z</time>
	<pdop>4.00</pdop>
	<extensions>
		<gpxtpx:TrackPointExtension>
			<gpxtpx:course>334.5</gpxtpx:course>
		</gpxtpx:TrackPointExtension>
	</extensions>
</trkpt>
<trkpt lat="46.912104" lon="17.886942">
	<ele>146.83</ele>
	<time>2017-08-10T08:31:34.000Z</time>
	<pdop>4.00</pdop>
	<extensions>
		<gpxtpx:TrackPointExtension>
			<gpxtpx:course>330.1</gpxtpx:course>
		</gpxtpx:TrackPointExtension>
	</extensions>
</trkpt>
<trkpt lat="46.912103" lon="17.886927">
	<ele>147.79</ele>
	<time>2017-08-10T08:31:44.306Z</time>
	<pdop>4.00</pdop>
	<extensions>
		<gpxtpx:TrackPointExtension>
			<gpxtpx:course>330.1</gpxtpx:course>
		</gpxtpx:TrackPointExtension>
	</extensions>
</trkpt>
<trkpt lat="46.912199" lon="17.886913">
	<ele>147.03</ele>
	<time>2017-08-10T08:31:54.000Z</time>
	<pdop>9.00</pdop>
	<extensions>
		<gpxtpx:TrackPointExtension>
			<gpxtpx:course>3.6</gpxtpx:course>
		</gpxtpx:TrackPointExtension>
	</extensions>
</trkpt>
<trkpt lat="46.912202" lon="17.886900">
	<ele>148.83</ele>
	<time>2017-08-10T08:32:05.000Z</time>
	<pdop>3.00</pdop>
	<extensions>
		<gpxtpx:TrackPointExtension>
			<gpxtpx:course>31.2</gpxtpx:course>
		</gpxtpx:TrackPointExtension>
	</extensions>
</trkpt>
<trkpt lat="46.912196" lon="17.886887">
	<ele>148.85</ele>
	<time>2017-08-10T08:32:15.000Z</time>
	<pdop>4.00</pdop>
	<extensions>
		<gpxtpx:TrackPointExtension>
			<gpxtpx:course>31.2</gpxtpx:course>
		</gpxtpx:TrackPointExtension>
	</extensions>
</trkpt>
<trkpt lat="46.912286" lon="17.886786">
	<ele>153.50</ele>
	<time>2017-08-10T08:32:25.000Z</time>
	<pdop>4.00</pdop>
	<extensions>
		<gpxtpx:TrackPointExtension>
			<gpxtpx:course>319.8</gpxtpx:course>
		</gpxtpx:TrackPointExtension>
	</extensions>
</trkpt>
<trkpt lat="46.912372" lon="17.886699">
	<ele>152.86</ele>
	<time>2017-08-10T08:32:36.219Z</time>
	<pdop>4.00</pdop>
	<extensions>
		<gpxtpx:TrackPointExtension>
			<gpxtpx:course>325.1</gpxtpx:course>
		</gpxtpx:TrackPointExtension>
	</extensions>
</trkpt>
<trkpt lat="46.912514" lon="17.886563">
	<ele>155.78</ele>
	<time>2017-08-10T08:32:46.000Z</time>
	<pdop>4.00</pdop>
	<extensions>
		<gpxtpx:TrackPointExtension>
			<gpxtpx:course>347.4</gpxtpx:course>
		</gpxtpx:TrackPointExtension>
	</extensions>
</trkpt>
<trkpt lat="46.912563" lon="17.886564">
	<ele>152.87</ele>
	<time>2017-08-10T08:32:56.000Z</time>
	<pdop>4.00</pdop>
	<extensions>
		<gpxtpx:TrackPointExtension>
			<gpxtpx:course>343.5</gpxtpx:course>
		</gpxtpx:TrackPointExtension>
	</extensions>
</trkpt>
<trkpt lat="46.912704" lon="17.886545">
	<ele>155.52</ele>
	<time>2017-08-10T08:33:06.000Z</time>
	<pdop>5.00</pdop>
	<extensions>
		<gpxtpx:TrackPointExtension>
			<gpxtpx:course>1.6</gpxtpx:course>
		</gpxtpx:TrackPointExtension>
	</extensions>
</trkpt>
<trkpt lat="46.912828" lon="17.886564">
	<ele>155.72</ele>
	<time>2017-08-10T08:33:16.000Z</time>
	<pdop>5.00</pdop>
	<extensions>
		<gpxtpx:TrackPointExtension>
			<gpxtpx:course>35.8</gpxtpx:course>
		</gpxtpx:TrackPointExtension>
	</extensions>
</trkpt>
<trkpt lat="46.912881" lon="17.886621">
	<ele>153.91</ele>
	<time>2017-08-10T08:33:26.000Z</time>
	<pdop>4.00</pdop>
	<extensions>
		<gpxtpx:TrackPointExtension>
			<gpxtpx:course>36.0</gpxtpx:course>
		</gpxtpx:TrackPointExtension>
	</extensions>
</trkpt>
<trkpt lat="46.912944" lon="17.886667">
	<ele>154.83</ele>
	<time>2017-08-10T08:33:37.248Z</time>
	<pdop>10.00</pdop>
	<extensions>
		<gpxtpx:TrackPointExtension>
			<gpxtpx:course>32.4</gpxtpx:course>
		</gpxtpx:TrackPointExtension>
	</extensions>
</trkpt>
<trkpt lat="46.913105" lon="17.886749">
	<ele>159.78</ele>
	<time>2017-08-10T08:33:47.000Z</time>
	<pdop>5.00</pdop>
	<extensions>
		<gpxtpx:TrackPointExtension>
			<gpxtpx:course>16.6</gpxtpx:course>
		</gpxtpx:TrackPointExtension>
	</extensions>
</trkpt>
<trkpt lat="46.913206" lon="17.886752">
	<ele>159.53</ele>
	<time>2017-08-10T08:33:57.000Z</time>
	<pdop>3.00</pdop>
	<extensions>
		<gpxtpx:TrackPointExtension>
			<gpxtpx:course>10.9</gpxtpx:course>
		</gpxtpx:TrackPointExtension>
	</extensions>
</trkpt>
<trkpt lat="46.913290" lon="17.886814">
	<ele>161.84</ele>
	<time>2017-08-10T08:34:07.000Z</time>
	<pdop>3.00</pdop>
	<extensions>
		<gpxtpx:TrackPointExtension>
			<gpxtpx:course>19.1</gpxtpx:course>
		</gpxtpx:TrackPointExtension>
	</extensions>
</trkpt>
<trkpt lat="46.913334" lon="17.886826">
	<ele>160.85</ele>
	<time>2017-08-10T08:34:17.000Z</time>
	<pdop>3.00</pdop>
	<extensions>
		<gpxtpx:TrackPointExtension>
			<gpxtpx:course>12.7</gpxtpx:course>
		</gpxtpx:TrackPointExtension>
	</extensions>
</trkpt>
<trkpt lat="46.913420" lon="17.886909">
	<ele>159.14</ele>
	<time>2017-08-10T08:34:27.000Z</time>
	<pdop>3.00</pdop>
	<extensions>
		<gpxtpx:TrackPointExtension>
			<gpxtpx:course>55.0</gpxtpx:course>
		</gpxtpx:TrackPointExtension>
	</extensions>
</trkpt>
<trkpt lat="46.913466" lon="17.887048">
	<ele>161.79</ele>
	<time>2017-08-10T08:34:37.000Z</time>
	<pdop>3.00</pdop>
	<extensions>
		<gpxtpx:TrackPointExtension>
			<gpxtpx:course>77.8</gpxtpx:course>
		</gpxtpx:TrackPointExtension>
	</extensions>
</trkpt>
<trkpt lat="46.913570" lon="17.887115">
	<ele>161.16</ele>
	<time>2017-08-10T08:34:47.000Z</time>
	<pdop>4.00</pdop>
	<extensions>
		<gpxtpx:TrackPointExtension>
			<gpxtpx:course>27.6</gpxtpx:course>
		</gpxtpx:TrackPointExtension>
	</extensions>
</trkpt>
<trkpt lat="46.913641" lon="17.887158">
	<ele>165.34</ele>
	<time>2017-08-10T08:34:57.377Z</time>
	<pdop>4.00</pdop>
	<extensions>
		<gpxtpx:TrackPointExtension>
			<gpxtpx:course>17.7</gpxtpx:course>
		</gpxtpx:TrackPointExtension>
	</extensions>
</trkpt>
<trkpt lat="46.913737" lon="17.887205">
	<ele>165.05</ele>
	<time>2017-08-10T08:35:07.000Z</time>
	<pdop>4.00</pdop>
	<extensions>
		<gpxtpx:TrackPointExtension>
			<gpxtpx:course>22.5</gpxtpx:course>
		</gpxtpx:TrackPointExtension>
	</extensions>
</trkpt>
<trkpt lat="46.913811" lon="17.887268">
	<ele>166.59</ele>
	<time>2017-08-10T08:35:17.000Z</time>
	<pdop>3.00</pdop>
	<extensions>
		<gpxtpx:TrackPointExtension>
			<gpxtpx:course>27.9</gpxtpx:course>
		</gpxtpx:TrackPointExtension>
	</extensions>
</trkpt>
<trkpt lat="46.913866" lon="17.887318">
	<ele>167.74</ele>
	<time>2017-08-10T08:35:27.000Z</time>
	<pdop>4.00</pdop>
	<extensions>
		<gpxtpx:TrackPointExtension>
			<gpxtpx:course>54.1</gpxtpx:course>
		</gpxtpx:TrackPointExtension>
	</extensions>
</trkpt>
<trkpt lat="46.913933" lon="17.887341">
	<ele>167.71</ele>
	<time>2017-08-10T08:35:37.000Z</time>
	<pdop>4.00</pdop>
	<extensions>
		<gpxtpx:TrackPointExtension>
			<gpxtpx:course>7.8</gpxtpx:course>
		</gpxtpx:TrackPointExtension>
	</extensions>
</trkpt>
<trkpt lat="46.913959" lon="17.887352">
	<ele>167.85</ele>
	<time>2017-08-10T08:35:47.000Z</time>
	<pdop>9.00</pdop>
</trkpt>
<trkpt lat="46.913968" lon="17.887354">
	<ele>169.54</ele>
	<time>2017-08-10T08:36:04.000Z</time>
	<pdop>9.00</pdop>
	<extensions>
		<gpxtpx:TrackPointExtension>
			<gpxtpx:course>7.8</gpxtpx:course>
		</gpxtpx:TrackPointExtension>
	</extensions>
</trkpt>
<trkpt lat="46.913983" lon="17.887362">
	<ele>170.35</ele>
	<time>2017-08-10T08:36:14.056Z</time>
	<pdop>10.00</pdop>
	<extensions>
		<gpxtpx:TrackPointExtension>
			<gpxtpx:course>7.8</gpxtpx:course>
		</gpxtpx:TrackPointExtension>
	</extensions>
</trkpt>
<trkpt lat="46.914048" lon="17.887381">
	<ele>172.13</ele>
	<time>2017-08-10T08:36:23.408Z</time>
	<pdop>10.00</pdop>
	<extensions>
		<gpxtpx:TrackPointExtension>
			<gpxtpx:course>7.8</gpxtpx:course>
		</gpxtpx:TrackPointExtension>
	</extensions>
</trkpt>
<trkpt lat="46.914146" lon="17.887334">
	<ele>170.85</ele>
	<time>2017-08-10T08:36:33.000Z</time>
	<pdop>10.00</pdop>
	<extensions>
		<gpxtpx:TrackPointExtension>
			<gpxtpx:course>320.4</gpxtpx:course>
		</gpxtpx:TrackPointExtension>
	</extensions>
</trkpt>
<trkpt lat="46.914189" lon="17.887268">
	<ele>170.91</ele>
	<time>2017-08-10T08:36:42.082Z</time>
	<pdop>9.00</pdop>
	<extensions>
		<gpxtpx:TrackPointExtension>
			<gpxtpx:course>305.4</gpxtpx:course>
		</gpxtpx:TrackPointExtension>
	</extensions>
</trkpt>
<trkpt lat="46.914272" lon="17.887179">
	<ele>171.91</ele>
	<time>2017-08-10T08:36:52.000Z</time>
	<pdop>10.00</pdop>
	<extensions>
		<gpxtpx:TrackPointExtension>
			<gpxtpx:course>323.8</gpxtpx:course>
		</gpxtpx:TrackPointExtension>
	</extensions>
</trkpt>
<trkpt lat="46.914364" lon="17.887113">
	<ele>170.85</ele>
	<time>2017-08-10T08:37:02.000Z</time>
	<pdop>10.00</pdop>
	<extensions>
		<gpxtpx:TrackPointExtension>
			<gpxtpx:course>328.5</gpxtpx:course>
		</gpxtpx:TrackPointExtension>
	</extensions>
</trkpt>
<trkpt lat="46.914400" lon="17.887032">
	<ele>169.14</ele>
	<time>2017-08-10T08:37:12.000Z</time>
	<pdop>10.00</pdop>
	<extensions>
		<gpxtpx:TrackPointExtension>
			<gpxtpx:course>294.6</gpxtpx:course>
		</gpxtpx:TrackPointExtension>
	</extensions>
</trkpt>
<trkpt lat="46.914467" lon="17.886947">
	<ele>169.61</ele>
	<time>2017-08-10T08:37:22.000Z</time>
	<pdop>11.00</pdop>
	<extensions>
		<gpxtpx:TrackPointExtension>
			<gpxtpx:course>311.6</gpxtpx:course>
		</gpxtpx:TrackPointExtension>
	</extensions>
</trkpt>
<trkpt lat="46.914516" lon="17.886914">
	<ele>168.86</ele>
	<time>2017-08-10T08:37:32.000Z</time>
	<pdop>4.00</pdop>
	<extensions>
		<gpxtpx:TrackPointExtension>
			<gpxtpx:course>332.8</gpxtpx:course>
		</gpxtpx:TrackPointExtension>
	</extensions>
</trkpt>
<trkpt lat="46.914587" lon="17.886820">
	<ele>168.85</ele>
	<time>2017-08-10T08:37:42.000Z</time>
	<pdop>4.00</pdop>
	<extensions>
		<gpxtpx:TrackPointExtension>
			<gpxtpx:course>307.5</gpxtpx:course>
		</gpxtpx:TrackPointExtension>
	</extensions>
</trkpt>
<trkpt lat="46.914639" lon="17.886724">
	<ele>169.58</ele>
	<time>2017-08-10T08:37:52.000Z</time>
	<pdop>4.00</pdop>
	<extensions>
		<gpxtpx:TrackPointExtension>
			<gpxtpx:course>325.5</gpxtpx:course>
		</gpxtpx:TrackPointExtension>
	</extensions>
</trkpt>
<trkpt lat="46.914716" lon="17.886663">
	<ele>169.84</ele>
	<time>2017-08-10T08:38:02.002Z</time>
	<pdop>4.00</pdop>
	<extensions>
		<gpxtpx:TrackPointExtension>
			<gpxtpx:course>330.0</gpxtpx:course>
		</gpxtpx:TrackPointExtension>
	</extensions>
</trkpt>
<trkpt lat="46.914765" lon="17.886553">
	<ele>168.85</ele>
	<time>2017-08-10T08:38:12.000Z</time>
	<pdop>4.00</pdop>
	<extensions>
		<gpxtpx:TrackPointExtension>
			<gpxtpx:course>299.2</gpxtpx:course>
		</gpxtpx:TrackPointExtension>
	</extensions>
</trkpt>
<trkpt lat="46.914825" lon="17.886484">
	<ele>169.79</ele>
	<time>2017-08-10T08:38:23.633Z</time>
	<pdop>4.00</pdop>
	<extensions>
		<gpxtpx:TrackPointExtension>
			<gpxtpx:course>310.9</gpxtpx:course>
		</gpxtpx:TrackPointExtension>
	</extensions>
</trkpt>
<trkpt lat="46.914902" lon="17.886367">
	<ele>168.86</ele>
	<time>2017-08-10T08:38:33.000Z</time>
	<pdop>4.00</pdop>
	<extensions>
		<gpxtpx:TrackPointExtension>
			<gpxtpx:course>304.0</gpxtpx:course>
		</gpxtpx:TrackPointExtension>
	</extensions>
</trkpt>
<trkpt lat="46.914910" lon="17.886344">
	<ele>168.85</ele>
	<time>2017-08-10T08:38:35.000Z</time>
	<pdop>4.00</pdop>
	<extensions>
		<gpxtpx:TrackPointExtension>
			<gpxtpx:course>295.1</gpxtpx:course>
		</gpxtpx:TrackPointExtension>
	</extensions>
</trkpt>
</trkseg>
</trk>
</gpx>
