<?xml version="1.0" encoding="utf-8" standalone="yes"?>
<gpx version="1.1" creator="Locus Map, Android"
 xmlns="http://www.topografix.com/GPX/1/1"
 xmlns:xsi="http://www.w3.org/2001/XMLSchema-instance"
 xsi:schemaLocation="http://www.topografix.com/GPX/1/1 http://www.topografix.com/GPX/1/1/gpx.xsd"
 xmlns:gpx_style="http://www.topografix.com/GPX/gpx_style/0/2"
 xmlns:gpxx="http://www.garmin.com/xmlschemas/GpxExtensions/v3"
 xmlns:gpxtrkx="http://www.garmin.com/xmlschemas/TrackStatsExtension/v1"
 xmlns:gpxtpx="http://www.garmin.com/xmlschemas/TrackPointExtension/v2"
 xmlns:locus="http://www.locusmap.eu">
	<metadata>
		<desc>File with points/tracks from Locus Map/3.28.1</desc>
	</metadata>
<trk>
<name>Markaz kirandulas</name>
	<extensions>
		<gpx_style:line>
			<gpx_style:color>0000FF</gpx_style:color>
			<gpx_style:opacity>0.59</gpx_style:opacity>
			<gpx_style:width>6.0</gpx_style:width>
		</gpx_style:line>
		<locus:activity>hiking</locus:activity>
	</extensions>
<trkseg>
<trkpt lat="47.827319" lon="20.053313">
	<ele>171.42</ele>
	<time>2017-10-14T07:50:49.000Z</time>
	<pdop>3.00</pdop>
	<extensions>
		<gpxtpx:TrackPointExtension>
			<gpxtpx:course>248.7</gpxtpx:course>
		</gpxtpx:TrackPointExtension>
	</extensions>
</trkpt>
<trkpt lat="47.827329" lon="20.053326">
	<ele>175.40</ele>
	<time>2017-10-14T07:51:11.000Z</time>
	<pdop>3.00</pdop>
	<extensions>
		<gpxtpx:TrackPointExtension>
			<gpxtpx:course>248.7</gpxtpx:course>
		</gpxtpx:TrackPointExtension>
	</extensions>
</trkpt>
<trkpt lat="47.827345" lon="20.053360">
	<ele>178.15</ele>
	<time>2017-10-14T07:51:21.000Z</time>
	<pdop>3.00</pdop>
	<extensions>
		<gpxtpx:TrackPointExtension>
			<gpxtpx:course>248.7</gpxtpx:course>
		</gpxtpx:TrackPointExtension>
	</extensions>
</trkpt>
<trkpt lat="47.827337" lon="20.053352">
	<ele>180.16</ele>
	<time>2017-10-14T07:51:37.536Z</time>
	<pdop>4.00</pdop>
	<extensions>
		<gpxtpx:TrackPointExtension>
			<gpxtpx:course>248.7</gpxtpx:course>
		</gpxtpx:TrackPointExtension>
	</extensions>
</trkpt>
<trkpt lat="47.827352" lon="20.053233">
	<ele>179.62</ele>
	<time>2017-10-14T07:51:47.000Z</time>
	<pdop>4.00</pdop>
	<extensions>
		<gpxtpx:TrackPointExtension>
			<gpxtpx:course>312.6</gpxtpx:course>
		</gpxtpx:TrackPointExtension>
	</extensions>
</trkpt>
<trkpt lat="47.827421" lon="20.053136">
	<ele>181.18</ele>
	<time>2017-10-14T07:51:57.060Z</time>
	<pdop>3.00</pdop>
	<extensions>
		<gpxtpx:TrackPointExtension>
			<gpxtpx:course>317.9</gpxtpx:course>
		</gpxtpx:TrackPointExtension>
	</extensions>
</trkpt>
<trkpt lat="47.827499" lon="20.053030">
	<ele>181.50</ele>
	<time>2017-10-14T07:52:08.369Z</time>
	<pdop>4.00</pdop>
	<extensions>
		<gpxtpx:TrackPointExtension>
			<gpxtpx:course>323.5</gpxtpx:course>
		</gpxtpx:TrackPointExtension>
	</extensions>
</trkpt>
<trkpt lat="47.827522" lon="20.053032">
	<ele>182.94</ele>
	<time>2017-10-14T07:52:18.000Z</time>
	<pdop>3.00</pdop>
	<extensions>
		<gpxtpx:TrackPointExtension>
			<gpxtpx:course>319.9</gpxtpx:course>
		</gpxtpx:TrackPointExtension>
	</extensions>
</trkpt>
<trkpt lat="47.827520" lon="20.053045">
	<ele>186.43</ele>
	<time>2017-10-14T07:52:51.000Z</time>
	<pdop>4.00</pdop>
	<extensions>
		<gpxtpx:TrackPointExtension>
			<gpxtpx:course>319.9</gpxtpx:course>
		</gpxtpx:TrackPointExtension>
	</extensions>
</trkpt>
<trkpt lat="47.827513" lon="20.053061">
	<ele>185.43</ele>
	<time>2017-10-14T07:53:01.000Z</time>
	<pdop>3.00</pdop>
	<extensions>
		<gpxtpx:TrackPointExtension>
			<gpxtpx:course>319.9</gpxtpx:course>
		</gpxtpx:TrackPointExtension>
	</extensions>
</trkpt>
<trkpt lat="47.827512" lon="20.053075">
	<ele>187.09</ele>
	<time>2017-10-14T07:53:33.000Z</time>
	<pdop>4.00</pdop>
	<extensions>
		<gpxtpx:TrackPointExtension>
			<gpxtpx:course>319.9</gpxtpx:course>
		</gpxtpx:TrackPointExtension>
	</extensions>
</trkpt>
<trkpt lat="47.827548" lon="20.052990">
	<ele>188.24</ele>
	<time>2017-10-14T07:53:43.000Z</time>
	<pdop>4.00</pdop>
	<extensions>
		<gpxtpx:TrackPointExtension>
			<gpxtpx:course>319.9</gpxtpx:course>
		</gpxtpx:TrackPointExtension>
	</extensions>
</trkpt>
<trkpt lat="47.827625" lon="20.052907">
	<ele>190.53</ele>
	<time>2017-10-14T07:53:53.000Z</time>
	<pdop>4.00</pdop>
	<extensions>
		<gpxtpx:TrackPointExtension>
			<gpxtpx:course>330.9</gpxtpx:course>
		</gpxtpx:TrackPointExtension>
	</extensions>
</trkpt>
<trkpt lat="47.827662" lon="20.052870">
	<ele>192.43</ele>
	<time>2017-10-14T07:54:03.000Z</time>
	<pdop>3.00</pdop>
	<extensions>
		<gpxtpx:TrackPointExtension>
			<gpxtpx:course>305.9</gpxtpx:course>
		</gpxtpx:TrackPointExtension>
	</extensions>
</trkpt>
<trkpt lat="47.827733" lon="20.052843">
	<ele>190.40</ele>
	<time>2017-10-14T07:54:13.000Z</time>
	<pdop>4.00</pdop>
	<extensions>
		<gpxtpx:TrackPointExtension>
			<gpxtpx:course>332.2</gpxtpx:course>
		</gpxtpx:TrackPointExtension>
	</extensions>
</trkpt>
<trkpt lat="47.827840" lon="20.052775">
	<ele>186.92</ele>
	<time>2017-10-14T07:54:23.000Z</time>
	<pdop>4.00</pdop>
	<extensions>
		<gpxtpx:TrackPointExtension>
			<gpxtpx:course>325.7</gpxtpx:course>
		</gpxtpx:TrackPointExtension>
	</extensions>
</trkpt>
<trkpt lat="47.827921" lon="20.052682">
	<ele>188.44</ele>
	<time>2017-10-14T07:54:33.000Z</time>
	<pdop>4.00</pdop>
	<extensions>
		<gpxtpx:TrackPointExtension>
			<gpxtpx:course>322.9</gpxtpx:course>
		</gpxtpx:TrackPointExtension>
	</extensions>
</trkpt>
<trkpt lat="47.827998" lon="20.052596">
	<ele>188.39</ele>
	<time>2017-10-14T07:54:43.000Z</time>
	<pdop>4.00</pdop>
	<extensions>
		<gpxtpx:TrackPointExtension>
			<gpxtpx:course>321.8</gpxtpx:course>
		</gpxtpx:TrackPointExtension>
	</extensions>
</trkpt>
<trkpt lat="47.828083" lon="20.052531">
	<ele>191.20</ele>
	<time>2017-10-14T07:54:53.000Z</time>
	<pdop>3.00</pdop>
	<extensions>
		<gpxtpx:TrackPointExtension>
			<gpxtpx:course>333.7</gpxtpx:course>
		</gpxtpx:TrackPointExtension>
	</extensions>
</trkpt>
<trkpt lat="47.828172" lon="20.052454">
	<ele>192.49</ele>
	<time>2017-10-14T07:55:03.000Z</time>
	<pdop>3.00</pdop>
	<extensions>
		<gpxtpx:TrackPointExtension>
			<gpxtpx:course>320.1</gpxtpx:course>
		</gpxtpx:TrackPointExtension>
	</extensions>
</trkpt>
<trkpt lat="47.828265" lon="20.052369">
	<ele>191.37</ele>
	<time>2017-10-14T07:55:13.000Z</time>
	<pdop>4.00</pdop>
	<extensions>
		<gpxtpx:TrackPointExtension>
			<gpxtpx:course>326.5</gpxtpx:course>
		</gpxtpx:TrackPointExtension>
	</extensions>
</trkpt>
<trkpt lat="47.828348" lon="20.052275">
	<ele>192.47</ele>
	<time>2017-10-14T07:55:23.000Z</time>
	<pdop>4.00</pdop>
	<extensions>
		<gpxtpx:TrackPointExtension>
			<gpxtpx:course>320.8</gpxtpx:course>
		</gpxtpx:TrackPointExtension>
	</extensions>
</trkpt>
<trkpt lat="47.828406" lon="20.052203">
	<ele>192.43</ele>
	<time>2017-10-14T07:55:32.528Z</time>
	<pdop>4.00</pdop>
	<extensions>
		<gpxtpx:TrackPointExtension>
			<gpxtpx:course>309.9</gpxtpx:course>
		</gpxtpx:TrackPointExtension>
	</extensions>
</trkpt>
<trkpt lat="47.828482" lon="20.052085">
	<ele>193.98</ele>
	<time>2017-10-14T07:55:42.000Z</time>
	<pdop>3.00</pdop>
	<extensions>
		<gpxtpx:TrackPointExtension>
			<gpxtpx:course>309.5</gpxtpx:course>
		</gpxtpx:TrackPointExtension>
	</extensions>
</trkpt>
<trkpt lat="47.828549" lon="20.051976">
	<ele>194.41</ele>
	<time>2017-10-14T07:55:52.000Z</time>
	<pdop>3.00</pdop>
	<extensions>
		<gpxtpx:TrackPointExtension>
			<gpxtpx:course>316.6</gpxtpx:course>
		</gpxtpx:TrackPointExtension>
	</extensions>
</trkpt>
<trkpt lat="47.828576" lon="20.051930">
	<ele>195.43</ele>
	<time>2017-10-14T07:56:02.000Z</time>
	<pdop>4.00</pdop>
	<extensions>
		<gpxtpx:TrackPointExtension>
			<gpxtpx:course>311.9</gpxtpx:course>
		</gpxtpx:TrackPointExtension>
	</extensions>
</trkpt>
<trkpt lat="47.828569" lon="20.051907">
	<ele>197.04</ele>
	<time>2017-10-14T07:56:13.000Z</time>
	<pdop>4.00</pdop>
	<extensions>
		<gpxtpx:TrackPointExtension>
			<gpxtpx:course>236.4</gpxtpx:course>
		</gpxtpx:TrackPointExtension>
	</extensions>
</trkpt>
<trkpt lat="47.828533" lon="20.051748">
	<ele>195.43</ele>
	<time>2017-10-14T07:56:23.000Z</time>
	<pdop>4.00</pdop>
	<extensions>
		<gpxtpx:TrackPointExtension>
			<gpxtpx:course>249.5</gpxtpx:course>
		</gpxtpx:TrackPointExtension>
	</extensions>
</trkpt>
<trkpt lat="47.828537" lon="20.051596">
	<ele>194.68</ele>
	<time>2017-10-14T07:56:33.000Z</time>
	<pdop>4.00</pdop>
	<extensions>
		<gpxtpx:TrackPointExtension>
			<gpxtpx:course>264.9</gpxtpx:course>
		</gpxtpx:TrackPointExtension>
	</extensions>
</trkpt>
<trkpt lat="47.828548" lon="20.051438">
	<ele>195.43</ele>
	<time>2017-10-14T07:56:43.000Z</time>
	<pdop>3.00</pdop>
	<extensions>
		<gpxtpx:TrackPointExtension>
			<gpxtpx:course>284.0</gpxtpx:course>
		</gpxtpx:TrackPointExtension>
	</extensions>
</trkpt>
<trkpt lat="47.828558" lon="20.051280">
	<ele>195.66</ele>
	<time>2017-10-14T07:56:53.000Z</time>
	<pdop>4.00</pdop>
	<extensions>
		<gpxtpx:TrackPointExtension>
			<gpxtpx:course>271.9</gpxtpx:course>
		</gpxtpx:TrackPointExtension>
	</extensions>
</trkpt>
<trkpt lat="47.828563" lon="20.051119">
	<ele>195.83</ele>
	<time>2017-10-14T07:57:03.000Z</time>
	<pdop>4.00</pdop>
	<extensions>
		<gpxtpx:TrackPointExtension>
			<gpxtpx:course>279.9</gpxtpx:course>
		</gpxtpx:TrackPointExtension>
	</extensions>
</trkpt>
<trkpt lat="47.828602" lon="20.050968">
	<ele>196.20</ele>
	<time>2017-10-14T07:57:13.353Z</time>
	<pdop>4.00</pdop>
	<extensions>
		<gpxtpx:TrackPointExtension>
			<gpxtpx:course>282.1</gpxtpx:course>
		</gpxtpx:TrackPointExtension>
	</extensions>
</trkpt>
<trkpt lat="47.828602" lon="20.050778">
	<ele>194.44</ele>
	<time>2017-10-14T07:57:23.000Z</time>
	<pdop>4.00</pdop>
	<extensions>
		<gpxtpx:TrackPointExtension>
			<gpxtpx:course>273.2</gpxtpx:course>
		</gpxtpx:TrackPointExtension>
	</extensions>
</trkpt>
<trkpt lat="47.828606" lon="20.050625">
	<ele>194.43</ele>
	<time>2017-10-14T07:57:33.000Z</time>
	<pdop>4.00</pdop>
	<extensions>
		<gpxtpx:TrackPointExtension>
			<gpxtpx:course>258.4</gpxtpx:course>
		</gpxtpx:TrackPointExtension>
	</extensions>
</trkpt>
<trkpt lat="47.828591" lon="20.050466">
	<ele>197.48</ele>
	<time>2017-10-14T07:57:43.000Z</time>
	<pdop>3.00</pdop>
	<extensions>
		<gpxtpx:TrackPointExtension>
			<gpxtpx:course>257.3</gpxtpx:course>
		</gpxtpx:TrackPointExtension>
	</extensions>
</trkpt>
<trkpt lat="47.828564" lon="20.050307">
	<ele>199.38</ele>
	<time>2017-10-14T07:57:53.000Z</time>
	<pdop>4.00</pdop>
	<extensions>
		<gpxtpx:TrackPointExtension>
			<gpxtpx:course>240.4</gpxtpx:course>
		</gpxtpx:TrackPointExtension>
	</extensions>
</trkpt>
<trkpt lat="47.828595" lon="20.050315">
	<ele>199.18</ele>
	<time>2017-10-14T07:58:03.000Z</time>
	<pdop>3.00</pdop>
	<extensions>
		<gpxtpx:TrackPointExtension>
			<gpxtpx:course>233.6</gpxtpx:course>
		</gpxtpx:TrackPointExtension>
	</extensions>
</trkpt>
<trkpt lat="47.828620" lon="20.050198">
	<ele>198.44</ele>
	<time>2017-10-14T07:58:13.000Z</time>
	<pdop>3.00</pdop>
	<extensions>
		<gpxtpx:TrackPointExtension>
			<gpxtpx:course>289.5</gpxtpx:course>
		</gpxtpx:TrackPointExtension>
	</extensions>
</trkpt>
<trkpt lat="47.828649" lon="20.050017">
	<ele>201.41</ele>
	<time>2017-10-14T07:58:24.452Z</time>
	<pdop>3.00</pdop>
	<extensions>
		<gpxtpx:TrackPointExtension>
			<gpxtpx:course>286.5</gpxtpx:course>
		</gpxtpx:TrackPointExtension>
	</extensions>
</trkpt>
<trkpt lat="47.828670" lon="20.049848">
	<ele>202.43</ele>
	<time>2017-10-14T07:58:34.000Z</time>
	<pdop>4.00</pdop>
	<extensions>
		<gpxtpx:TrackPointExtension>
			<gpxtpx:course>278.5</gpxtpx:course>
		</gpxtpx:TrackPointExtension>
	</extensions>
</trkpt>
<trkpt lat="47.828689" lon="20.049706">
	<ele>202.63</ele>
	<time>2017-10-14T07:58:44.000Z</time>
	<pdop>4.00</pdop>
	<extensions>
		<gpxtpx:TrackPointExtension>
			<gpxtpx:course>273.6</gpxtpx:course>
		</gpxtpx:TrackPointExtension>
	</extensions>
</trkpt>
<trkpt lat="47.828696" lon="20.049576">
	<ele>203.43</ele>
	<time>2017-10-14T07:58:54.000Z</time>
	<pdop>4.00</pdop>
	<extensions>
		<gpxtpx:TrackPointExtension>
			<gpxtpx:course>279.5</gpxtpx:course>
		</gpxtpx:TrackPointExtension>
	</extensions>
</trkpt>
<trkpt lat="47.828710" lon="20.049465">
	<ele>202.89</ele>
	<time>2017-10-14T07:59:03.449Z</time>
	<pdop>3.00</pdop>
	<extensions>
		<gpxtpx:TrackPointExtension>
			<gpxtpx:course>280.9</gpxtpx:course>
		</gpxtpx:TrackPointExtension>
	</extensions>
</trkpt>
<trkpt lat="47.828752" lon="20.049303">
	<ele>206.42</ele>
	<time>2017-10-14T07:59:13.000Z</time>
	<pdop>4.00</pdop>
	<extensions>
		<gpxtpx:TrackPointExtension>
			<gpxtpx:course>287.5</gpxtpx:course>
		</gpxtpx:TrackPointExtension>
	</extensions>
</trkpt>
<trkpt lat="47.828776" lon="20.049226">
	<ele>206.62</ele>
	<time>2017-10-14T07:59:23.000Z</time>
	<pdop>3.00</pdop>
	<extensions>
		<gpxtpx:TrackPointExtension>
			<gpxtpx:course>256.5</gpxtpx:course>
		</gpxtpx:TrackPointExtension>
	</extensions>
</trkpt>
<trkpt lat="47.828752" lon="20.049216">
	<ele>207.43</ele>
	<time>2017-10-14T07:59:33.000Z</time>
	<pdop>3.00</pdop>
	<extensions>
		<gpxtpx:TrackPointExtension>
			<gpxtpx:course>256.5</gpxtpx:course>
		</gpxtpx:TrackPointExtension>
	</extensions>
</trkpt>
<trkpt lat="47.828759" lon="20.049204">
	<ele>207.59</ele>
	<time>2017-10-14T07:59:49.000Z</time>
	<pdop>4.00</pdop>
	<extensions>
		<gpxtpx:TrackPointExtension>
			<gpxtpx:course>256.5</gpxtpx:course>
		</gpxtpx:TrackPointExtension>
	</extensions>
</trkpt>
<trkpt lat="47.828802" lon="20.049125">
	<ele>205.81</ele>
	<time>2017-10-14T07:59:59.000Z</time>
	<pdop>3.00</pdop>
	<extensions>
		<gpxtpx:TrackPointExtension>
			<gpxtpx:course>256.5</gpxtpx:course>
		</gpxtpx:TrackPointExtension>
	</extensions>
</trkpt>
<trkpt lat="47.828856" lon="20.049044">
	<ele>206.39</ele>
	<time>2017-10-14T08:00:09.000Z</time>
	<pdop>4.00</pdop>
	<extensions>
		<gpxtpx:TrackPointExtension>
			<gpxtpx:course>256.5</gpxtpx:course>
		</gpxtpx:TrackPointExtension>
	</extensions>
</trkpt>
<trkpt lat="47.828876" lon="20.049004">
	<ele>205.43</ele>
	<time>2017-10-14T08:00:19.000Z</time>
	<pdop>3.00</pdop>
	<extensions>
		<gpxtpx:TrackPointExtension>
			<gpxtpx:course>256.5</gpxtpx:course>
		</gpxtpx:TrackPointExtension>
	</extensions>
</trkpt>
<trkpt lat="47.828898" lon="20.048950">
	<ele>205.18</ele>
	<time>2017-10-14T08:00:29.000Z</time>
	<pdop>4.00</pdop>
	<extensions>
		<gpxtpx:TrackPointExtension>
			<gpxtpx:course>274.1</gpxtpx:course>
		</gpxtpx:TrackPointExtension>
	</extensions>
</trkpt>
<trkpt lat="47.828933" lon="20.048858">
	<ele>207.17</ele>
	<time>2017-10-14T08:00:39.000Z</time>
	<pdop>4.00</pdop>
	<extensions>
		<gpxtpx:TrackPointExtension>
			<gpxtpx:course>284.6</gpxtpx:course>
		</gpxtpx:TrackPointExtension>
	</extensions>
</trkpt>
<trkpt lat="47.829013" lon="20.048742">
	<ele>206.42</ele>
	<time>2017-10-14T08:00:49.000Z</time>
	<pdop>3.00</pdop>
	<extensions>
		<gpxtpx:TrackPointExtension>
			<gpxtpx:course>302.5</gpxtpx:course>
		</gpxtpx:TrackPointExtension>
	</extensions>
</trkpt>
<trkpt lat="47.829096" lon="20.048678">
	<ele>207.21</ele>
	<time>2017-10-14T08:00:59.000Z</time>
	<pdop>3.00</pdop>
	<extensions>
		<gpxtpx:TrackPointExtension>
			<gpxtpx:course>326.9</gpxtpx:course>
		</gpxtpx:TrackPointExtension>
	</extensions>
</trkpt>
<trkpt lat="47.829114" lon="20.048678">
	<ele>206.22</ele>
	<time>2017-10-14T08:01:09.000Z</time>
	<pdop>4.00</pdop>
	<extensions>
		<gpxtpx:TrackPointExtension>
			<gpxtpx:course>326.9</gpxtpx:course>
		</gpxtpx:TrackPointExtension>
	</extensions>
</trkpt>
<trkpt lat="47.829131" lon="20.048696">
	<ele>205.20</ele>
	<time>2017-10-14T08:01:19.000Z</time>
	<pdop>4.00</pdop>
	<extensions>
		<gpxtpx:TrackPointExtension>
			<gpxtpx:course>326.9</gpxtpx:course>
		</gpxtpx:TrackPointExtension>
	</extensions>
</trkpt>
<trkpt lat="47.829191" lon="20.048725">
	<ele>206.19</ele>
	<time>2017-10-14T08:01:29.000Z</time>
	<pdop>3.00</pdop>
	<extensions>
		<gpxtpx:TrackPointExtension>
			<gpxtpx:course>17.5</gpxtpx:course>
		</gpxtpx:TrackPointExtension>
	</extensions>
</trkpt>
<trkpt lat="47.829279" lon="20.048731">
	<ele>207.52</ele>
	<time>2017-10-14T08:01:39.000Z</time>
	<pdop>3.00</pdop>
	<extensions>
		<gpxtpx:TrackPointExtension>
			<gpxtpx:course>358.6</gpxtpx:course>
		</gpxtpx:TrackPointExtension>
	</extensions>
</trkpt>
<trkpt lat="47.829362" lon="20.048733">
	<ele>209.29</ele>
	<time>2017-10-14T08:01:49.347Z</time>
	<pdop>3.00</pdop>
	<extensions>
		<gpxtpx:TrackPointExtension>
			<gpxtpx:course>9.9</gpxtpx:course>
		</gpxtpx:TrackPointExtension>
	</extensions>
</trkpt>
<trkpt lat="47.829476" lon="20.048712">
	<ele>211.54</ele>
	<time>2017-10-14T08:01:59.000Z</time>
	<pdop>4.00</pdop>
	<extensions>
		<gpxtpx:TrackPointExtension>
			<gpxtpx:course>358.7</gpxtpx:course>
		</gpxtpx:TrackPointExtension>
	</extensions>
</trkpt>
<trkpt lat="47.829509" lon="20.048660">
	<ele>210.86</ele>
	<time>2017-10-14T08:02:09.000Z</time>
	<pdop>3.00</pdop>
	<extensions>
		<gpxtpx:TrackPointExtension>
			<gpxtpx:course>342.8</gpxtpx:course>
		</gpxtpx:TrackPointExtension>
	</extensions>
</trkpt>
<trkpt lat="47.829509" lon="20.048625">
	<ele>211.43</ele>
	<time>2017-10-14T08:02:19.000Z</time>
	<pdop>3.00</pdop>
	<extensions>
		<gpxtpx:TrackPointExtension>
			<gpxtpx:course>342.8</gpxtpx:course>
		</gpxtpx:TrackPointExtension>
	</extensions>
</trkpt>
<trkpt lat="47.829554" lon="20.048574">
	<ele>211.43</ele>
	<time>2017-10-14T08:02:29.000Z</time>
	<pdop>4.00</pdop>
	<extensions>
		<gpxtpx:TrackPointExtension>
			<gpxtpx:course>304.5</gpxtpx:course>
		</gpxtpx:TrackPointExtension>
	</extensions>
</trkpt>
<trkpt lat="47.829623" lon="20.048562">
	<ele>212.43</ele>
	<time>2017-10-14T08:02:39.000Z</time>
	<pdop>3.00</pdop>
	<extensions>
		<gpxtpx:TrackPointExtension>
			<gpxtpx:course>333.5</gpxtpx:course>
		</gpxtpx:TrackPointExtension>
	</extensions>
</trkpt>
<trkpt lat="47.829617" lon="20.048583">
	<ele>212.43</ele>
	<time>2017-10-14T08:02:49.414Z</time>
	<pdop>3.00</pdop>
	<extensions>
		<gpxtpx:TrackPointExtension>
			<gpxtpx:course>333.5</gpxtpx:course>
		</gpxtpx:TrackPointExtension>
	</extensions>
</trkpt>
<trkpt lat="47.829637" lon="20.048642">
	<ele>211.43</ele>
	<time>2017-10-14T08:02:59.000Z</time>
	<pdop>3.00</pdop>
	<extensions>
		<gpxtpx:TrackPointExtension>
			<gpxtpx:course>73.5</gpxtpx:course>
		</gpxtpx:TrackPointExtension>
	</extensions>
</trkpt>
<trkpt lat="47.829627" lon="20.048558">
	<ele>212.36</ele>
	<time>2017-10-14T08:03:09.000Z</time>
	<pdop>3.00</pdop>
	<extensions>
		<gpxtpx:TrackPointExtension>
			<gpxtpx:course>244.2</gpxtpx:course>
		</gpxtpx:TrackPointExtension>
	</extensions>
</trkpt>
<trkpt lat="47.829645" lon="20.048419">
	<ele>213.55</ele>
	<time>2017-10-14T08:03:19.000Z</time>
	<pdop>4.00</pdop>
	<extensions>
		<gpxtpx:TrackPointExtension>
			<gpxtpx:course>276.7</gpxtpx:course>
		</gpxtpx:TrackPointExtension>
	</extensions>
</trkpt>
<trkpt lat="47.829649" lon="20.048352">
	<ele>214.18</ele>
	<time>2017-10-14T08:03:30.567Z</time>
	<pdop>3.00</pdop>
	<extensions>
		<gpxtpx:TrackPointExtension>
			<gpxtpx:course>245.4</gpxtpx:course>
		</gpxtpx:TrackPointExtension>
	</extensions>
</trkpt>
<trkpt lat="47.829630" lon="20.048221">
	<ele>215.94</ele>
	<time>2017-10-14T08:03:40.000Z</time>
	<pdop>3.00</pdop>
	<extensions>
		<gpxtpx:TrackPointExtension>
			<gpxtpx:course>260.5</gpxtpx:course>
		</gpxtpx:TrackPointExtension>
	</extensions>
</trkpt>
<trkpt lat="47.829619" lon="20.048162">
	<ele>215.67</ele>
	<time>2017-10-14T08:03:49.469Z</time>
	<pdop>3.00</pdop>
	<extensions>
		<gpxtpx:TrackPointExtension>
			<gpxtpx:course>236.8</gpxtpx:course>
		</gpxtpx:TrackPointExtension>
	</extensions>
</trkpt>
<trkpt lat="47.829605" lon="20.048084">
	<ele>216.42</ele>
	<time>2017-10-14T08:03:59.000Z</time>
	<pdop>3.00</pdop>
	<extensions>
		<gpxtpx:TrackPointExtension>
			<gpxtpx:course>236.8</gpxtpx:course>
		</gpxtpx:TrackPointExtension>
	</extensions>
</trkpt>
<trkpt lat="47.829603" lon="20.048070">
	<ele>217.42</ele>
	<time>2017-10-14T08:04:08.737Z</time>
	<pdop>4.00</pdop>
	<extensions>
		<gpxtpx:TrackPointExtension>
			<gpxtpx:course>236.8</gpxtpx:course>
		</gpxtpx:TrackPointExtension>
	</extensions>
</trkpt>
<trkpt lat="47.829578" lon="20.047997">
	<ele>217.33</ele>
	<time>2017-10-14T08:04:18.000Z</time>
	<pdop>3.00</pdop>
	<extensions>
		<gpxtpx:TrackPointExtension>
			<gpxtpx:course>236.8</gpxtpx:course>
		</gpxtpx:TrackPointExtension>
	</extensions>
</trkpt>
<trkpt lat="47.829567" lon="20.047965">
	<ele>217.11</ele>
	<time>2017-10-14T08:04:28.195Z</time>
	<pdop>4.00</pdop>
	<extensions>
		<gpxtpx:TrackPointExtension>
			<gpxtpx:course>236.8</gpxtpx:course>
		</gpxtpx:TrackPointExtension>
	</extensions>
</trkpt>
<trkpt lat="47.829551" lon="20.047903">
	<ele>217.03</ele>
	<time>2017-10-14T08:04:38.000Z</time>
	<pdop>3.00</pdop>
	<extensions>
		<gpxtpx:TrackPointExtension>
			<gpxtpx:course>236.8</gpxtpx:course>
		</gpxtpx:TrackPointExtension>
	</extensions>
</trkpt>
<trkpt lat="47.829540" lon="20.047776">
	<ele>217.43</ele>
	<time>2017-10-14T08:04:48.000Z</time>
	<pdop>3.00</pdop>
	<extensions>
		<gpxtpx:TrackPointExtension>
			<gpxtpx:course>256.3</gpxtpx:course>
		</gpxtpx:TrackPointExtension>
	</extensions>
</trkpt>
<trkpt lat="47.829539" lon="20.047676">
	<ele>217.67</ele>
	<time>2017-10-14T08:04:58.000Z</time>
	<pdop>3.00</pdop>
	<extensions>
		<gpxtpx:TrackPointExtension>
			<gpxtpx:course>265.4</gpxtpx:course>
		</gpxtpx:TrackPointExtension>
	</extensions>
</trkpt>
<trkpt lat="47.829527" lon="20.047587">
	<ele>219.17</ele>
	<time>2017-10-14T08:05:08.000Z</time>
	<pdop>3.00</pdop>
	<extensions>
		<gpxtpx:TrackPointExtension>
			<gpxtpx:course>248.7</gpxtpx:course>
		</gpxtpx:TrackPointExtension>
	</extensions>
</trkpt>
<trkpt lat="47.829498" lon="20.047508">
	<ele>220.42</ele>
	<time>2017-10-14T08:05:18.000Z</time>
	<pdop>3.00</pdop>
	<extensions>
		<gpxtpx:TrackPointExtension>
			<gpxtpx:course>238.5</gpxtpx:course>
		</gpxtpx:TrackPointExtension>
	</extensions>
</trkpt>
<trkpt lat="47.829478" lon="20.047465">
	<ele>221.43</ele>
	<time>2017-10-14T08:05:28.000Z</time>
	<pdop>3.00</pdop>
	<extensions>
		<gpxtpx:TrackPointExtension>
			<gpxtpx:course>243.6</gpxtpx:course>
		</gpxtpx:TrackPointExtension>
	</extensions>
</trkpt>
<trkpt lat="47.829463" lon="20.047405">
	<ele>222.42</ele>
	<time>2017-10-14T08:05:38.000Z</time>
	<pdop>4.00</pdop>
	<extensions>
		<gpxtpx:TrackPointExtension>
			<gpxtpx:course>243.6</gpxtpx:course>
		</gpxtpx:TrackPointExtension>
	</extensions>
</trkpt>
<trkpt lat="47.829465" lon="20.047295">
	<ele>224.89</ele>
	<time>2017-10-14T08:05:48.000Z</time>
	<pdop>3.00</pdop>
	<extensions>
		<gpxtpx:TrackPointExtension>
			<gpxtpx:course>243.6</gpxtpx:course>
		</gpxtpx:TrackPointExtension>
	</extensions>
</trkpt>
<trkpt lat="47.829448" lon="20.047167">
	<ele>225.14</ele>
	<time>2017-10-14T08:05:58.000Z</time>
	<pdop>4.00</pdop>
	<extensions>
		<gpxtpx:TrackPointExtension>
			<gpxtpx:course>257.9</gpxtpx:course>
		</gpxtpx:TrackPointExtension>
	</extensions>
</trkpt>
<trkpt lat="47.829434" lon="20.047147">
	<ele>228.36</ele>
	<time>2017-10-14T08:06:08.000Z</time>
	<pdop>3.00</pdop>
	<extensions>
		<gpxtpx:TrackPointExtension>
			<gpxtpx:course>254.6</gpxtpx:course>
		</gpxtpx:TrackPointExtension>
	</extensions>
</trkpt>
<trkpt lat="47.829428" lon="20.047134">
	<ele>229.31</ele>
	<time>2017-10-14T08:06:18.000Z</time>
	<pdop>3.00</pdop>
	<extensions>
		<gpxtpx:TrackPointExtension>
			<gpxtpx:course>254.6</gpxtpx:course>
		</gpxtpx:TrackPointExtension>
	</extensions>
</trkpt>
<trkpt lat="47.829425" lon="20.047107">
	<ele>229.42</ele>
	<time>2017-10-14T08:06:28.000Z</time>
	<pdop>3.00</pdop>
	<extensions>
		<gpxtpx:TrackPointExtension>
			<gpxtpx:course>254.6</gpxtpx:course>
		</gpxtpx:TrackPointExtension>
	</extensions>
</trkpt>
<trkpt lat="47.829408" lon="20.047041">
	<ele>230.17</ele>
	<time>2017-10-14T08:06:37.645Z</time>
	<pdop>3.00</pdop>
	<extensions>
		<gpxtpx:TrackPointExtension>
			<gpxtpx:course>254.6</gpxtpx:course>
		</gpxtpx:TrackPointExtension>
	</extensions>
</trkpt>
<trkpt lat="47.829403" lon="20.046985">
	<ele>231.42</ele>
	<time>2017-10-14T08:06:47.000Z</time>
	<pdop>4.00</pdop>
	<extensions>
		<gpxtpx:TrackPointExtension>
			<gpxtpx:course>265.1</gpxtpx:course>
		</gpxtpx:TrackPointExtension>
	</extensions>
</trkpt>
<trkpt lat="47.829401" lon="20.046879">
	<ele>233.42</ele>
	<time>2017-10-14T08:06:57.737Z</time>
	<pdop>4.00</pdop>
	<extensions>
		<gpxtpx:TrackPointExtension>
			<gpxtpx:course>248.4</gpxtpx:course>
		</gpxtpx:TrackPointExtension>
	</extensions>
</trkpt>
<trkpt lat="47.829395" lon="20.046791">
	<ele>234.42</ele>
	<time>2017-10-14T08:07:07.000Z</time>
	<pdop>3.00</pdop>
	<extensions>
		<gpxtpx:TrackPointExtension>
			<gpxtpx:course>248.4</gpxtpx:course>
		</gpxtpx:TrackPointExtension>
	</extensions>
</trkpt>
<trkpt lat="47.829380" lon="20.046743">
	<ele>235.43</ele>
	<time>2017-10-14T08:07:17.700Z</time>
	<pdop>4.00</pdop>
	<extensions>
		<gpxtpx:TrackPointExtension>
			<gpxtpx:course>248.4</gpxtpx:course>
		</gpxtpx:TrackPointExtension>
	</extensions>
</trkpt>
<trkpt lat="47.829360" lon="20.046696">
	<ele>235.42</ele>
	<time>2017-10-14T08:07:27.000Z</time>
	<pdop>3.00</pdop>
	<extensions>
		<gpxtpx:TrackPointExtension>
			<gpxtpx:course>248.4</gpxtpx:course>
		</gpxtpx:TrackPointExtension>
	</extensions>
</trkpt>
<trkpt lat="47.829341" lon="20.046639">
	<ele>236.15</ele>
	<time>2017-10-14T08:07:38.021Z</time>
	<pdop>4.00</pdop>
	<extensions>
		<gpxtpx:TrackPointExtension>
			<gpxtpx:course>248.4</gpxtpx:course>
		</gpxtpx:TrackPointExtension>
	</extensions>
</trkpt>
<trkpt lat="47.829331" lon="20.046535">
	<ele>236.90</ele>
	<time>2017-10-14T08:07:48.000Z</time>
	<pdop>3.00</pdop>
	<extensions>
		<gpxtpx:TrackPointExtension>
			<gpxtpx:course>248.4</gpxtpx:course>
		</gpxtpx:TrackPointExtension>
	</extensions>
</trkpt>
<trkpt lat="47.829306" lon="20.046432">
	<ele>239.41</ele>
	<time>2017-10-14T08:07:58.000Z</time>
	<pdop>4.00</pdop>
	<extensions>
		<gpxtpx:TrackPointExtension>
			<gpxtpx:course>248.4</gpxtpx:course>
		</gpxtpx:TrackPointExtension>
	</extensions>
</trkpt>
<trkpt lat="47.829302" lon="20.046356">
	<ele>243.38</ele>
	<time>2017-10-14T08:08:08.000Z</time>
	<pdop>3.00</pdop>
	<extensions>
		<gpxtpx:TrackPointExtension>
			<gpxtpx:course>248.4</gpxtpx:course>
		</gpxtpx:TrackPointExtension>
	</extensions>
</trkpt>
<trkpt lat="47.829282" lon="20.046356">
	<ele>242.42</ele>
	<time>2017-10-14T08:08:18.000Z</time>
	<pdop>3.00</pdop>
	<extensions>
		<gpxtpx:TrackPointExtension>
			<gpxtpx:course>248.4</gpxtpx:course>
		</gpxtpx:TrackPointExtension>
	</extensions>
</trkpt>
<trkpt lat="47.829276" lon="20.046300">
	<ele>242.66</ele>
	<time>2017-10-14T08:08:28.000Z</time>
	<pdop>4.00</pdop>
	<extensions>
		<gpxtpx:TrackPointExtension>
			<gpxtpx:course>248.4</gpxtpx:course>
		</gpxtpx:TrackPointExtension>
	</extensions>
</trkpt>
<trkpt lat="47.829259" lon="20.046266">
	<ele>241.42</ele>
	<time>2017-10-14T08:08:38.000Z</time>
	<pdop>3.00</pdop>
	<extensions>
		<gpxtpx:TrackPointExtension>
			<gpxtpx:course>248.4</gpxtpx:course>
		</gpxtpx:TrackPointExtension>
	</extensions>
</trkpt>
<trkpt lat="47.829262" lon="20.046246">
	<ele>242.42</ele>
	<time>2017-10-14T08:08:54.000Z</time>
	<pdop>4.00</pdop>
	<extensions>
		<gpxtpx:TrackPointExtension>
			<gpxtpx:course>248.4</gpxtpx:course>
		</gpxtpx:TrackPointExtension>
	</extensions>
</trkpt>
<trkpt lat="47.829230" lon="20.046124">
	<ele>244.36</ele>
	<time>2017-10-14T08:09:04.000Z</time>
	<pdop>3.00</pdop>
	<extensions>
		<gpxtpx:TrackPointExtension>
			<gpxtpx:course>228.9</gpxtpx:course>
		</gpxtpx:TrackPointExtension>
	</extensions>
</trkpt>
<trkpt lat="47.829229" lon="20.046106">
	<ele>244.18</ele>
	<time>2017-10-14T08:09:13.616Z</time>
	<pdop>3.00</pdop>
	<extensions>
		<gpxtpx:TrackPointExtension>
			<gpxtpx:course>228.9</gpxtpx:course>
		</gpxtpx:TrackPointExtension>
	</extensions>
</trkpt>
<trkpt lat="47.829198" lon="20.046012">
	<ele>246.14</ele>
	<time>2017-10-14T08:09:23.000Z</time>
	<pdop>4.00</pdop>
	<extensions>
		<gpxtpx:TrackPointExtension>
			<gpxtpx:course>228.9</gpxtpx:course>
		</gpxtpx:TrackPointExtension>
	</extensions>
</trkpt>
<trkpt lat="47.829179" lon="20.045963">
	<ele>246.49</ele>
	<time>2017-10-14T08:09:33.000Z</time>
	<pdop>3.00</pdop>
	<extensions>
		<gpxtpx:TrackPointExtension>
			<gpxtpx:course>228.9</gpxtpx:course>
		</gpxtpx:TrackPointExtension>
	</extensions>
</trkpt>
<trkpt lat="47.829178" lon="20.045937">
	<ele>246.52</ele>
	<time>2017-10-14T08:09:52.839Z</time>
	<pdop>3.00</pdop>
	<extensions>
		<gpxtpx:TrackPointExtension>
			<gpxtpx:course>228.9</gpxtpx:course>
		</gpxtpx:TrackPointExtension>
	</extensions>
</trkpt>
<trkpt lat="47.829181" lon="20.045922">
	<ele>246.42</ele>
	<time>2017-10-14T08:10:02.000Z</time>
	<pdop>3.00</pdop>
	<extensions>
		<gpxtpx:TrackPointExtension>
			<gpxtpx:course>228.9</gpxtpx:course>
		</gpxtpx:TrackPointExtension>
	</extensions>
</trkpt>
<trkpt lat="47.829173" lon="20.045916">
	<ele>247.18</ele>
	<time>2017-10-14T08:10:44.000Z</time>
	<pdop>3.00</pdop>
	<extensions>
		<gpxtpx:TrackPointExtension>
			<gpxtpx:course>228.9</gpxtpx:course>
		</gpxtpx:TrackPointExtension>
	</extensions>
</trkpt>
<trkpt lat="47.829168" lon="20.045902">
	<ele>251.36</ele>
	<time>2017-10-14T08:11:12.000Z</time>
	<pdop>3.00</pdop>
	<extensions>
		<gpxtpx:TrackPointExtension>
			<gpxtpx:course>228.9</gpxtpx:course>
		</gpxtpx:TrackPointExtension>
	</extensions>
</trkpt>
<trkpt lat="47.829171" lon="20.045887">
	<ele>250.19</ele>
	<time>2017-10-14T08:11:43.000Z</time>
	<pdop>3.00</pdop>
	<extensions>
		<gpxtpx:TrackPointExtension>
			<gpxtpx:course>228.9</gpxtpx:course>
		</gpxtpx:TrackPointExtension>
	</extensions>
</trkpt>
<trkpt lat="47.829171" lon="20.045873">
	<ele>250.10</ele>
	<time>2017-10-14T08:11:54.000Z</time>
	<pdop>3.00</pdop>
	<extensions>
		<gpxtpx:TrackPointExtension>
			<gpxtpx:course>228.9</gpxtpx:course>
		</gpxtpx:TrackPointExtension>
	</extensions>
</trkpt>
<trkpt lat="47.829167" lon="20.045832">
	<ele>249.24</ele>
	<time>2017-10-14T08:12:04.000Z</time>
	<pdop>3.00</pdop>
	<extensions>
		<gpxtpx:TrackPointExtension>
			<gpxtpx:course>228.9</gpxtpx:course>
		</gpxtpx:TrackPointExtension>
	</extensions>
</trkpt>
<trkpt lat="47.829151" lon="20.045777">
	<ele>252.41</ele>
	<time>2017-10-14T08:12:14.000Z</time>
	<pdop>4.00</pdop>
	<extensions>
		<gpxtpx:TrackPointExtension>
			<gpxtpx:course>228.9</gpxtpx:course>
		</gpxtpx:TrackPointExtension>
	</extensions>
</trkpt>
<trkpt lat="47.829128" lon="20.045692">
	<ele>253.36</ele>
	<time>2017-10-14T08:12:24.000Z</time>
	<pdop>3.00</pdop>
	<extensions>
		<gpxtpx:TrackPointExtension>
			<gpxtpx:course>228.9</gpxtpx:course>
		</gpxtpx:TrackPointExtension>
	</extensions>
</trkpt>
<trkpt lat="47.829107" lon="20.045613">
	<ele>254.41</ele>
	<time>2017-10-14T08:12:33.657Z</time>
	<pdop>4.00</pdop>
	<extensions>
		<gpxtpx:TrackPointExtension>
			<gpxtpx:course>228.9</gpxtpx:course>
		</gpxtpx:TrackPointExtension>
	</extensions>
</trkpt>
<trkpt lat="47.829085" lon="20.045521">
	<ele>255.42</ele>
	<time>2017-10-14T08:12:43.000Z</time>
	<pdop>3.00</pdop>
	<extensions>
		<gpxtpx:TrackPointExtension>
			<gpxtpx:course>241.0</gpxtpx:course>
		</gpxtpx:TrackPointExtension>
	</extensions>
</trkpt>
<trkpt lat="47.829073" lon="20.045486">
	<ele>255.67</ele>
	<time>2017-10-14T08:12:53.434Z</time>
	<pdop>3.00</pdop>
	<extensions>
		<gpxtpx:TrackPointExtension>
			<gpxtpx:course>241.0</gpxtpx:course>
		</gpxtpx:TrackPointExtension>
	</extensions>
</trkpt>
<trkpt lat="47.829070" lon="20.045468">
	<ele>255.42</ele>
	<time>2017-10-14T08:13:03.000Z</time>
	<pdop>3.00</pdop>
	<extensions>
		<gpxtpx:TrackPointExtension>
			<gpxtpx:course>241.0</gpxtpx:course>
		</gpxtpx:TrackPointExtension>
	</extensions>
</trkpt>
<trkpt lat="47.829058" lon="20.045412">
	<ele>256.42</ele>
	<time>2017-10-14T08:13:13.000Z</time>
	<pdop>3.00</pdop>
	<extensions>
		<gpxtpx:TrackPointExtension>
			<gpxtpx:course>241.0</gpxtpx:course>
		</gpxtpx:TrackPointExtension>
	</extensions>
</trkpt>
<trkpt lat="47.829058" lon="20.045389">
	<ele>256.45</ele>
	<time>2017-10-14T08:13:22.862Z</time>
	<pdop>3.00</pdop>
	<extensions>
		<gpxtpx:TrackPointExtension>
			<gpxtpx:course>241.0</gpxtpx:course>
		</gpxtpx:TrackPointExtension>
	</extensions>
</trkpt>
<trkpt lat="47.829067" lon="20.045340">
	<ele>256.42</ele>
	<time>2017-10-14T08:13:32.000Z</time>
	<pdop>4.00</pdop>
	<extensions>
		<gpxtpx:TrackPointExtension>
			<gpxtpx:course>241.0</gpxtpx:course>
		</gpxtpx:TrackPointExtension>
	</extensions>
</trkpt>
<trkpt lat="47.829051" lon="20.045267">
	<ele>256.84</ele>
	<time>2017-10-14T08:13:42.000Z</time>
	<pdop>4.00</pdop>
	<extensions>
		<gpxtpx:TrackPointExtension>
			<gpxtpx:course>241.0</gpxtpx:course>
		</gpxtpx:TrackPointExtension>
	</extensions>
</trkpt>
<trkpt lat="47.829049" lon="20.045208">
	<ele>257.35</ele>
	<time>2017-10-14T08:13:54.478Z</time>
	<pdop>4.00</pdop>
	<extensions>
		<gpxtpx:TrackPointExtension>
			<gpxtpx:course>241.0</gpxtpx:course>
		</gpxtpx:TrackPointExtension>
	</extensions>
</trkpt>
<trkpt lat="47.829047" lon="20.045189">
	<ele>257.42</ele>
	<time>2017-10-14T08:14:04.000Z</time>
	<pdop>3.00</pdop>
	<extensions>
		<gpxtpx:TrackPointExtension>
			<gpxtpx:course>241.0</gpxtpx:course>
		</gpxtpx:TrackPointExtension>
	</extensions>
</trkpt>
<trkpt lat="47.829047" lon="20.045173">
	<ele>257.03</ele>
	<time>2017-10-14T08:14:16.000Z</time>
	<pdop>3.00</pdop>
	<extensions>
		<gpxtpx:TrackPointExtension>
			<gpxtpx:course>241.0</gpxtpx:course>
		</gpxtpx:TrackPointExtension>
	</extensions>
</trkpt>
<trkpt lat="47.829043" lon="20.045154">
	<ele>256.63</ele>
	<time>2017-10-14T08:14:26.000Z</time>
	<pdop>3.00</pdop>
	<extensions>
		<gpxtpx:TrackPointExtension>
			<gpxtpx:course>241.0</gpxtpx:course>
		</gpxtpx:TrackPointExtension>
	</extensions>
</trkpt>
<trkpt lat="47.829046" lon="20.045140">
	<ele>258.34</ele>
	<time>2017-10-14T08:14:58.000Z</time>
	<pdop>3.00</pdop>
	<extensions>
		<gpxtpx:TrackPointExtension>
			<gpxtpx:course>241.0</gpxtpx:course>
		</gpxtpx:TrackPointExtension>
	</extensions>
</trkpt>
<trkpt lat="47.829037" lon="20.045132">
	<ele>258.17</ele>
	<time>2017-10-14T08:15:09.000Z</time>
	<pdop>4.00</pdop>
	<extensions>
		<gpxtpx:TrackPointExtension>
			<gpxtpx:course>241.0</gpxtpx:course>
		</gpxtpx:TrackPointExtension>
	</extensions>
</trkpt>
<trkpt lat="47.829031" lon="20.045122">
	<ele>259.35</ele>
	<time>2017-10-14T08:15:19.000Z</time>
	<pdop>4.00</pdop>
	<extensions>
		<gpxtpx:TrackPointExtension>
			<gpxtpx:course>241.0</gpxtpx:course>
		</gpxtpx:TrackPointExtension>
	</extensions>
</trkpt>
<trkpt lat="47.829016" lon="20.045089">
	<ele>260.24</ele>
	<time>2017-10-14T08:15:29.000Z</time>
	<pdop>3.00</pdop>
	<extensions>
		<gpxtpx:TrackPointExtension>
			<gpxtpx:course>241.0</gpxtpx:course>
		</gpxtpx:TrackPointExtension>
	</extensions>
</trkpt>
<trkpt lat="47.829034" lon="20.045027">
	<ele>259.36</ele>
	<time>2017-10-14T08:15:39.000Z</time>
	<pdop>3.00</pdop>
	<extensions>
		<gpxtpx:TrackPointExtension>
			<gpxtpx:course>241.0</gpxtpx:course>
		</gpxtpx:TrackPointExtension>
	</extensions>
</trkpt>
<trkpt lat="47.829018" lon="20.044952">
	<ele>259.37</ele>
	<time>2017-10-14T08:15:49.000Z</time>
	<pdop>4.00</pdop>
	<extensions>
		<gpxtpx:TrackPointExtension>
			<gpxtpx:course>241.0</gpxtpx:course>
		</gpxtpx:TrackPointExtension>
	</extensions>
</trkpt>
<trkpt lat="47.829008" lon="20.044892">
	<ele>262.39</ele>
	<time>2017-10-14T08:15:59.565Z</time>
	<pdop>3.00</pdop>
	<extensions>
		<gpxtpx:TrackPointExtension>
			<gpxtpx:course>241.0</gpxtpx:course>
		</gpxtpx:TrackPointExtension>
	</extensions>
</trkpt>
<trkpt lat="47.828994" lon="20.044816">
	<ele>263.42</ele>
	<time>2017-10-14T08:16:09.000Z</time>
	<pdop>4.00</pdop>
	<extensions>
		<gpxtpx:TrackPointExtension>
			<gpxtpx:course>270.9</gpxtpx:course>
		</gpxtpx:TrackPointExtension>
	</extensions>
</trkpt>
<trkpt lat="47.828970" lon="20.044752">
	<ele>265.17</ele>
	<time>2017-10-14T08:16:19.659Z</time>
	<pdop>4.00</pdop>
	<extensions>
		<gpxtpx:TrackPointExtension>
			<gpxtpx:course>270.9</gpxtpx:course>
		</gpxtpx:TrackPointExtension>
	</extensions>
</trkpt>
<trkpt lat="47.828941" lon="20.044706">
	<ele>265.23</ele>
	<time>2017-10-14T08:16:29.000Z</time>
	<pdop>3.00</pdop>
	<extensions>
		<gpxtpx:TrackPointExtension>
			<gpxtpx:course>270.9</gpxtpx:course>
		</gpxtpx:TrackPointExtension>
	</extensions>
</trkpt>
<trkpt lat="47.828933" lon="20.044698">
	<ele>264.54</ele>
	<time>2017-10-14T08:16:58.000Z</time>
	<pdop>3.00</pdop>
	<extensions>
		<gpxtpx:TrackPointExtension>
			<gpxtpx:course>270.9</gpxtpx:course>
		</gpxtpx:TrackPointExtension>
	</extensions>
</trkpt>
<trkpt lat="47.828936" lon="20.044711">
	<ele>262.46</ele>
	<time>2017-10-14T08:17:09.000Z</time>
	<pdop>3.00</pdop>
	<extensions>
		<gpxtpx:TrackPointExtension>
			<gpxtpx:course>270.9</gpxtpx:course>
		</gpxtpx:TrackPointExtension>
	</extensions>
</trkpt>
<trkpt lat="47.828933" lon="20.044695">
	<ele>262.42</ele>
	<time>2017-10-14T08:17:34.000Z</time>
	<pdop>3.00</pdop>
	<extensions>
		<gpxtpx:TrackPointExtension>
			<gpxtpx:course>270.9</gpxtpx:course>
		</gpxtpx:TrackPointExtension>
	</extensions>
</trkpt>
<trkpt lat="47.828921" lon="20.044608">
	<ele>262.39</ele>
	<time>2017-10-14T08:17:44.000Z</time>
	<pdop>3.00</pdop>
	<extensions>
		<gpxtpx:TrackPointExtension>
			<gpxtpx:course>270.9</gpxtpx:course>
		</gpxtpx:TrackPointExtension>
	</extensions>
</trkpt>
<trkpt lat="47.828901" lon="20.044547">
	<ele>264.36</ele>
	<time>2017-10-14T08:17:54.584Z</time>
	<pdop>3.00</pdop>
	<extensions>
		<gpxtpx:TrackPointExtension>
			<gpxtpx:course>270.9</gpxtpx:course>
		</gpxtpx:TrackPointExtension>
	</extensions>
</trkpt>
<trkpt lat="47.828881" lon="20.044488">
	<ele>264.42</ele>
	<time>2017-10-14T08:18:04.000Z</time>
	<pdop>4.00</pdop>
	<extensions>
		<gpxtpx:TrackPointExtension>
			<gpxtpx:course>270.9</gpxtpx:course>
		</gpxtpx:TrackPointExtension>
	</extensions>
</trkpt>
<trkpt lat="47.828877" lon="20.044469">
	<ele>265.42</ele>
	<time>2017-10-14T08:18:14.000Z</time>
	<pdop>3.00</pdop>
	<extensions>
		<gpxtpx:TrackPointExtension>
			<gpxtpx:course>270.9</gpxtpx:course>
		</gpxtpx:TrackPointExtension>
	</extensions>
</trkpt>
<trkpt lat="47.828866" lon="20.044373">
	<ele>267.97</ele>
	<time>2017-10-14T08:18:24.000Z</time>
	<pdop>3.00</pdop>
	<extensions>
		<gpxtpx:TrackPointExtension>
			<gpxtpx:course>270.9</gpxtpx:course>
		</gpxtpx:TrackPointExtension>
	</extensions>
</trkpt>
<trkpt lat="47.828856" lon="20.044330">
	<ele>270.37</ele>
	<time>2017-10-14T08:18:34.000Z</time>
	<pdop>3.00</pdop>
	<extensions>
		<gpxtpx:TrackPointExtension>
			<gpxtpx:course>270.9</gpxtpx:course>
		</gpxtpx:TrackPointExtension>
	</extensions>
</trkpt>
<trkpt lat="47.828821" lon="20.044225">
	<ele>271.47</ele>
	<time>2017-10-14T08:18:44.000Z</time>
	<pdop>3.00</pdop>
	<extensions>
		<gpxtpx:TrackPointExtension>
			<gpxtpx:course>241.0</gpxtpx:course>
		</gpxtpx:TrackPointExtension>
	</extensions>
</trkpt>
<trkpt lat="47.828819" lon="20.044186">
	<ele>273.41</ele>
	<time>2017-10-14T08:18:54.534Z</time>
	<pdop>4.00</pdop>
	<extensions>
		<gpxtpx:TrackPointExtension>
			<gpxtpx:course>241.0</gpxtpx:course>
		</gpxtpx:TrackPointExtension>
	</extensions>
</trkpt>
<trkpt lat="47.828802" lon="20.044100">
	<ele>275.42</ele>
	<time>2017-10-14T08:19:04.000Z</time>
	<pdop>4.00</pdop>
	<extensions>
		<gpxtpx:TrackPointExtension>
			<gpxtpx:course>241.0</gpxtpx:course>
		</gpxtpx:TrackPointExtension>
	</extensions>
</trkpt>
<trkpt lat="47.828783" lon="20.044009">
	<ele>276.17</ele>
	<time>2017-10-14T08:19:14.572Z</time>
	<pdop>3.00</pdop>
	<extensions>
		<gpxtpx:TrackPointExtension>
			<gpxtpx:course>261.4</gpxtpx:course>
		</gpxtpx:TrackPointExtension>
	</extensions>
</trkpt>
<trkpt lat="47.828763" lon="20.043895">
	<ele>277.18</ele>
	<time>2017-10-14T08:19:24.000Z</time>
	<pdop>3.00</pdop>
	<extensions>
		<gpxtpx:TrackPointExtension>
			<gpxtpx:course>244.9</gpxtpx:course>
		</gpxtpx:TrackPointExtension>
	</extensions>
</trkpt>
<trkpt lat="47.828773" lon="20.043862">
	<ele>279.35</ele>
	<time>2017-10-14T08:19:35.460Z</time>
	<pdop>3.00</pdop>
	<extensions>
		<gpxtpx:TrackPointExtension>
			<gpxtpx:course>244.9</gpxtpx:course>
		</gpxtpx:TrackPointExtension>
	</extensions>
</trkpt>
<trkpt lat="47.828764" lon="20.043798">
	<ele>280.78</ele>
	<time>2017-10-14T08:19:45.000Z</time>
	<pdop>3.00</pdop>
	<extensions>
		<gpxtpx:TrackPointExtension>
			<gpxtpx:course>275.7</gpxtpx:course>
		</gpxtpx:TrackPointExtension>
	</extensions>
</trkpt>
<trkpt lat="47.828753" lon="20.043744">
	<ele>282.31</ele>
	<time>2017-10-14T08:19:55.351Z</time>
	<pdop>4.00</pdop>
	<extensions>
		<gpxtpx:TrackPointExtension>
			<gpxtpx:course>275.7</gpxtpx:course>
		</gpxtpx:TrackPointExtension>
	</extensions>
</trkpt>
<trkpt lat="47.828754" lon="20.043721">
	<ele>283.58</ele>
	<time>2017-10-14T08:20:05.000Z</time>
	<pdop>3.00</pdop>
	<extensions>
		<gpxtpx:TrackPointExtension>
			<gpxtpx:course>275.7</gpxtpx:course>
		</gpxtpx:TrackPointExtension>
	</extensions>
</trkpt>
<trkpt lat="47.828749" lon="20.043662">
	<ele>286.23</ele>
	<time>2017-10-14T08:20:15.468Z</time>
	<pdop>4.00</pdop>
	<extensions>
		<gpxtpx:TrackPointExtension>
			<gpxtpx:course>275.7</gpxtpx:course>
		</gpxtpx:TrackPointExtension>
	</extensions>
</trkpt>
<trkpt lat="47.828736" lon="20.043574">
	<ele>289.36</ele>
	<time>2017-10-14T08:20:25.000Z</time>
	<pdop>3.00</pdop>
	<extensions>
		<gpxtpx:TrackPointExtension>
			<gpxtpx:course>275.7</gpxtpx:course>
		</gpxtpx:TrackPointExtension>
	</extensions>
</trkpt>
<trkpt lat="47.828717" lon="20.043493">
	<ele>288.42</ele>
	<time>2017-10-14T08:20:35.000Z</time>
	<pdop>4.00</pdop>
	<extensions>
		<gpxtpx:TrackPointExtension>
			<gpxtpx:course>275.7</gpxtpx:course>
		</gpxtpx:TrackPointExtension>
	</extensions>
</trkpt>
<trkpt lat="47.828703" lon="20.043473">
	<ele>288.42</ele>
	<time>2017-10-14T08:20:44.667Z</time>
	<pdop>3.00</pdop>
	<extensions>
		<gpxtpx:TrackPointExtension>
			<gpxtpx:course>275.7</gpxtpx:course>
		</gpxtpx:TrackPointExtension>
	</extensions>
</trkpt>
<trkpt lat="47.828700" lon="20.043401">
	<ele>291.17</ele>
	<time>2017-10-14T08:20:54.000Z</time>
	<pdop>4.00</pdop>
	<extensions>
		<gpxtpx:TrackPointExtension>
			<gpxtpx:course>275.7</gpxtpx:course>
		</gpxtpx:TrackPointExtension>
	</extensions>
</trkpt>
<trkpt lat="47.828689" lon="20.043344">
	<ele>292.94</ele>
	<time>2017-10-14T08:21:04.000Z</time>
	<pdop>4.00</pdop>
	<extensions>
		<gpxtpx:TrackPointExtension>
			<gpxtpx:course>275.7</gpxtpx:course>
		</gpxtpx:TrackPointExtension>
	</extensions>
</trkpt>
<trkpt lat="47.828680" lon="20.043238">
	<ele>292.42</ele>
	<time>2017-10-14T08:21:16.598Z</time>
	<pdop>3.00</pdop>
	<extensions>
		<gpxtpx:TrackPointExtension>
			<gpxtpx:course>270.8</gpxtpx:course>
		</gpxtpx:TrackPointExtension>
	</extensions>
</trkpt>
<trkpt lat="47.828649" lon="20.043239">
	<ele>290.42</ele>
	<time>2017-10-14T08:21:26.000Z</time>
	<pdop>3.00</pdop>
	<extensions>
		<gpxtpx:TrackPointExtension>
			<gpxtpx:course>270.8</gpxtpx:course>
		</gpxtpx:TrackPointExtension>
	</extensions>
</trkpt>
<trkpt lat="47.828648" lon="20.043223">
	<ele>290.42</ele>
	<time>2017-10-14T08:21:39.000Z</time>
	<pdop>3.00</pdop>
	<extensions>
		<gpxtpx:TrackPointExtension>
			<gpxtpx:course>270.8</gpxtpx:course>
		</gpxtpx:TrackPointExtension>
	</extensions>
</trkpt>
<trkpt lat="47.828686" lon="20.043112">
	<ele>293.17</ele>
	<time>2017-10-14T08:21:49.000Z</time>
	<pdop>4.00</pdop>
	<extensions>
		<gpxtpx:TrackPointExtension>
			<gpxtpx:course>306.1</gpxtpx:course>
		</gpxtpx:TrackPointExtension>
	</extensions>
</trkpt>
<trkpt lat="47.828709" lon="20.043047">
	<ele>293.67</ele>
	<time>2017-10-14T08:21:59.000Z</time>
	<pdop>3.00</pdop>
	<extensions>
		<gpxtpx:TrackPointExtension>
			<gpxtpx:course>296.0</gpxtpx:course>
		</gpxtpx:TrackPointExtension>
	</extensions>
</trkpt>
<trkpt lat="47.828711" lon="20.042977">
	<ele>295.17</ele>
	<time>2017-10-14T08:22:09.000Z</time>
	<pdop>4.00</pdop>
	<extensions>
		<gpxtpx:TrackPointExtension>
			<gpxtpx:course>296.0</gpxtpx:course>
		</gpxtpx:TrackPointExtension>
	</extensions>
</trkpt>
<trkpt lat="47.828726" lon="20.042948">
	<ele>294.15</ele>
	<time>2017-10-14T08:22:20.548Z</time>
	<pdop>4.00</pdop>
	<extensions>
		<gpxtpx:TrackPointExtension>
			<gpxtpx:course>296.0</gpxtpx:course>
		</gpxtpx:TrackPointExtension>
	</extensions>
</trkpt>
<trkpt lat="47.828752" lon="20.042850">
	<ele>295.67</ele>
	<time>2017-10-14T08:22:30.000Z</time>
	<pdop>4.00</pdop>
	<extensions>
		<gpxtpx:TrackPointExtension>
			<gpxtpx:course>296.0</gpxtpx:course>
		</gpxtpx:TrackPointExtension>
	</extensions>
</trkpt>
<trkpt lat="47.828778" lon="20.042749">
	<ele>297.40</ele>
	<time>2017-10-14T08:22:40.615Z</time>
	<pdop>3.00</pdop>
	<extensions>
		<gpxtpx:TrackPointExtension>
			<gpxtpx:course>297.4</gpxtpx:course>
		</gpxtpx:TrackPointExtension>
	</extensions>
</trkpt>
<trkpt lat="47.828821" lon="20.042626">
	<ele>298.42</ele>
	<time>2017-10-14T08:22:50.000Z</time>
	<pdop>3.00</pdop>
	<extensions>
		<gpxtpx:TrackPointExtension>
			<gpxtpx:course>286.9</gpxtpx:course>
		</gpxtpx:TrackPointExtension>
	</extensions>
</trkpt>
<trkpt lat="47.828825" lon="20.042611">
	<ele>299.42</ele>
	<time>2017-10-14T08:23:01.178Z</time>
	<pdop>3.00</pdop>
	<extensions>
		<gpxtpx:TrackPointExtension>
			<gpxtpx:course>286.9</gpxtpx:course>
		</gpxtpx:TrackPointExtension>
	</extensions>
</trkpt>
<trkpt lat="47.828852" lon="20.042539">
	<ele>297.27</ele>
	<time>2017-10-14T08:23:11.000Z</time>
	<pdop>3.00</pdop>
	<extensions>
		<gpxtpx:TrackPointExtension>
			<gpxtpx:course>304.3</gpxtpx:course>
		</gpxtpx:TrackPointExtension>
	</extensions>
</trkpt>
<trkpt lat="47.828833" lon="20.042543">
	<ele>298.42</ele>
	<time>2017-10-14T08:23:20.805Z</time>
	<pdop>3.00</pdop>
	<extensions>
		<gpxtpx:TrackPointExtension>
			<gpxtpx:course>304.3</gpxtpx:course>
		</gpxtpx:TrackPointExtension>
	</extensions>
</trkpt>
<trkpt lat="47.828869" lon="20.042488">
	<ele>298.36</ele>
	<time>2017-10-14T08:23:30.000Z</time>
	<pdop>3.00</pdop>
	<extensions>
		<gpxtpx:TrackPointExtension>
			<gpxtpx:course>304.3</gpxtpx:course>
		</gpxtpx:TrackPointExtension>
	</extensions>
</trkpt>
<trkpt lat="47.828909" lon="20.042423">
	<ele>298.42</ele>
	<time>2017-10-14T08:23:39.559Z</time>
	<pdop>3.00</pdop>
	<extensions>
		<gpxtpx:TrackPointExtension>
			<gpxtpx:course>292.4</gpxtpx:course>
		</gpxtpx:TrackPointExtension>
	</extensions>
</trkpt>
<trkpt lat="47.828958" lon="20.042360">
	<ele>298.43</ele>
	<time>2017-10-14T08:23:49.000Z</time>
	<pdop>3.00</pdop>
	<extensions>
		<gpxtpx:TrackPointExtension>
			<gpxtpx:course>314.0</gpxtpx:course>
		</gpxtpx:TrackPointExtension>
	</extensions>
</trkpt>
<trkpt lat="47.829018" lon="20.042296">
	<ele>299.67</ele>
	<time>2017-10-14T08:24:00.000Z</time>
	<pdop>3.00</pdop>
	<extensions>
		<gpxtpx:TrackPointExtension>
			<gpxtpx:course>322.6</gpxtpx:course>
		</gpxtpx:TrackPointExtension>
	</extensions>
</trkpt>
<trkpt lat="47.829069" lon="20.042208">
	<ele>300.17</ele>
	<time>2017-10-14T08:24:10.000Z</time>
	<pdop>3.00</pdop>
	<extensions>
		<gpxtpx:TrackPointExtension>
			<gpxtpx:course>315.6</gpxtpx:course>
		</gpxtpx:TrackPointExtension>
	</extensions>
</trkpt>
<trkpt lat="47.829129" lon="20.042143">
	<ele>300.42</ele>
	<time>2017-10-14T08:24:20.000Z</time>
	<pdop>3.00</pdop>
	<extensions>
		<gpxtpx:TrackPointExtension>
			<gpxtpx:course>306.6</gpxtpx:course>
		</gpxtpx:TrackPointExtension>
	</extensions>
</trkpt>
<trkpt lat="47.829182" lon="20.042081">
	<ele>301.42</ele>
	<time>2017-10-14T08:24:30.000Z</time>
	<pdop>3.00</pdop>
	<extensions>
		<gpxtpx:TrackPointExtension>
			<gpxtpx:course>318.4</gpxtpx:course>
		</gpxtpx:TrackPointExtension>
	</extensions>
</trkpt>
<trkpt lat="47.829241" lon="20.041981">
	<ele>302.49</ele>
	<time>2017-10-14T08:24:40.506Z</time>
	<pdop>3.00</pdop>
	<extensions>
		<gpxtpx:TrackPointExtension>
			<gpxtpx:course>303.5</gpxtpx:course>
		</gpxtpx:TrackPointExtension>
	</extensions>
</trkpt>
<trkpt lat="47.829271" lon="20.041882">
	<ele>303.42</ele>
	<time>2017-10-14T08:24:50.000Z</time>
	<pdop>3.00</pdop>
	<extensions>
		<gpxtpx:TrackPointExtension>
			<gpxtpx:course>283.8</gpxtpx:course>
		</gpxtpx:TrackPointExtension>
	</extensions>
</trkpt>
<trkpt lat="47.829284" lon="20.041803">
	<ele>303.42</ele>
	<time>2017-10-14T08:24:59.610Z</time>
	<pdop>3.00</pdop>
	<extensions>
		<gpxtpx:TrackPointExtension>
			<gpxtpx:course>273.5</gpxtpx:course>
		</gpxtpx:TrackPointExtension>
	</extensions>
</trkpt>
<trkpt lat="47.829282" lon="20.041645">
	<ele>302.48</ele>
	<time>2017-10-14T08:25:09.000Z</time>
	<pdop>4.00</pdop>
	<extensions>
		<gpxtpx:TrackPointExtension>
			<gpxtpx:course>251.1</gpxtpx:course>
		</gpxtpx:TrackPointExtension>
	</extensions>
</trkpt>
<trkpt lat="47.829252" lon="20.041559">
	<ele>303.24</ele>
	<time>2017-10-14T08:25:21.689Z</time>
	<pdop>3.00</pdop>
	<extensions>
		<gpxtpx:TrackPointExtension>
			<gpxtpx:course>236.8</gpxtpx:course>
		</gpxtpx:TrackPointExtension>
	</extensions>
</trkpt>
<trkpt lat="47.829260" lon="20.041431">
	<ele>305.41</ele>
	<time>2017-10-14T08:25:31.000Z</time>
	<pdop>3.00</pdop>
	<extensions>
		<gpxtpx:TrackPointExtension>
			<gpxtpx:course>333.7</gpxtpx:course>
		</gpxtpx:TrackPointExtension>
	</extensions>
</trkpt>
<trkpt lat="47.829284" lon="20.041409">
	<ele>306.32</ele>
	<time>2017-10-14T08:25:41.000Z</time>
	<pdop>3.00</pdop>
	<extensions>
		<gpxtpx:TrackPointExtension>
			<gpxtpx:course>308.2</gpxtpx:course>
		</gpxtpx:TrackPointExtension>
	</extensions>
</trkpt>
<trkpt lat="47.829289" lon="20.041398">
	<ele>306.42</ele>
	<time>2017-10-14T08:26:00.000Z</time>
	<pdop>4.00</pdop>
	<extensions>
		<gpxtpx:TrackPointExtension>
			<gpxtpx:course>308.2</gpxtpx:course>
		</gpxtpx:TrackPointExtension>
	</extensions>
</trkpt>
<trkpt lat="47.829297" lon="20.041424">
	<ele>306.42</ele>
	<time>2017-10-14T08:26:10.000Z</time>
	<pdop>3.00</pdop>
	<extensions>
		<gpxtpx:TrackPointExtension>
			<gpxtpx:course>308.2</gpxtpx:course>
		</gpxtpx:TrackPointExtension>
	</extensions>
</trkpt>
<trkpt lat="47.829295" lon="20.041447">
	<ele>306.42</ele>
	<time>2017-10-14T08:26:21.000Z</time>
	<pdop>3.00</pdop>
	<extensions>
		<gpxtpx:TrackPointExtension>
			<gpxtpx:course>308.2</gpxtpx:course>
		</gpxtpx:TrackPointExtension>
	</extensions>
</trkpt>
<trkpt lat="47.829289" lon="20.041400">
	<ele>306.54</ele>
	<time>2017-10-14T08:26:31.000Z</time>
	<pdop>3.00</pdop>
	<extensions>
		<gpxtpx:TrackPointExtension>
			<gpxtpx:course>257.4</gpxtpx:course>
		</gpxtpx:TrackPointExtension>
	</extensions>
</trkpt>
<trkpt lat="47.829274" lon="20.041411">
	<ele>306.42</ele>
	<time>2017-10-14T08:26:41.000Z</time>
	<pdop>3.00</pdop>
	<extensions>
		<gpxtpx:TrackPointExtension>
			<gpxtpx:course>257.4</gpxtpx:course>
		</gpxtpx:TrackPointExtension>
	</extensions>
</trkpt>
<trkpt lat="47.829285" lon="20.041410">
	<ele>306.50</ele>
	<time>2017-10-14T08:27:12.000Z</time>
	<pdop>4.00</pdop>
	<extensions>
		<gpxtpx:TrackPointExtension>
			<gpxtpx:course>257.4</gpxtpx:course>
		</gpxtpx:TrackPointExtension>
	</extensions>
</trkpt>
<trkpt lat="47.829294" lon="20.041414">
	<ele>306.41</ele>
	<time>2017-10-14T08:27:35.000Z</time>
	<pdop>3.00</pdop>
	<extensions>
		<gpxtpx:TrackPointExtension>
			<gpxtpx:course>257.4</gpxtpx:course>
		</gpxtpx:TrackPointExtension>
	</extensions>
</trkpt>
<trkpt lat="47.829290" lon="20.041398">
	<ele>306.44</ele>
	<time>2017-10-14T08:28:23.000Z</time>
	<pdop>4.00</pdop>
	<extensions>
		<gpxtpx:TrackPointExtension>
			<gpxtpx:course>257.4</gpxtpx:course>
		</gpxtpx:TrackPointExtension>
	</extensions>
</trkpt>
<trkpt lat="47.829279" lon="20.041392">
	<ele>305.91</ele>
	<time>2017-10-14T08:28:33.040Z</time>
	<pdop>3.00</pdop>
	<extensions>
		<gpxtpx:TrackPointExtension>
			<gpxtpx:course>257.4</gpxtpx:course>
		</gpxtpx:TrackPointExtension>
	</extensions>
</trkpt>
<trkpt lat="47.829275" lon="20.041369">
	<ele>305.61</ele>
	<time>2017-10-14T08:28:43.000Z</time>
	<pdop>3.00</pdop>
	<extensions>
		<gpxtpx:TrackPointExtension>
			<gpxtpx:course>257.4</gpxtpx:course>
		</gpxtpx:TrackPointExtension>
	</extensions>
</trkpt>
<trkpt lat="47.829250" lon="20.041349">
	<ele>305.34</ele>
	<time>2017-10-14T08:28:53.028Z</time>
	<pdop>3.00</pdop>
	<extensions>
		<gpxtpx:TrackPointExtension>
			<gpxtpx:course>257.4</gpxtpx:course>
		</gpxtpx:TrackPointExtension>
	</extensions>
</trkpt>
<trkpt lat="47.829249" lon="20.041368">
	<ele>304.17</ele>
	<time>2017-10-14T08:29:24.000Z</time>
	<pdop>3.00</pdop>
	<extensions>
		<gpxtpx:TrackPointExtension>
			<gpxtpx:course>257.4</gpxtpx:course>
		</gpxtpx:TrackPointExtension>
	</extensions>
</trkpt>
<trkpt lat="47.829264" lon="20.041391">
	<ele>304.42</ele>
	<time>2017-10-14T08:29:33.104Z</time>
	<pdop>3.00</pdop>
	<extensions>
		<gpxtpx:TrackPointExtension>
			<gpxtpx:course>257.4</gpxtpx:course>
		</gpxtpx:TrackPointExtension>
	</extensions>
</trkpt>
<trkpt lat="47.829273" lon="20.041388">
	<ele>304.42</ele>
	<time>2017-10-14T08:29:46.000Z</time>
	<pdop>3.00</pdop>
	<extensions>
		<gpxtpx:TrackPointExtension>
			<gpxtpx:course>257.4</gpxtpx:course>
		</gpxtpx:TrackPointExtension>
	</extensions>
</trkpt>
<trkpt lat="47.829276" lon="20.041400">
	<ele>305.18</ele>
	<time>2017-10-14T08:30:00.000Z</time>
	<pdop>3.00</pdop>
	<extensions>
		<gpxtpx:TrackPointExtension>
			<gpxtpx:course>257.4</gpxtpx:course>
		</gpxtpx:TrackPointExtension>
	</extensions>
</trkpt>
<trkpt lat="47.829268" lon="20.041411">
	<ele>304.48</ele>
	<time>2017-10-14T08:30:16.000Z</time>
	<pdop>4.00</pdop>
	<extensions>
		<gpxtpx:TrackPointExtension>
			<gpxtpx:course>257.4</gpxtpx:course>
		</gpxtpx:TrackPointExtension>
	</extensions>
</trkpt>
<trkpt lat="47.829260" lon="20.041418">
	<ele>302.48</ele>
	<time>2017-10-14T08:30:39.000Z</time>
	<pdop>3.00</pdop>
	<extensions>
		<gpxtpx:TrackPointExtension>
			<gpxtpx:course>257.4</gpxtpx:course>
		</gpxtpx:TrackPointExtension>
	</extensions>
</trkpt>
<trkpt lat="47.829265" lon="20.041406">
	<ele>303.42</ele>
	<time>2017-10-14T08:30:50.000Z</time>
	<pdop>3.00</pdop>
	<extensions>
		<gpxtpx:TrackPointExtension>
			<gpxtpx:course>257.4</gpxtpx:course>
		</gpxtpx:TrackPointExtension>
	</extensions>
</trkpt>
<trkpt lat="47.829253" lon="20.041413">
	<ele>302.67</ele>
	<time>2017-10-14T08:31:03.000Z</time>
	<pdop>4.00</pdop>
	<extensions>
		<gpxtpx:TrackPointExtension>
			<gpxtpx:course>145.4</gpxtpx:course>
		</gpxtpx:TrackPointExtension>
	</extensions>
</trkpt>
<trkpt lat="47.829183" lon="20.041486">
	<ele>301.46</ele>
	<time>2017-10-14T08:31:13.225Z</time>
	<pdop>3.00</pdop>
	<extensions>
		<gpxtpx:TrackPointExtension>
			<gpxtpx:course>139.5</gpxtpx:course>
		</gpxtpx:TrackPointExtension>
	</extensions>
</trkpt>
<trkpt lat="47.829160" lon="20.041520">
	<ele>300.75</ele>
	<time>2017-10-14T08:31:23.000Z</time>
	<pdop>3.00</pdop>
	<extensions>
		<gpxtpx:TrackPointExtension>
			<gpxtpx:course>128.1</gpxtpx:course>
		</gpxtpx:TrackPointExtension>
	</extensions>
</trkpt>
<trkpt lat="47.829171" lon="20.041512">
	<ele>299.73</ele>
	<time>2017-10-14T08:31:51.000Z</time>
	<pdop>3.00</pdop>
	<extensions>
		<gpxtpx:TrackPointExtension>
			<gpxtpx:course>128.1</gpxtpx:course>
		</gpxtpx:TrackPointExtension>
	</extensions>
</trkpt>
<trkpt lat="47.829246" lon="20.041417">
	<ele>301.35</ele>
	<time>2017-10-14T08:32:01.000Z</time>
	<pdop>3.00</pdop>
	<extensions>
		<gpxtpx:TrackPointExtension>
			<gpxtpx:course>310.1</gpxtpx:course>
		</gpxtpx:TrackPointExtension>
	</extensions>
</trkpt>
<trkpt lat="47.829252" lon="20.041401">
	<ele>302.40</ele>
	<time>2017-10-14T08:32:11.496Z</time>
	<pdop>3.00</pdop>
	<extensions>
		<gpxtpx:TrackPointExtension>
			<gpxtpx:course>319.9</gpxtpx:course>
		</gpxtpx:TrackPointExtension>
	</extensions>
</trkpt>
<trkpt lat="47.829260" lon="20.041394">
	<ele>303.42</ele>
	<time>2017-10-14T08:32:36.000Z</time>
	<pdop>3.00</pdop>
	<extensions>
		<gpxtpx:TrackPointExtension>
			<gpxtpx:course>319.9</gpxtpx:course>
		</gpxtpx:TrackPointExtension>
	</extensions>
</trkpt>
<trkpt lat="47.829269" lon="20.041388">
	<ele>302.42</ele>
	<time>2017-10-14T08:34:38.000Z</time>
	<pdop>3.00</pdop>
	<extensions>
		<gpxtpx:TrackPointExtension>
			<gpxtpx:course>319.9</gpxtpx:course>
		</gpxtpx:TrackPointExtension>
	</extensions>
</trkpt>
<trkpt lat="47.829278" lon="20.041394">
	<ele>302.42</ele>
	<time>2017-10-14T08:34:49.000Z</time>
	<pdop>3.00</pdop>
	<extensions>
		<gpxtpx:TrackPointExtension>
			<gpxtpx:course>319.9</gpxtpx:course>
		</gpxtpx:TrackPointExtension>
	</extensions>
</trkpt>
<trkpt lat="47.829278" lon="20.041379">
	<ele>303.33</ele>
	<time>2017-10-14T08:35:52.050Z</time>
	<pdop>3.00</pdop>
	<extensions>
		<gpxtpx:TrackPointExtension>
			<gpxtpx:course>319.9</gpxtpx:course>
		</gpxtpx:TrackPointExtension>
	</extensions>
</trkpt>
<trkpt lat="47.829283" lon="20.041391">
	<ele>303.42</ele>
	<time>2017-10-14T08:36:21.000Z</time>
	<pdop>3.00</pdop>
	<extensions>
		<gpxtpx:TrackPointExtension>
			<gpxtpx:course>319.9</gpxtpx:course>
		</gpxtpx:TrackPointExtension>
	</extensions>
</trkpt>
<trkpt lat="47.829287" lon="20.041405">
	<ele>303.73</ele>
	<time>2017-10-14T08:36:51.000Z</time>
	<pdop>3.00</pdop>
	<extensions>
		<gpxtpx:TrackPointExtension>
			<gpxtpx:course>319.9</gpxtpx:course>
		</gpxtpx:TrackPointExtension>
	</extensions>
</trkpt>
<trkpt lat="47.829280" lon="20.041394">
	<ele>303.42</ele>
	<time>2017-10-14T08:37:26.712Z</time>
	<pdop>3.00</pdop>
	<extensions>
		<gpxtpx:TrackPointExtension>
			<gpxtpx:course>319.9</gpxtpx:course>
		</gpxtpx:TrackPointExtension>
	</extensions>
</trkpt>
<trkpt lat="47.829279" lon="20.041380">
	<ele>303.46</ele>
	<time>2017-10-14T08:38:47.000Z</time>
	<pdop>3.00</pdop>
	<extensions>
		<gpxtpx:TrackPointExtension>
			<gpxtpx:course>319.9</gpxtpx:course>
		</gpxtpx:TrackPointExtension>
	</extensions>
</trkpt>
<trkpt lat="47.829286" lon="20.041387">
	<ele>302.42</ele>
	<time>2017-10-14T08:39:20.000Z</time>
	<pdop>3.00</pdop>
	<extensions>
		<gpxtpx:TrackPointExtension>
			<gpxtpx:course>319.9</gpxtpx:course>
		</gpxtpx:TrackPointExtension>
	</extensions>
</trkpt>
<trkpt lat="47.829291" lon="20.041399">
	<ele>303.41</ele>
	<time>2017-10-14T08:39:31.000Z</time>
	<pdop>3.00</pdop>
	<extensions>
		<gpxtpx:TrackPointExtension>
			<gpxtpx:course>319.9</gpxtpx:course>
		</gpxtpx:TrackPointExtension>
	</extensions>
</trkpt>
<trkpt lat="47.829301" lon="20.041406">
	<ele>304.42</ele>
	<time>2017-10-14T08:39:55.711Z</time>
	<pdop>3.00</pdop>
	<extensions>
		<gpxtpx:TrackPointExtension>
			<gpxtpx:course>319.9</gpxtpx:course>
		</gpxtpx:TrackPointExtension>
	</extensions>
</trkpt>
<trkpt lat="47.829291" lon="20.041396">
	<ele>304.42</ele>
	<time>2017-10-14T08:41:21.000Z</time>
	<pdop>4.00</pdop>
	<extensions>
		<gpxtpx:TrackPointExtension>
			<gpxtpx:course>319.9</gpxtpx:course>
		</gpxtpx:TrackPointExtension>
	</extensions>
</trkpt>
<trkpt lat="47.829284" lon="20.041412">
	<ele>303.68</ele>
	<time>2017-10-14T08:41:31.000Z</time>
	<pdop>3.00</pdop>
	<extensions>
		<gpxtpx:TrackPointExtension>
			<gpxtpx:course>319.9</gpxtpx:course>
		</gpxtpx:TrackPointExtension>
	</extensions>
</trkpt>
<trkpt lat="47.829292" lon="20.041406">
	<ele>305.41</ele>
	<time>2017-10-14T08:42:15.000Z</time>
	<pdop>3.00</pdop>
	<extensions>
		<gpxtpx:TrackPointExtension>
			<gpxtpx:course>319.9</gpxtpx:course>
		</gpxtpx:TrackPointExtension>
	</extensions>
</trkpt>
<trkpt lat="47.829281" lon="20.041344">
	<ele>305.41</ele>
	<time>2017-10-14T08:42:27.924Z</time>
	<pdop>3.00</pdop>
	<extensions>
		<gpxtpx:TrackPointExtension>
			<gpxtpx:course>239.9</gpxtpx:course>
		</gpxtpx:TrackPointExtension>
	</extensions>
</trkpt>
<trkpt lat="47.829245" lon="20.041334">
	<ele>303.15</ele>
	<time>2017-10-14T08:42:37.000Z</time>
	<pdop>3.00</pdop>
	<extensions>
		<gpxtpx:TrackPointExtension>
			<gpxtpx:course>239.9</gpxtpx:course>
		</gpxtpx:TrackPointExtension>
	</extensions>
</trkpt>
<trkpt lat="47.829246" lon="20.041305">
	<ele>301.93</ele>
	<time>2017-10-14T08:42:47.000Z</time>
	<pdop>4.00</pdop>
	<extensions>
		<gpxtpx:TrackPointExtension>
			<gpxtpx:course>283.0</gpxtpx:course>
		</gpxtpx:TrackPointExtension>
	</extensions>
</trkpt>
<trkpt lat="47.829296" lon="20.041225">
	<ele>301.42</ele>
	<time>2017-10-14T08:42:57.000Z</time>
	<pdop>3.00</pdop>
	<extensions>
		<gpxtpx:TrackPointExtension>
			<gpxtpx:course>283.0</gpxtpx:course>
		</gpxtpx:TrackPointExtension>
	</extensions>
</trkpt>
<trkpt lat="47.829321" lon="20.041177">
	<ele>302.17</ele>
	<time>2017-10-14T08:43:06.092Z</time>
	<pdop>3.00</pdop>
	<extensions>
		<gpxtpx:TrackPointExtension>
			<gpxtpx:course>283.0</gpxtpx:course>
		</gpxtpx:TrackPointExtension>
	</extensions>
</trkpt>
<trkpt lat="47.829335" lon="20.041135">
	<ele>303.18</ele>
	<time>2017-10-14T08:43:16.000Z</time>
	<pdop>3.00</pdop>
	<extensions>
		<gpxtpx:TrackPointExtension>
			<gpxtpx:course>283.0</gpxtpx:course>
		</gpxtpx:TrackPointExtension>
	</extensions>
</trkpt>
<trkpt lat="47.829358" lon="20.041085">
	<ele>303.42</ele>
	<time>2017-10-14T08:43:26.573Z</time>
	<pdop>4.00</pdop>
	<extensions>
		<gpxtpx:TrackPointExtension>
			<gpxtpx:course>283.0</gpxtpx:course>
		</gpxtpx:TrackPointExtension>
	</extensions>
</trkpt>
<trkpt lat="47.829420" lon="20.040956">
	<ele>304.41</ele>
	<time>2017-10-14T08:43:36.000Z</time>
	<pdop>4.00</pdop>
	<extensions>
		<gpxtpx:TrackPointExtension>
			<gpxtpx:course>298.6</gpxtpx:course>
		</gpxtpx:TrackPointExtension>
	</extensions>
</trkpt>
<trkpt lat="47.829438" lon="20.040893">
	<ele>305.15</ele>
	<time>2017-10-14T08:43:46.528Z</time>
	<pdop>3.00</pdop>
	<extensions>
		<gpxtpx:TrackPointExtension>
			<gpxtpx:course>305.6</gpxtpx:course>
		</gpxtpx:TrackPointExtension>
	</extensions>
</trkpt>
<trkpt lat="47.829461" lon="20.040759">
	<ele>304.43</ele>
	<time>2017-10-14T08:43:56.000Z</time>
	<pdop>4.00</pdop>
	<extensions>
		<gpxtpx:TrackPointExtension>
			<gpxtpx:course>261.7</gpxtpx:course>
		</gpxtpx:TrackPointExtension>
	</extensions>
</trkpt>
<trkpt lat="47.829491" lon="20.040643">
	<ele>304.52</ele>
	<time>2017-10-14T08:44:06.000Z</time>
	<pdop>3.00</pdop>
	<extensions>
		<gpxtpx:TrackPointExtension>
			<gpxtpx:course>292.7</gpxtpx:course>
		</gpxtpx:TrackPointExtension>
	</extensions>
</trkpt>
<trkpt lat="47.829489" lon="20.040623">
	<ele>304.23</ele>
	<time>2017-10-14T08:44:19.489Z</time>
	<pdop>3.00</pdop>
	<extensions>
		<gpxtpx:TrackPointExtension>
			<gpxtpx:course>292.7</gpxtpx:course>
		</gpxtpx:TrackPointExtension>
	</extensions>
</trkpt>
<trkpt lat="47.829485" lon="20.040575">
	<ele>303.71</ele>
	<time>2017-10-14T08:44:29.000Z</time>
	<pdop>3.00</pdop>
	<extensions>
		<gpxtpx:TrackPointExtension>
			<gpxtpx:course>260.9</gpxtpx:course>
		</gpxtpx:TrackPointExtension>
	</extensions>
</trkpt>
<trkpt lat="47.829486" lon="20.040557">
	<ele>304.42</ele>
	<time>2017-10-14T08:44:39.000Z</time>
	<pdop>3.00</pdop>
	<extensions>
		<gpxtpx:TrackPointExtension>
			<gpxtpx:course>260.9</gpxtpx:course>
		</gpxtpx:TrackPointExtension>
	</extensions>
</trkpt>
<trkpt lat="47.829494" lon="20.040429">
	<ele>304.42</ele>
	<time>2017-10-14T08:44:49.000Z</time>
	<pdop>3.00</pdop>
	<extensions>
		<gpxtpx:TrackPointExtension>
			<gpxtpx:course>286.0</gpxtpx:course>
		</gpxtpx:TrackPointExtension>
	</extensions>
</trkpt>
<trkpt lat="47.829489" lon="20.040381">
	<ele>304.48</ele>
	<time>2017-10-14T08:45:00.543Z</time>
	<pdop>3.00</pdop>
	<extensions>
		<gpxtpx:TrackPointExtension>
			<gpxtpx:course>269.7</gpxtpx:course>
		</gpxtpx:TrackPointExtension>
	</extensions>
</trkpt>
<trkpt lat="47.829463" lon="20.040271">
	<ele>304.62</ele>
	<time>2017-10-14T08:45:10.000Z</time>
	<pdop>3.00</pdop>
	<extensions>
		<gpxtpx:TrackPointExtension>
			<gpxtpx:course>239.7</gpxtpx:course>
		</gpxtpx:TrackPointExtension>
	</extensions>
</trkpt>
<trkpt lat="47.829476" lon="20.040212">
	<ele>304.41</ele>
	<time>2017-10-14T08:45:20.000Z</time>
	<pdop>4.00</pdop>
	<extensions>
		<gpxtpx:TrackPointExtension>
			<gpxtpx:course>252.1</gpxtpx:course>
		</gpxtpx:TrackPointExtension>
	</extensions>
</trkpt>
<trkpt lat="47.829472" lon="20.040170">
	<ele>305.34</ele>
	<time>2017-10-14T08:45:30.000Z</time>
	<pdop>3.00</pdop>
	<extensions>
		<gpxtpx:TrackPointExtension>
			<gpxtpx:course>252.1</gpxtpx:course>
		</gpxtpx:TrackPointExtension>
	</extensions>
</trkpt>
<trkpt lat="47.829481" lon="20.040116">
	<ele>306.69</ele>
	<time>2017-10-14T08:45:41.329Z</time>
	<pdop>4.00</pdop>
	<extensions>
		<gpxtpx:TrackPointExtension>
			<gpxtpx:course>252.1</gpxtpx:course>
		</gpxtpx:TrackPointExtension>
	</extensions>
</trkpt>
<trkpt lat="47.829482" lon="20.039957">
	<ele>307.42</ele>
	<time>2017-10-14T08:45:51.000Z</time>
	<pdop>4.00</pdop>
	<extensions>
		<gpxtpx:TrackPointExtension>
			<gpxtpx:course>270.3</gpxtpx:course>
		</gpxtpx:TrackPointExtension>
	</extensions>
</trkpt>
<trkpt lat="47.829475" lon="20.039841">
	<ele>307.41</ele>
	<time>2017-10-14T08:46:00.550Z</time>
	<pdop>3.00</pdop>
	<extensions>
		<gpxtpx:TrackPointExtension>
			<gpxtpx:course>285.4</gpxtpx:course>
		</gpxtpx:TrackPointExtension>
	</extensions>
</trkpt>
<trkpt lat="47.829459" lon="20.039830">
	<ele>307.42</ele>
	<time>2017-10-14T08:46:10.000Z</time>
	<pdop>3.00</pdop>
	<extensions>
		<gpxtpx:TrackPointExtension>
			<gpxtpx:course>285.4</gpxtpx:course>
		</gpxtpx:TrackPointExtension>
	</extensions>
</trkpt>
<trkpt lat="47.829451" lon="20.039749">
	<ele>306.43</ele>
	<time>2017-10-14T08:46:20.000Z</time>
	<pdop>3.00</pdop>
	<extensions>
		<gpxtpx:TrackPointExtension>
			<gpxtpx:course>273.4</gpxtpx:course>
		</gpxtpx:TrackPointExtension>
	</extensions>
</trkpt>
<trkpt lat="47.829467" lon="20.039600">
	<ele>307.35</ele>
	<time>2017-10-14T08:46:30.000Z</time>
	<pdop>3.00</pdop>
	<extensions>
		<gpxtpx:TrackPointExtension>
			<gpxtpx:course>264.1</gpxtpx:course>
		</gpxtpx:TrackPointExtension>
	</extensions>
</trkpt>
<trkpt lat="47.829469" lon="20.039560">
	<ele>306.48</ele>
	<time>2017-10-14T08:46:39.351Z</time>
	<pdop>3.00</pdop>
	<extensions>
		<gpxtpx:TrackPointExtension>
			<gpxtpx:course>264.1</gpxtpx:course>
		</gpxtpx:TrackPointExtension>
	</extensions>
</trkpt>
<trkpt lat="47.829481" lon="20.039455">
	<ele>307.40</ele>
	<time>2017-10-14T08:46:49.000Z</time>
	<pdop>3.00</pdop>
	<extensions>
		<gpxtpx:TrackPointExtension>
			<gpxtpx:course>264.1</gpxtpx:course>
		</gpxtpx:TrackPointExtension>
	</extensions>
</trkpt>
<trkpt lat="47.829503" lon="20.039408">
	<ele>307.41</ele>
	<time>2017-10-14T08:46:59.427Z</time>
	<pdop>3.00</pdop>
	<extensions>
		<gpxtpx:TrackPointExtension>
			<gpxtpx:course>264.1</gpxtpx:course>
		</gpxtpx:TrackPointExtension>
	</extensions>
</trkpt>
<trkpt lat="47.829513" lon="20.039291">
	<ele>307.42</ele>
	<time>2017-10-14T08:47:09.000Z</time>
	<pdop>3.00</pdop>
	<extensions>
		<gpxtpx:TrackPointExtension>
			<gpxtpx:course>264.1</gpxtpx:course>
		</gpxtpx:TrackPointExtension>
	</extensions>
</trkpt>
<trkpt lat="47.829532" lon="20.039141">
	<ele>307.48</ele>
	<time>2017-10-14T08:47:19.000Z</time>
	<pdop>3.00</pdop>
	<extensions>
		<gpxtpx:TrackPointExtension>
			<gpxtpx:course>264.3</gpxtpx:course>
		</gpxtpx:TrackPointExtension>
	</extensions>
</trkpt>
<trkpt lat="47.829540" lon="20.039134">
	<ele>309.41</ele>
	<time>2017-10-14T08:47:42.000Z</time>
	<pdop>3.00</pdop>
	<extensions>
		<gpxtpx:TrackPointExtension>
			<gpxtpx:course>264.3</gpxtpx:course>
		</gpxtpx:TrackPointExtension>
	</extensions>
</trkpt>
<trkpt lat="47.829539" lon="20.039121">
	<ele>309.53</ele>
	<time>2017-10-14T08:47:56.000Z</time>
	<pdop>3.00</pdop>
	<extensions>
		<gpxtpx:TrackPointExtension>
			<gpxtpx:course>264.3</gpxtpx:course>
		</gpxtpx:TrackPointExtension>
	</extensions>
</trkpt>
<trkpt lat="47.829587" lon="20.039032">
	<ele>310.69</ele>
	<time>2017-10-14T08:48:06.000Z</time>
	<pdop>3.00</pdop>
	<extensions>
		<gpxtpx:TrackPointExtension>
			<gpxtpx:course>264.3</gpxtpx:course>
		</gpxtpx:TrackPointExtension>
	</extensions>
</trkpt>
<trkpt lat="47.829666" lon="20.038989">
	<ele>310.41</ele>
	<time>2017-10-14T08:48:16.000Z</time>
	<pdop>3.00</pdop>
	<extensions>
		<gpxtpx:TrackPointExtension>
			<gpxtpx:course>348.9</gpxtpx:course>
		</gpxtpx:TrackPointExtension>
	</extensions>
</trkpt>
<trkpt lat="47.829736" lon="20.038946">
	<ele>310.41</ele>
	<time>2017-10-14T08:48:25.079Z</time>
	<pdop>3.00</pdop>
	<extensions>
		<gpxtpx:TrackPointExtension>
			<gpxtpx:course>342.3</gpxtpx:course>
		</gpxtpx:TrackPointExtension>
	</extensions>
</trkpt>
<trkpt lat="47.829838" lon="20.038902">
	<ele>311.37</ele>
	<time>2017-10-14T08:48:35.000Z</time>
	<pdop>3.00</pdop>
	<extensions>
		<gpxtpx:TrackPointExtension>
			<gpxtpx:course>337.4</gpxtpx:course>
		</gpxtpx:TrackPointExtension>
	</extensions>
</trkpt>
<trkpt lat="47.829931" lon="20.038826">
	<ele>311.41</ele>
	<time>2017-10-14T08:48:45.000Z</time>
	<pdop>3.00</pdop>
	<extensions>
		<gpxtpx:TrackPointExtension>
			<gpxtpx:course>325.5</gpxtpx:course>
		</gpxtpx:TrackPointExtension>
	</extensions>
</trkpt>
<trkpt lat="47.830001" lon="20.038752">
	<ele>313.16</ele>
	<time>2017-10-14T08:48:55.623Z</time>
	<pdop>4.00</pdop>
	<extensions>
		<gpxtpx:TrackPointExtension>
			<gpxtpx:course>323.9</gpxtpx:course>
		</gpxtpx:TrackPointExtension>
	</extensions>
</trkpt>
<trkpt lat="47.830048" lon="20.038659">
	<ele>313.41</ele>
	<time>2017-10-14T08:49:05.000Z</time>
	<pdop>3.00</pdop>
	<extensions>
		<gpxtpx:TrackPointExtension>
			<gpxtpx:course>310.7</gpxtpx:course>
		</gpxtpx:TrackPointExtension>
	</extensions>
</trkpt>
<trkpt lat="47.830100" lon="20.038569">
	<ele>313.07</ele>
	<time>2017-10-14T08:49:14.641Z</time>
	<pdop>3.00</pdop>
	<extensions>
		<gpxtpx:TrackPointExtension>
			<gpxtpx:course>315.0</gpxtpx:course>
		</gpxtpx:TrackPointExtension>
	</extensions>
</trkpt>
<trkpt lat="47.830155" lon="20.038473">
	<ele>312.73</ele>
	<time>2017-10-14T08:49:24.000Z</time>
	<pdop>3.00</pdop>
	<extensions>
		<gpxtpx:TrackPointExtension>
			<gpxtpx:course>312.8</gpxtpx:course>
		</gpxtpx:TrackPointExtension>
	</extensions>
</trkpt>
<trkpt lat="47.830210" lon="20.038384">
	<ele>312.66</ele>
	<time>2017-10-14T08:49:34.000Z</time>
	<pdop>4.00</pdop>
	<extensions>
		<gpxtpx:TrackPointExtension>
			<gpxtpx:course>303.2</gpxtpx:course>
		</gpxtpx:TrackPointExtension>
	</extensions>
</trkpt>
<trkpt lat="47.830201" lon="20.038388">
	<ele>313.21</ele>
	<time>2017-10-14T08:49:44.612Z</time>
	<pdop>3.00</pdop>
	<extensions>
		<gpxtpx:TrackPointExtension>
			<gpxtpx:course>303.2</gpxtpx:course>
		</gpxtpx:TrackPointExtension>
	</extensions>
</trkpt>
<trkpt lat="47.830204" lon="20.038374">
	<ele>312.66</ele>
	<time>2017-10-14T08:49:58.000Z</time>
	<pdop>4.00</pdop>
	<extensions>
		<gpxtpx:TrackPointExtension>
			<gpxtpx:course>303.2</gpxtpx:course>
		</gpxtpx:TrackPointExtension>
	</extensions>
</trkpt>
<trkpt lat="47.830264" lon="20.038250">
	<ele>312.46</ele>
	<time>2017-10-14T08:50:09.000Z</time>
	<pdop>4.00</pdop>
	<extensions>
		<gpxtpx:TrackPointExtension>
			<gpxtpx:course>308.5</gpxtpx:course>
		</gpxtpx:TrackPointExtension>
	</extensions>
</trkpt>
<trkpt lat="47.830359" lon="20.038150">
	<ele>312.54</ele>
	<time>2017-10-14T08:50:19.000Z</time>
	<pdop>4.00</pdop>
	<extensions>
		<gpxtpx:TrackPointExtension>
			<gpxtpx:course>333.5</gpxtpx:course>
		</gpxtpx:TrackPointExtension>
	</extensions>
</trkpt>
<trkpt lat="47.830396" lon="20.038153">
	<ele>313.16</ele>
	<time>2017-10-14T08:50:29.000Z</time>
	<pdop>3.00</pdop>
	<extensions>
		<gpxtpx:TrackPointExtension>
			<gpxtpx:course>337.2</gpxtpx:course>
		</gpxtpx:TrackPointExtension>
	</extensions>
</trkpt>
<trkpt lat="47.830474" lon="20.038125">
	<ele>312.48</ele>
	<time>2017-10-14T08:50:39.000Z</time>
	<pdop>4.00</pdop>
	<extensions>
		<gpxtpx:TrackPointExtension>
			<gpxtpx:course>341.7</gpxtpx:course>
		</gpxtpx:TrackPointExtension>
	</extensions>
</trkpt>
<trkpt lat="47.830560" lon="20.038075">
	<ele>313.16</ele>
	<time>2017-10-14T08:50:49.520Z</time>
	<pdop>4.00</pdop>
	<extensions>
		<gpxtpx:TrackPointExtension>
			<gpxtpx:course>337.5</gpxtpx:course>
		</gpxtpx:TrackPointExtension>
	</extensions>
</trkpt>
<trkpt lat="47.830673" lon="20.038015">
	<ele>314.40</ele>
	<time>2017-10-14T08:50:59.000Z</time>
	<pdop>3.00</pdop>
	<extensions>
		<gpxtpx:TrackPointExtension>
			<gpxtpx:course>338.9</gpxtpx:course>
		</gpxtpx:TrackPointExtension>
	</extensions>
</trkpt>
<trkpt lat="47.830761" lon="20.037986">
	<ele>314.41</ele>
	<time>2017-10-14T08:51:09.000Z</time>
	<pdop>3.00</pdop>
	<extensions>
		<gpxtpx:TrackPointExtension>
			<gpxtpx:course>346.8</gpxtpx:course>
		</gpxtpx:TrackPointExtension>
	</extensions>
</trkpt>
<trkpt lat="47.830825" lon="20.037970">
	<ele>315.40</ele>
	<time>2017-10-14T08:51:19.000Z</time>
	<pdop>3.00</pdop>
	<extensions>
		<gpxtpx:TrackPointExtension>
			<gpxtpx:course>326.8</gpxtpx:course>
		</gpxtpx:TrackPointExtension>
	</extensions>
</trkpt>
<trkpt lat="47.830839" lon="20.037990">
	<ele>315.41</ele>
	<time>2017-10-14T08:51:29.000Z</time>
	<pdop>3.00</pdop>
	<extensions>
		<gpxtpx:TrackPointExtension>
			<gpxtpx:course>326.8</gpxtpx:course>
		</gpxtpx:TrackPointExtension>
	</extensions>
</trkpt>
<trkpt lat="47.830859" lon="20.037991">
	<ele>315.85</ele>
	<time>2017-10-14T08:51:39.000Z</time>
	<pdop>3.00</pdop>
	<extensions>
		<gpxtpx:TrackPointExtension>
			<gpxtpx:course>326.8</gpxtpx:course>
		</gpxtpx:TrackPointExtension>
	</extensions>
</trkpt>
<trkpt lat="47.830871" lon="20.037963">
	<ele>316.05</ele>
	<time>2017-10-14T08:51:49.000Z</time>
	<pdop>3.00</pdop>
	<extensions>
		<gpxtpx:TrackPointExtension>
			<gpxtpx:course>326.8</gpxtpx:course>
		</gpxtpx:TrackPointExtension>
	</extensions>
</trkpt>
<trkpt lat="47.830928" lon="20.037998">
	<ele>315.41</ele>
	<time>2017-10-14T08:51:59.000Z</time>
	<pdop>3.00</pdop>
	<extensions>
		<gpxtpx:TrackPointExtension>
			<gpxtpx:course>326.8</gpxtpx:course>
		</gpxtpx:TrackPointExtension>
	</extensions>
</trkpt>
<trkpt lat="47.830930" lon="20.037984">
	<ele>315.66</ele>
	<time>2017-10-14T08:52:11.366Z</time>
	<pdop>3.00</pdop>
	<extensions>
		<gpxtpx:TrackPointExtension>
			<gpxtpx:course>326.8</gpxtpx:course>
		</gpxtpx:TrackPointExtension>
	</extensions>
</trkpt>
<trkpt lat="47.831024" lon="20.037993">
	<ele>316.61</ele>
	<time>2017-10-14T08:52:21.000Z</time>
	<pdop>3.00</pdop>
	<extensions>
		<gpxtpx:TrackPointExtension>
			<gpxtpx:course>0.2</gpxtpx:course>
		</gpxtpx:TrackPointExtension>
	</extensions>
</trkpt>
<trkpt lat="47.831126" lon="20.038016">
	<ele>317.41</ele>
	<time>2017-10-14T08:52:32.175Z</time>
	<pdop>3.00</pdop>
	<extensions>
		<gpxtpx:TrackPointExtension>
			<gpxtpx:course>1.8</gpxtpx:course>
		</gpxtpx:TrackPointExtension>
	</extensions>
</trkpt>
<trkpt lat="47.831206" lon="20.038039">
	<ele>318.45</ele>
	<time>2017-10-14T08:52:42.000Z</time>
	<pdop>4.00</pdop>
	<extensions>
		<gpxtpx:TrackPointExtension>
			<gpxtpx:course>9.3</gpxtpx:course>
		</gpxtpx:TrackPointExtension>
	</extensions>
</trkpt>
<trkpt lat="47.831236" lon="20.038023">
	<ele>319.34</ele>
	<time>2017-10-14T08:52:51.920Z</time>
	<pdop>3.00</pdop>
	<extensions>
		<gpxtpx:TrackPointExtension>
			<gpxtpx:course>9.3</gpxtpx:course>
		</gpxtpx:TrackPointExtension>
	</extensions>
</trkpt>
<trkpt lat="47.831326" lon="20.038024">
	<ele>320.36</ele>
	<time>2017-10-14T08:53:01.000Z</time>
	<pdop>3.00</pdop>
	<extensions>
		<gpxtpx:TrackPointExtension>
			<gpxtpx:course>357.9</gpxtpx:course>
		</gpxtpx:TrackPointExtension>
	</extensions>
</trkpt>
<trkpt lat="47.831423" lon="20.038033">
	<ele>321.39</ele>
	<time>2017-10-14T08:53:11.531Z</time>
	<pdop>3.00</pdop>
	<extensions>
		<gpxtpx:TrackPointExtension>
			<gpxtpx:course>0.7</gpxtpx:course>
		</gpxtpx:TrackPointExtension>
	</extensions>
</trkpt>
<trkpt lat="47.831522" lon="20.038028">
	<ele>321.41</ele>
	<time>2017-10-14T08:53:21.000Z</time>
	<pdop>3.00</pdop>
	<extensions>
		<gpxtpx:TrackPointExtension>
			<gpxtpx:course>356.9</gpxtpx:course>
		</gpxtpx:TrackPointExtension>
	</extensions>
</trkpt>
<trkpt lat="47.831602" lon="20.038030">
	<ele>323.40</ele>
	<time>2017-10-14T08:53:32.122Z</time>
	<pdop>3.00</pdop>
	<extensions>
		<gpxtpx:TrackPointExtension>
			<gpxtpx:course>355.0</gpxtpx:course>
		</gpxtpx:TrackPointExtension>
	</extensions>
</trkpt>
<trkpt lat="47.831611" lon="20.038027">
	<ele>322.43</ele>
	<time>2017-10-14T08:53:42.000Z</time>
	<pdop>3.00</pdop>
	<extensions>
		<gpxtpx:TrackPointExtension>
			<gpxtpx:course>355.0</gpxtpx:course>
		</gpxtpx:TrackPointExtension>
	</extensions>
</trkpt>
<trkpt lat="47.831674" lon="20.038064">
	<ele>323.41</ele>
	<time>2017-10-14T08:53:51.976Z</time>
	<pdop>4.00</pdop>
	<extensions>
		<gpxtpx:TrackPointExtension>
			<gpxtpx:course>41.3</gpxtpx:course>
		</gpxtpx:TrackPointExtension>
	</extensions>
</trkpt>
<trkpt lat="47.831782" lon="20.038162">
	<ele>325.44</ele>
	<time>2017-10-14T08:54:01.000Z</time>
	<pdop>3.00</pdop>
	<extensions>
		<gpxtpx:TrackPointExtension>
			<gpxtpx:course>30.4</gpxtpx:course>
		</gpxtpx:TrackPointExtension>
	</extensions>
</trkpt>
<trkpt lat="47.831823" lon="20.038199">
	<ele>326.73</ele>
	<time>2017-10-14T08:54:12.131Z</time>
	<pdop>3.00</pdop>
	<extensions>
		<gpxtpx:TrackPointExtension>
			<gpxtpx:course>30.4</gpxtpx:course>
		</gpxtpx:TrackPointExtension>
	</extensions>
</trkpt>
<trkpt lat="47.831891" lon="20.038269">
	<ele>328.34</ele>
	<time>2017-10-14T08:54:22.000Z</time>
	<pdop>3.00</pdop>
	<extensions>
		<gpxtpx:TrackPointExtension>
			<gpxtpx:course>34.0</gpxtpx:course>
		</gpxtpx:TrackPointExtension>
	</extensions>
</trkpt>
<trkpt lat="47.831922" lon="20.038292">
	<ele>329.41</ele>
	<time>2017-10-14T08:54:31.616Z</time>
	<pdop>3.00</pdop>
	<extensions>
		<gpxtpx:TrackPointExtension>
			<gpxtpx:course>15.9</gpxtpx:course>
		</gpxtpx:TrackPointExtension>
	</extensions>
</trkpt>
<trkpt lat="47.832006" lon="20.038299">
	<ele>330.60</ele>
	<time>2017-10-14T08:54:41.000Z</time>
	<pdop>3.00</pdop>
	<extensions>
		<gpxtpx:TrackPointExtension>
			<gpxtpx:course>355.1</gpxtpx:course>
		</gpxtpx:TrackPointExtension>
	</extensions>
</trkpt>
<trkpt lat="47.832066" lon="20.038300">
	<ele>332.41</ele>
	<time>2017-10-14T08:54:51.000Z</time>
	<pdop>4.00</pdop>
	<extensions>
		<gpxtpx:TrackPointExtension>
			<gpxtpx:course>347.0</gpxtpx:course>
		</gpxtpx:TrackPointExtension>
	</extensions>
</trkpt>
<trkpt lat="47.832121" lon="20.038268">
	<ele>331.81</ele>
	<time>2017-10-14T08:55:01.000Z</time>
	<pdop>3.00</pdop>
	<extensions>
		<gpxtpx:TrackPointExtension>
			<gpxtpx:course>345.5</gpxtpx:course>
		</gpxtpx:TrackPointExtension>
	</extensions>
</trkpt>
<trkpt lat="47.832137" lon="20.038253">
	<ele>333.30</ele>
	<time>2017-10-14T08:55:12.037Z</time>
	<pdop>4.00</pdop>
	<extensions>
		<gpxtpx:TrackPointExtension>
			<gpxtpx:course>345.5</gpxtpx:course>
		</gpxtpx:TrackPointExtension>
	</extensions>
</trkpt>
<trkpt lat="47.832203" lon="20.038300">
	<ele>335.16</ele>
	<time>2017-10-14T08:55:21.455Z</time>
	<pdop>3.00</pdop>
	<extensions>
		<gpxtpx:TrackPointExtension>
			<gpxtpx:course>22.3</gpxtpx:course>
		</gpxtpx:TrackPointExtension>
	</extensions>
</trkpt>
<trkpt lat="47.832261" lon="20.038355">
	<ele>336.41</ele>
	<time>2017-10-14T08:55:31.935Z</time>
	<pdop>3.00</pdop>
	<extensions>
		<gpxtpx:TrackPointExtension>
			<gpxtpx:course>41.1</gpxtpx:course>
		</gpxtpx:TrackPointExtension>
	</extensions>
</trkpt>
<trkpt lat="47.832325" lon="20.038436">
	<ele>337.41</ele>
	<time>2017-10-14T08:55:41.000Z</time>
	<pdop>3.00</pdop>
	<extensions>
		<gpxtpx:TrackPointExtension>
			<gpxtpx:course>37.4</gpxtpx:course>
		</gpxtpx:TrackPointExtension>
	</extensions>
</trkpt>
<trkpt lat="47.832365" lon="20.038431">
	<ele>338.16</ele>
	<time>2017-10-14T08:55:51.000Z</time>
	<pdop>4.00</pdop>
	<extensions>
		<gpxtpx:TrackPointExtension>
			<gpxtpx:course>37.4</gpxtpx:course>
		</gpxtpx:TrackPointExtension>
	</extensions>
</trkpt>
<trkpt lat="47.832396" lon="20.038468">
	<ele>337.41</ele>
	<time>2017-10-14T08:56:01.000Z</time>
	<pdop>3.00</pdop>
	<extensions>
		<gpxtpx:TrackPointExtension>
			<gpxtpx:course>37.4</gpxtpx:course>
		</gpxtpx:TrackPointExtension>
	</extensions>
</trkpt>
<trkpt lat="47.832444" lon="20.038494">
	<ele>338.41</ele>
	<time>2017-10-14T08:56:10.517Z</time>
	<pdop>3.00</pdop>
	<extensions>
		<gpxtpx:TrackPointExtension>
			<gpxtpx:course>37.4</gpxtpx:course>
		</gpxtpx:TrackPointExtension>
	</extensions>
</trkpt>
<trkpt lat="47.832467" lon="20.038490">
	<ele>338.44</ele>
	<time>2017-10-14T08:56:20.000Z</time>
	<pdop>3.00</pdop>
	<extensions>
		<gpxtpx:TrackPointExtension>
			<gpxtpx:course>37.4</gpxtpx:course>
		</gpxtpx:TrackPointExtension>
	</extensions>
</trkpt>
<trkpt lat="47.832514" lon="20.038485">
	<ele>339.37</ele>
	<time>2017-10-14T08:56:31.613Z</time>
	<pdop>3.00</pdop>
	<extensions>
		<gpxtpx:TrackPointExtension>
			<gpxtpx:course>37.4</gpxtpx:course>
		</gpxtpx:TrackPointExtension>
	</extensions>
</trkpt>
<trkpt lat="47.832582" lon="20.038489">
	<ele>341.35</ele>
	<time>2017-10-14T08:56:41.000Z</time>
	<pdop>3.00</pdop>
	<extensions>
		<gpxtpx:TrackPointExtension>
			<gpxtpx:course>37.4</gpxtpx:course>
		</gpxtpx:TrackPointExtension>
	</extensions>
</trkpt>
<trkpt lat="47.832615" lon="20.038493">
	<ele>342.41</ele>
	<time>2017-10-14T08:56:51.000Z</time>
	<pdop>3.00</pdop>
	<extensions>
		<gpxtpx:TrackPointExtension>
			<gpxtpx:course>37.4</gpxtpx:course>
		</gpxtpx:TrackPointExtension>
	</extensions>
</trkpt>
<trkpt lat="47.832666" lon="20.038492">
	<ele>343.35</ele>
	<time>2017-10-14T08:57:01.000Z</time>
	<pdop>4.00</pdop>
	<extensions>
		<gpxtpx:TrackPointExtension>
			<gpxtpx:course>37.4</gpxtpx:course>
		</gpxtpx:TrackPointExtension>
	</extensions>
</trkpt>
<trkpt lat="47.832712" lon="20.038496">
	<ele>343.40</ele>
	<time>2017-10-14T08:57:10.567Z</time>
	<pdop>3.00</pdop>
	<extensions>
		<gpxtpx:TrackPointExtension>
			<gpxtpx:course>37.4</gpxtpx:course>
		</gpxtpx:TrackPointExtension>
	</extensions>
</trkpt>
<trkpt lat="47.832747" lon="20.038526">
	<ele>343.60</ele>
	<time>2017-10-14T08:57:20.000Z</time>
	<pdop>3.00</pdop>
	<extensions>
		<gpxtpx:TrackPointExtension>
			<gpxtpx:course>37.4</gpxtpx:course>
		</gpxtpx:TrackPointExtension>
	</extensions>
</trkpt>
<trkpt lat="47.832789" lon="20.038556">
	<ele>344.41</ele>
	<time>2017-10-14T08:57:30.000Z</time>
	<pdop>3.00</pdop>
	<extensions>
		<gpxtpx:TrackPointExtension>
			<gpxtpx:course>37.4</gpxtpx:course>
		</gpxtpx:TrackPointExtension>
	</extensions>
</trkpt>
<trkpt lat="47.832859" lon="20.038542">
	<ele>345.35</ele>
	<time>2017-10-14T08:57:40.000Z</time>
	<pdop>3.00</pdop>
	<extensions>
		<gpxtpx:TrackPointExtension>
			<gpxtpx:course>37.4</gpxtpx:course>
		</gpxtpx:TrackPointExtension>
	</extensions>
</trkpt>
<trkpt lat="47.832868" lon="20.038555">
	<ele>346.16</ele>
	<time>2017-10-14T08:57:52.000Z</time>
	<pdop>5.00</pdop>
	<extensions>
		<gpxtpx:TrackPointExtension>
			<gpxtpx:course>37.4</gpxtpx:course>
		</gpxtpx:TrackPointExtension>
	</extensions>
</trkpt>
<trkpt lat="47.832884" lon="20.038644">
	<ele>348.35</ele>
	<time>2017-10-14T08:58:02.000Z</time>
	<pdop>4.00</pdop>
	<extensions>
		<gpxtpx:TrackPointExtension>
			<gpxtpx:course>37.4</gpxtpx:course>
		</gpxtpx:TrackPointExtension>
	</extensions>
</trkpt>
<trkpt lat="47.832927" lon="20.038669">
	<ele>350.78</ele>
	<time>2017-10-14T08:58:12.000Z</time>
	<pdop>3.00</pdop>
	<extensions>
		<gpxtpx:TrackPointExtension>
			<gpxtpx:course>37.4</gpxtpx:course>
		</gpxtpx:TrackPointExtension>
	</extensions>
</trkpt>
<trkpt lat="47.832954" lon="20.038666">
	<ele>352.16</ele>
	<time>2017-10-14T08:58:22.000Z</time>
	<pdop>3.00</pdop>
	<extensions>
		<gpxtpx:TrackPointExtension>
			<gpxtpx:course>37.4</gpxtpx:course>
		</gpxtpx:TrackPointExtension>
	</extensions>
</trkpt>
<trkpt lat="47.832969" lon="20.038664">
	<ele>353.41</ele>
	<time>2017-10-14T08:58:32.000Z</time>
	<pdop>3.00</pdop>
	<extensions>
		<gpxtpx:TrackPointExtension>
			<gpxtpx:course>37.4</gpxtpx:course>
		</gpxtpx:TrackPointExtension>
	</extensions>
</trkpt>
<trkpt lat="47.832986" lon="20.038664">
	<ele>352.47</ele>
	<time>2017-10-14T08:58:42.572Z</time>
	<pdop>3.00</pdop>
	<extensions>
		<gpxtpx:TrackPointExtension>
			<gpxtpx:course>37.4</gpxtpx:course>
		</gpxtpx:TrackPointExtension>
	</extensions>
</trkpt>
<trkpt lat="47.833029" lon="20.038725">
	<ele>353.41</ele>
	<time>2017-10-14T08:58:52.000Z</time>
	<pdop>4.00</pdop>
	<extensions>
		<gpxtpx:TrackPointExtension>
			<gpxtpx:course>37.4</gpxtpx:course>
		</gpxtpx:TrackPointExtension>
	</extensions>
</trkpt>
<trkpt lat="47.833068" lon="20.038780">
	<ele>355.40</ele>
	<time>2017-10-14T08:59:02.000Z</time>
	<pdop>4.00</pdop>
	<extensions>
		<gpxtpx:TrackPointExtension>
			<gpxtpx:course>37.4</gpxtpx:course>
		</gpxtpx:TrackPointExtension>
	</extensions>
</trkpt>
<trkpt lat="47.833105" lon="20.038845">
	<ele>356.67</ele>
	<time>2017-10-14T08:59:12.000Z</time>
	<pdop>3.00</pdop>
	<extensions>
		<gpxtpx:TrackPointExtension>
			<gpxtpx:course>37.4</gpxtpx:course>
		</gpxtpx:TrackPointExtension>
	</extensions>
</trkpt>
<trkpt lat="47.833137" lon="20.038907">
	<ele>357.41</ele>
	<time>2017-10-14T08:59:22.000Z</time>
	<pdop>3.00</pdop>
	<extensions>
		<gpxtpx:TrackPointExtension>
			<gpxtpx:course>37.4</gpxtpx:course>
		</gpxtpx:TrackPointExtension>
	</extensions>
</trkpt>
<trkpt lat="47.833174" lon="20.038944">
	<ele>358.41</ele>
	<time>2017-10-14T08:59:32.000Z</time>
	<pdop>4.00</pdop>
	<extensions>
		<gpxtpx:TrackPointExtension>
			<gpxtpx:course>37.4</gpxtpx:course>
		</gpxtpx:TrackPointExtension>
	</extensions>
</trkpt>
<trkpt lat="47.833193" lon="20.038951">
	<ele>358.22</ele>
	<time>2017-10-14T08:59:42.000Z</time>
	<pdop>3.00</pdop>
	<extensions>
		<gpxtpx:TrackPointExtension>
			<gpxtpx:course>37.4</gpxtpx:course>
		</gpxtpx:TrackPointExtension>
	</extensions>
</trkpt>
<trkpt lat="47.833208" lon="20.038976">
	<ele>359.16</ele>
	<time>2017-10-14T08:59:52.000Z</time>
	<pdop>4.00</pdop>
	<extensions>
		<gpxtpx:TrackPointExtension>
			<gpxtpx:course>37.4</gpxtpx:course>
		</gpxtpx:TrackPointExtension>
	</extensions>
</trkpt>
<trkpt lat="47.833259" lon="20.039031">
	<ele>358.98</ele>
	<time>2017-10-14T09:00:02.000Z</time>
	<pdop>4.00</pdop>
	<extensions>
		<gpxtpx:TrackPointExtension>
			<gpxtpx:course>37.4</gpxtpx:course>
		</gpxtpx:TrackPointExtension>
	</extensions>
</trkpt>
<trkpt lat="47.833292" lon="20.039070">
	<ele>361.21</ele>
	<time>2017-10-14T09:00:12.000Z</time>
	<pdop>3.00</pdop>
	<extensions>
		<gpxtpx:TrackPointExtension>
			<gpxtpx:course>37.4</gpxtpx:course>
		</gpxtpx:TrackPointExtension>
	</extensions>
</trkpt>
<trkpt lat="47.833320" lon="20.039108">
	<ele>361.41</ele>
	<time>2017-10-14T09:00:23.144Z</time>
	<pdop>3.00</pdop>
	<extensions>
		<gpxtpx:TrackPointExtension>
			<gpxtpx:course>37.4</gpxtpx:course>
		</gpxtpx:TrackPointExtension>
	</extensions>
</trkpt>
<trkpt lat="47.833388" lon="20.039165">
	<ele>363.75</ele>
	<time>2017-10-14T09:00:33.000Z</time>
	<pdop>3.00</pdop>
	<extensions>
		<gpxtpx:TrackPointExtension>
			<gpxtpx:course>37.4</gpxtpx:course>
		</gpxtpx:TrackPointExtension>
	</extensions>
</trkpt>
<trkpt lat="47.833430" lon="20.039229">
	<ele>365.64</ele>
	<time>2017-10-14T09:00:43.000Z</time>
	<pdop>3.00</pdop>
	<extensions>
		<gpxtpx:TrackPointExtension>
			<gpxtpx:course>37.4</gpxtpx:course>
		</gpxtpx:TrackPointExtension>
	</extensions>
</trkpt>
<trkpt lat="47.833458" lon="20.039325">
	<ele>367.57</ele>
	<time>2017-10-14T09:00:53.000Z</time>
	<pdop>4.00</pdop>
	<extensions>
		<gpxtpx:TrackPointExtension>
			<gpxtpx:course>77.7</gpxtpx:course>
		</gpxtpx:TrackPointExtension>
	</extensions>
</trkpt>
<trkpt lat="47.833514" lon="20.039419">
	<ele>367.65</ele>
	<time>2017-10-14T09:01:03.000Z</time>
	<pdop>3.00</pdop>
	<extensions>
		<gpxtpx:TrackPointExtension>
			<gpxtpx:course>29.2</gpxtpx:course>
		</gpxtpx:TrackPointExtension>
	</extensions>
</trkpt>
<trkpt lat="47.833601" lon="20.039461">
	<ele>368.16</ele>
	<time>2017-10-14T09:01:13.000Z</time>
	<pdop>4.00</pdop>
	<extensions>
		<gpxtpx:TrackPointExtension>
			<gpxtpx:course>23.7</gpxtpx:course>
		</gpxtpx:TrackPointExtension>
	</extensions>
</trkpt>
<trkpt lat="47.833639" lon="20.039462">
	<ele>369.35</ele>
	<time>2017-10-14T09:01:23.000Z</time>
	<pdop>4.00</pdop>
	<extensions>
		<gpxtpx:TrackPointExtension>
			<gpxtpx:course>23.7</gpxtpx:course>
		</gpxtpx:TrackPointExtension>
	</extensions>
</trkpt>
<trkpt lat="47.833690" lon="20.039496">
	<ele>368.68</ele>
	<time>2017-10-14T09:01:32.596Z</time>
	<pdop>4.00</pdop>
	<extensions>
		<gpxtpx:TrackPointExtension>
			<gpxtpx:course>23.7</gpxtpx:course>
		</gpxtpx:TrackPointExtension>
	</extensions>
</trkpt>
<trkpt lat="47.833759" lon="20.039565">
	<ele>368.42</ele>
	<time>2017-10-14T09:01:42.000Z</time>
	<pdop>3.00</pdop>
	<extensions>
		<gpxtpx:TrackPointExtension>
			<gpxtpx:course>23.7</gpxtpx:course>
		</gpxtpx:TrackPointExtension>
	</extensions>
</trkpt>
<trkpt lat="47.833783" lon="20.039610">
	<ele>368.66</ele>
	<time>2017-10-14T09:01:52.000Z</time>
	<pdop>3.00</pdop>
	<extensions>
		<gpxtpx:TrackPointExtension>
			<gpxtpx:course>23.7</gpxtpx:course>
		</gpxtpx:TrackPointExtension>
	</extensions>
</trkpt>
<trkpt lat="47.833832" lon="20.039680">
	<ele>367.83</ele>
	<time>2017-10-14T09:02:02.000Z</time>
	<pdop>3.00</pdop>
	<extensions>
		<gpxtpx:TrackPointExtension>
			<gpxtpx:course>23.7</gpxtpx:course>
		</gpxtpx:TrackPointExtension>
	</extensions>
</trkpt>
<trkpt lat="47.833886" lon="20.039747">
	<ele>368.35</ele>
	<time>2017-10-14T09:02:11.456Z</time>
	<pdop>3.00</pdop>
	<extensions>
		<gpxtpx:TrackPointExtension>
			<gpxtpx:course>23.7</gpxtpx:course>
		</gpxtpx:TrackPointExtension>
	</extensions>
</trkpt>
<trkpt lat="47.833973" lon="20.039778">
	<ele>368.44</ele>
	<time>2017-10-14T09:02:21.000Z</time>
	<pdop>3.00</pdop>
	<extensions>
		<gpxtpx:TrackPointExtension>
			<gpxtpx:course>25.4</gpxtpx:course>
		</gpxtpx:TrackPointExtension>
	</extensions>
</trkpt>
<trkpt lat="47.834029" lon="20.039766">
	<ele>367.93</ele>
	<time>2017-10-14T09:02:31.000Z</time>
	<pdop>3.00</pdop>
	<extensions>
		<gpxtpx:TrackPointExtension>
			<gpxtpx:course>25.4</gpxtpx:course>
		</gpxtpx:TrackPointExtension>
	</extensions>
</trkpt>
<trkpt lat="47.834058" lon="20.039751">
	<ele>368.36</ele>
	<time>2017-10-14T09:02:41.000Z</time>
	<pdop>4.00</pdop>
	<extensions>
		<gpxtpx:TrackPointExtension>
			<gpxtpx:course>25.4</gpxtpx:course>
		</gpxtpx:TrackPointExtension>
	</extensions>
</trkpt>
<trkpt lat="47.834102" lon="20.039703">
	<ele>371.33</ele>
	<time>2017-10-14T09:02:51.000Z</time>
	<pdop>4.00</pdop>
	<extensions>
		<gpxtpx:TrackPointExtension>
			<gpxtpx:course>25.4</gpxtpx:course>
		</gpxtpx:TrackPointExtension>
	</extensions>
</trkpt>
<trkpt lat="47.834133" lon="20.039690">
	<ele>374.22</ele>
	<time>2017-10-14T09:03:04.483Z</time>
	<pdop>4.00</pdop>
	<extensions>
		<gpxtpx:TrackPointExtension>
			<gpxtpx:course>25.4</gpxtpx:course>
		</gpxtpx:TrackPointExtension>
	</extensions>
</trkpt>
<trkpt lat="47.834175" lon="20.039685">
	<ele>375.36</ele>
	<time>2017-10-14T09:03:14.000Z</time>
	<pdop>3.00</pdop>
	<extensions>
		<gpxtpx:TrackPointExtension>
			<gpxtpx:course>25.4</gpxtpx:course>
		</gpxtpx:TrackPointExtension>
	</extensions>
</trkpt>
<trkpt lat="47.834207" lon="20.039676">
	<ele>377.92</ele>
	<time>2017-10-14T09:03:23.523Z</time>
	<pdop>4.00</pdop>
	<extensions>
		<gpxtpx:TrackPointExtension>
			<gpxtpx:course>25.4</gpxtpx:course>
		</gpxtpx:TrackPointExtension>
	</extensions>
</trkpt>
<trkpt lat="47.834242" lon="20.039668">
	<ele>379.16</ele>
	<time>2017-10-14T09:03:33.000Z</time>
	<pdop>3.00</pdop>
	<extensions>
		<gpxtpx:TrackPointExtension>
			<gpxtpx:course>25.4</gpxtpx:course>
		</gpxtpx:TrackPointExtension>
	</extensions>
</trkpt>
<trkpt lat="47.834262" lon="20.039653">
	<ele>378.41</ele>
	<time>2017-10-14T09:03:42.098Z</time>
	<pdop>3.00</pdop>
	<extensions>
		<gpxtpx:TrackPointExtension>
			<gpxtpx:course>25.4</gpxtpx:course>
		</gpxtpx:TrackPointExtension>
	</extensions>
</trkpt>
<trkpt lat="47.834270" lon="20.039643">
	<ele>378.41</ele>
	<time>2017-10-14T09:03:52.000Z</time>
	<pdop>3.00</pdop>
	<extensions>
		<gpxtpx:TrackPointExtension>
			<gpxtpx:course>25.4</gpxtpx:course>
		</gpxtpx:TrackPointExtension>
	</extensions>
</trkpt>
<trkpt lat="47.834289" lon="20.039656">
	<ele>380.13</ele>
	<time>2017-10-14T09:04:02.000Z</time>
	<pdop>3.00</pdop>
	<extensions>
		<gpxtpx:TrackPointExtension>
			<gpxtpx:course>25.4</gpxtpx:course>
		</gpxtpx:TrackPointExtension>
	</extensions>
</trkpt>
<trkpt lat="47.834346" lon="20.039653">
	<ele>380.61</ele>
	<time>2017-10-14T09:04:12.000Z</time>
	<pdop>3.00</pdop>
	<extensions>
		<gpxtpx:TrackPointExtension>
			<gpxtpx:course>25.4</gpxtpx:course>
		</gpxtpx:TrackPointExtension>
	</extensions>
</trkpt>
<trkpt lat="47.834395" lon="20.039640">
	<ele>381.37</ele>
	<time>2017-10-14T09:04:22.000Z</time>
	<pdop>4.00</pdop>
	<extensions>
		<gpxtpx:TrackPointExtension>
			<gpxtpx:course>25.4</gpxtpx:course>
		</gpxtpx:TrackPointExtension>
	</extensions>
</trkpt>
<trkpt lat="47.834436" lon="20.039639">
	<ele>383.71</ele>
	<time>2017-10-14T09:04:32.572Z</time>
	<pdop>3.00</pdop>
	<extensions>
		<gpxtpx:TrackPointExtension>
			<gpxtpx:course>25.4</gpxtpx:course>
		</gpxtpx:TrackPointExtension>
	</extensions>
</trkpt>
<trkpt lat="47.834502" lon="20.039645">
	<ele>385.98</ele>
	<time>2017-10-14T09:04:42.000Z</time>
	<pdop>4.00</pdop>
	<extensions>
		<gpxtpx:TrackPointExtension>
			<gpxtpx:course>25.4</gpxtpx:course>
		</gpxtpx:TrackPointExtension>
	</extensions>
</trkpt>
<trkpt lat="47.834543" lon="20.039649">
	<ele>387.46</ele>
	<time>2017-10-14T09:04:51.371Z</time>
	<pdop>4.00</pdop>
	<extensions>
		<gpxtpx:TrackPointExtension>
			<gpxtpx:course>25.4</gpxtpx:course>
		</gpxtpx:TrackPointExtension>
	</extensions>
</trkpt>
<trkpt lat="47.834568" lon="20.039615">
	<ele>389.41</ele>
	<time>2017-10-14T09:05:01.000Z</time>
	<pdop>3.00</pdop>
	<extensions>
		<gpxtpx:TrackPointExtension>
			<gpxtpx:course>25.4</gpxtpx:course>
		</gpxtpx:TrackPointExtension>
	</extensions>
</trkpt>
<trkpt lat="47.834585" lon="20.039616">
	<ele>387.72</ele>
	<time>2017-10-14T09:05:13.582Z</time>
	<pdop>3.00</pdop>
	<extensions>
		<gpxtpx:TrackPointExtension>
			<gpxtpx:course>25.4</gpxtpx:course>
		</gpxtpx:TrackPointExtension>
	</extensions>
</trkpt>
<trkpt lat="47.834618" lon="20.039591">
	<ele>386.78</ele>
	<time>2017-10-14T09:05:23.000Z</time>
	<pdop>3.00</pdop>
	<extensions>
		<gpxtpx:TrackPointExtension>
			<gpxtpx:course>25.4</gpxtpx:course>
		</gpxtpx:TrackPointExtension>
	</extensions>
</trkpt>
<trkpt lat="47.834644" lon="20.039583">
	<ele>387.03</ele>
	<time>2017-10-14T09:05:33.371Z</time>
	<pdop>4.00</pdop>
	<extensions>
		<gpxtpx:TrackPointExtension>
			<gpxtpx:course>25.4</gpxtpx:course>
		</gpxtpx:TrackPointExtension>
	</extensions>
</trkpt>
<trkpt lat="47.834661" lon="20.039563">
	<ele>385.70</ele>
	<time>2017-10-14T09:05:43.000Z</time>
	<pdop>3.00</pdop>
	<extensions>
		<gpxtpx:TrackPointExtension>
			<gpxtpx:course>25.4</gpxtpx:course>
		</gpxtpx:TrackPointExtension>
	</extensions>
</trkpt>
<trkpt lat="47.834672" lon="20.039571">
	<ele>386.40</ele>
	<time>2017-10-14T09:05:56.000Z</time>
	<pdop>3.00</pdop>
	<extensions>
		<gpxtpx:TrackPointExtension>
			<gpxtpx:course>25.4</gpxtpx:course>
		</gpxtpx:TrackPointExtension>
	</extensions>
</trkpt>
<trkpt lat="47.834703" lon="20.039570">
	<ele>388.41</ele>
	<time>2017-10-14T09:06:06.000Z</time>
	<pdop>4.00</pdop>
	<extensions>
		<gpxtpx:TrackPointExtension>
			<gpxtpx:course>25.4</gpxtpx:course>
		</gpxtpx:TrackPointExtension>
	</extensions>
</trkpt>
<trkpt lat="47.834748" lon="20.039577">
	<ele>390.70</ele>
	<time>2017-10-14T09:06:17.731Z</time>
	<pdop>4.00</pdop>
	<extensions>
		<gpxtpx:TrackPointExtension>
			<gpxtpx:course>25.4</gpxtpx:course>
		</gpxtpx:TrackPointExtension>
	</extensions>
</trkpt>
<trkpt lat="47.834803" lon="20.039591">
	<ele>393.75</ele>
	<time>2017-10-14T09:06:27.000Z</time>
	<pdop>3.00</pdop>
	<extensions>
		<gpxtpx:TrackPointExtension>
			<gpxtpx:course>25.4</gpxtpx:course>
		</gpxtpx:TrackPointExtension>
	</extensions>
</trkpt>
<trkpt lat="47.834863" lon="20.039612">
	<ele>394.35</ele>
	<time>2017-10-14T09:06:38.000Z</time>
	<pdop>3.00</pdop>
	<extensions>
		<gpxtpx:TrackPointExtension>
			<gpxtpx:course>25.4</gpxtpx:course>
		</gpxtpx:TrackPointExtension>
	</extensions>
</trkpt>
<trkpt lat="47.834906" lon="20.039609">
	<ele>395.35</ele>
	<time>2017-10-14T09:06:48.000Z</time>
	<pdop>3.00</pdop>
	<extensions>
		<gpxtpx:TrackPointExtension>
			<gpxtpx:course>25.4</gpxtpx:course>
		</gpxtpx:TrackPointExtension>
	</extensions>
</trkpt>
<trkpt lat="47.834935" lon="20.039595">
	<ele>395.40</ele>
	<time>2017-10-14T09:06:58.664Z</time>
	<pdop>3.00</pdop>
	<extensions>
		<gpxtpx:TrackPointExtension>
			<gpxtpx:course>25.4</gpxtpx:course>
		</gpxtpx:TrackPointExtension>
	</extensions>
</trkpt>
<trkpt lat="47.834945" lon="20.039594">
	<ele>396.41</ele>
	<time>2017-10-14T09:07:08.000Z</time>
	<pdop>3.00</pdop>
	<extensions>
		<gpxtpx:TrackPointExtension>
			<gpxtpx:course>25.4</gpxtpx:course>
		</gpxtpx:TrackPointExtension>
	</extensions>
</trkpt>
<trkpt lat="47.834970" lon="20.039579">
	<ele>397.41</ele>
	<time>2017-10-14T09:07:18.845Z</time>
	<pdop>4.00</pdop>
	<extensions>
		<gpxtpx:TrackPointExtension>
			<gpxtpx:course>25.4</gpxtpx:course>
		</gpxtpx:TrackPointExtension>
	</extensions>
</trkpt>
<trkpt lat="47.834975" lon="20.039593">
	<ele>396.41</ele>
	<time>2017-10-14T09:07:38.000Z</time>
	<pdop>4.00</pdop>
	<extensions>
		<gpxtpx:TrackPointExtension>
			<gpxtpx:course>25.4</gpxtpx:course>
		</gpxtpx:TrackPointExtension>
	</extensions>
</trkpt>
<trkpt lat="47.834986" lon="20.039584">
	<ele>397.35</ele>
	<time>2017-10-14T09:07:49.000Z</time>
	<pdop>4.00</pdop>
	<extensions>
		<gpxtpx:TrackPointExtension>
			<gpxtpx:course>25.4</gpxtpx:course>
		</gpxtpx:TrackPointExtension>
	</extensions>
</trkpt>
<trkpt lat="47.835006" lon="20.039615">
	<ele>397.65</ele>
	<time>2017-10-14T09:07:59.000Z</time>
	<pdop>3.00</pdop>
	<extensions>
		<gpxtpx:TrackPointExtension>
			<gpxtpx:course>25.4</gpxtpx:course>
		</gpxtpx:TrackPointExtension>
	</extensions>
</trkpt>
<trkpt lat="47.835069" lon="20.039614">
	<ele>398.40</ele>
	<time>2017-10-14T09:08:09.000Z</time>
	<pdop>4.00</pdop>
	<extensions>
		<gpxtpx:TrackPointExtension>
			<gpxtpx:course>25.4</gpxtpx:course>
		</gpxtpx:TrackPointExtension>
	</extensions>
</trkpt>
<trkpt lat="47.835091" lon="20.039617">
	<ele>399.41</ele>
	<time>2017-10-14T09:08:19.710Z</time>
	<pdop>3.00</pdop>
	<extensions>
		<gpxtpx:TrackPointExtension>
			<gpxtpx:course>25.4</gpxtpx:course>
		</gpxtpx:TrackPointExtension>
	</extensions>
</trkpt>
<trkpt lat="47.835127" lon="20.039646">
	<ele>399.41</ele>
	<time>2017-10-14T09:08:29.000Z</time>
	<pdop>4.00</pdop>
	<extensions>
		<gpxtpx:TrackPointExtension>
			<gpxtpx:course>25.4</gpxtpx:course>
		</gpxtpx:TrackPointExtension>
	</extensions>
</trkpt>
<trkpt lat="47.835183" lon="20.039669">
	<ele>400.41</ele>
	<time>2017-10-14T09:08:38.571Z</time>
	<pdop>4.00</pdop>
	<extensions>
		<gpxtpx:TrackPointExtension>
			<gpxtpx:course>25.4</gpxtpx:course>
		</gpxtpx:TrackPointExtension>
	</extensions>
</trkpt>
<trkpt lat="47.835231" lon="20.039687">
	<ele>401.42</ele>
	<time>2017-10-14T09:08:48.000Z</time>
	<pdop>3.00</pdop>
	<extensions>
		<gpxtpx:TrackPointExtension>
			<gpxtpx:course>25.4</gpxtpx:course>
		</gpxtpx:TrackPointExtension>
	</extensions>
</trkpt>
<trkpt lat="47.835247" lon="20.039712">
	<ele>402.41</ele>
	<time>2017-10-14T09:08:58.000Z</time>
	<pdop>3.00</pdop>
	<extensions>
		<gpxtpx:TrackPointExtension>
			<gpxtpx:course>25.4</gpxtpx:course>
		</gpxtpx:TrackPointExtension>
	</extensions>
</trkpt>
<trkpt lat="47.835248" lon="20.039730">
	<ele>402.41</ele>
	<time>2017-10-14T09:09:08.000Z</time>
	<pdop>3.00</pdop>
	<extensions>
		<gpxtpx:TrackPointExtension>
			<gpxtpx:course>25.4</gpxtpx:course>
		</gpxtpx:TrackPointExtension>
	</extensions>
</trkpt>
<trkpt lat="47.835258" lon="20.039730">
	<ele>403.13</ele>
	<time>2017-10-14T09:09:17.536Z</time>
	<pdop>4.00</pdop>
	<extensions>
		<gpxtpx:TrackPointExtension>
			<gpxtpx:course>25.4</gpxtpx:course>
		</gpxtpx:TrackPointExtension>
	</extensions>
</trkpt>
<trkpt lat="47.835258" lon="20.039715">
	<ele>404.44</ele>
	<time>2017-10-14T09:09:29.000Z</time>
	<pdop>3.00</pdop>
	<extensions>
		<gpxtpx:TrackPointExtension>
			<gpxtpx:course>25.4</gpxtpx:course>
		</gpxtpx:TrackPointExtension>
	</extensions>
</trkpt>
<trkpt lat="47.835279" lon="20.039678">
	<ele>403.47</ele>
	<time>2017-10-14T09:09:40.611Z</time>
	<pdop>4.00</pdop>
	<extensions>
		<gpxtpx:TrackPointExtension>
			<gpxtpx:course>25.4</gpxtpx:course>
		</gpxtpx:TrackPointExtension>
	</extensions>
</trkpt>
<trkpt lat="47.835288" lon="20.039686">
	<ele>404.35</ele>
	<time>2017-10-14T09:10:06.000Z</time>
	<pdop>4.00</pdop>
	<extensions>
		<gpxtpx:TrackPointExtension>
			<gpxtpx:course>25.4</gpxtpx:course>
		</gpxtpx:TrackPointExtension>
	</extensions>
</trkpt>
<trkpt lat="47.835323" lon="20.039730">
	<ele>406.40</ele>
	<time>2017-10-14T09:10:15.184Z</time>
	<pdop>4.00</pdop>
	<extensions>
		<gpxtpx:TrackPointExtension>
			<gpxtpx:course>25.4</gpxtpx:course>
		</gpxtpx:TrackPointExtension>
	</extensions>
</trkpt>
<trkpt lat="47.835327" lon="20.039769">
	<ele>407.39</ele>
	<time>2017-10-14T09:10:25.000Z</time>
	<pdop>4.00</pdop>
	<extensions>
		<gpxtpx:TrackPointExtension>
			<gpxtpx:course>25.4</gpxtpx:course>
		</gpxtpx:TrackPointExtension>
	</extensions>
</trkpt>
<trkpt lat="47.835358" lon="20.039796">
	<ele>409.39</ele>
	<time>2017-10-14T09:10:35.062Z</time>
	<pdop>3.00</pdop>
	<extensions>
		<gpxtpx:TrackPointExtension>
			<gpxtpx:course>25.4</gpxtpx:course>
		</gpxtpx:TrackPointExtension>
	</extensions>
</trkpt>
<trkpt lat="47.835408" lon="20.039816">
	<ele>408.41</ele>
	<time>2017-10-14T09:10:45.000Z</time>
	<pdop>4.00</pdop>
	<extensions>
		<gpxtpx:TrackPointExtension>
			<gpxtpx:course>25.4</gpxtpx:course>
		</gpxtpx:TrackPointExtension>
	</extensions>
</trkpt>
<trkpt lat="47.835440" lon="20.039837">
	<ele>409.41</ele>
	<time>2017-10-14T09:10:55.601Z</time>
	<pdop>4.00</pdop>
	<extensions>
		<gpxtpx:TrackPointExtension>
			<gpxtpx:course>25.4</gpxtpx:course>
		</gpxtpx:TrackPointExtension>
	</extensions>
</trkpt>
<trkpt lat="47.835498" lon="20.039843">
	<ele>409.35</ele>
	<time>2017-10-14T09:11:05.000Z</time>
	<pdop>4.00</pdop>
	<extensions>
		<gpxtpx:TrackPointExtension>
			<gpxtpx:course>25.4</gpxtpx:course>
		</gpxtpx:TrackPointExtension>
	</extensions>
</trkpt>
<trkpt lat="47.835519" lon="20.039802">
	<ele>409.70</ele>
	<time>2017-10-14T09:11:14.577Z</time>
	<pdop>4.00</pdop>
	<extensions>
		<gpxtpx:TrackPointExtension>
			<gpxtpx:course>25.4</gpxtpx:course>
		</gpxtpx:TrackPointExtension>
	</extensions>
</trkpt>
<trkpt lat="47.835533" lon="20.039799">
	<ele>409.41</ele>
	<time>2017-10-14T09:11:24.000Z</time>
	<pdop>3.00</pdop>
	<extensions>
		<gpxtpx:TrackPointExtension>
			<gpxtpx:course>25.4</gpxtpx:course>
		</gpxtpx:TrackPointExtension>
	</extensions>
</trkpt>
<trkpt lat="47.835554" lon="20.039825">
	<ele>410.16</ele>
	<time>2017-10-14T09:11:34.000Z</time>
	<pdop>5.00</pdop>
	<extensions>
		<gpxtpx:TrackPointExtension>
			<gpxtpx:course>25.4</gpxtpx:course>
		</gpxtpx:TrackPointExtension>
	</extensions>
</trkpt>
<trkpt lat="47.835575" lon="20.039853">
	<ele>411.47</ele>
	<time>2017-10-14T09:11:44.000Z</time>
	<pdop>5.00</pdop>
	<extensions>
		<gpxtpx:TrackPointExtension>
			<gpxtpx:course>25.4</gpxtpx:course>
		</gpxtpx:TrackPointExtension>
	</extensions>
</trkpt>
<trkpt lat="47.835623" lon="20.039906">
	<ele>411.41</ele>
	<time>2017-10-14T09:11:54.000Z</time>
	<pdop>4.00</pdop>
	<extensions>
		<gpxtpx:TrackPointExtension>
			<gpxtpx:course>25.4</gpxtpx:course>
		</gpxtpx:TrackPointExtension>
	</extensions>
</trkpt>
<trkpt lat="47.835693" lon="20.039931">
	<ele>410.24</ele>
	<time>2017-10-14T09:12:04.000Z</time>
	<pdop>4.00</pdop>
	<extensions>
		<gpxtpx:TrackPointExtension>
			<gpxtpx:course>25.4</gpxtpx:course>
		</gpxtpx:TrackPointExtension>
	</extensions>
</trkpt>
<trkpt lat="47.835748" lon="20.039968">
	<ele>409.16</ele>
	<time>2017-10-14T09:12:14.000Z</time>
	<pdop>4.00</pdop>
	<extensions>
		<gpxtpx:TrackPointExtension>
			<gpxtpx:course>25.4</gpxtpx:course>
		</gpxtpx:TrackPointExtension>
	</extensions>
</trkpt>
<trkpt lat="47.835761" lon="20.039975">
	<ele>407.40</ele>
	<time>2017-10-14T09:12:26.224Z</time>
	<pdop>3.00</pdop>
	<extensions>
		<gpxtpx:TrackPointExtension>
			<gpxtpx:course>25.4</gpxtpx:course>
		</gpxtpx:TrackPointExtension>
	</extensions>
</trkpt>
<trkpt lat="47.835771" lon="20.039968">
	<ele>407.41</ele>
	<time>2017-10-14T09:12:36.000Z</time>
	<pdop>4.00</pdop>
	<extensions>
		<gpxtpx:TrackPointExtension>
			<gpxtpx:course>25.4</gpxtpx:course>
		</gpxtpx:TrackPointExtension>
	</extensions>
</trkpt>
<trkpt lat="47.835792" lon="20.040002">
	<ele>409.40</ele>
	<time>2017-10-14T09:12:46.000Z</time>
	<pdop>4.00</pdop>
	<extensions>
		<gpxtpx:TrackPointExtension>
			<gpxtpx:course>25.4</gpxtpx:course>
		</gpxtpx:TrackPointExtension>
	</extensions>
</trkpt>
<trkpt lat="47.835806" lon="20.040006">
	<ele>409.66</ele>
	<time>2017-10-14T09:12:56.000Z</time>
	<pdop>3.00</pdop>
	<extensions>
		<gpxtpx:TrackPointExtension>
			<gpxtpx:course>25.4</gpxtpx:course>
		</gpxtpx:TrackPointExtension>
	</extensions>
</trkpt>
<trkpt lat="47.835816" lon="20.040052">
	<ele>411.25</ele>
	<time>2017-10-14T09:13:06.000Z</time>
	<pdop>3.00</pdop>
	<extensions>
		<gpxtpx:TrackPointExtension>
			<gpxtpx:course>25.4</gpxtpx:course>
		</gpxtpx:TrackPointExtension>
	</extensions>
</trkpt>
<trkpt lat="47.835852" lon="20.040094">
	<ele>411.35</ele>
	<time>2017-10-14T09:13:16.099Z</time>
	<pdop>3.00</pdop>
	<extensions>
		<gpxtpx:TrackPointExtension>
			<gpxtpx:course>25.4</gpxtpx:course>
		</gpxtpx:TrackPointExtension>
	</extensions>
</trkpt>
<trkpt lat="47.835899" lon="20.040135">
	<ele>412.43</ele>
	<time>2017-10-14T09:13:26.000Z</time>
	<pdop>3.00</pdop>
	<extensions>
		<gpxtpx:TrackPointExtension>
			<gpxtpx:course>25.4</gpxtpx:course>
		</gpxtpx:TrackPointExtension>
	</extensions>
</trkpt>
<trkpt lat="47.835908" lon="20.040150">
	<ele>413.41</ele>
	<time>2017-10-14T09:13:36.000Z</time>
	<pdop>4.00</pdop>
	<extensions>
		<gpxtpx:TrackPointExtension>
			<gpxtpx:course>25.4</gpxtpx:course>
		</gpxtpx:TrackPointExtension>
	</extensions>
</trkpt>
<trkpt lat="47.835948" lon="20.040171">
	<ele>412.43</ele>
	<time>2017-10-14T09:13:46.000Z</time>
	<pdop>5.00</pdop>
	<extensions>
		<gpxtpx:TrackPointExtension>
			<gpxtpx:course>25.4</gpxtpx:course>
		</gpxtpx:TrackPointExtension>
	</extensions>
</trkpt>
<trkpt lat="47.835948" lon="20.040152">
	<ele>411.65</ele>
	<time>2017-10-14T09:13:55.568Z</time>
	<pdop>4.00</pdop>
	<extensions>
		<gpxtpx:TrackPointExtension>
			<gpxtpx:course>25.4</gpxtpx:course>
		</gpxtpx:TrackPointExtension>
	</extensions>
</trkpt>
<trkpt lat="47.835963" lon="20.040208">
	<ele>411.35</ele>
	<time>2017-10-14T09:14:05.000Z</time>
	<pdop>3.00</pdop>
	<extensions>
		<gpxtpx:TrackPointExtension>
			<gpxtpx:course>25.4</gpxtpx:course>
		</gpxtpx:TrackPointExtension>
	</extensions>
</trkpt>
<trkpt lat="47.835969" lon="20.040229">
	<ele>411.47</ele>
	<time>2017-10-14T09:14:14.493Z</time>
	<pdop>3.00</pdop>
	<extensions>
		<gpxtpx:TrackPointExtension>
			<gpxtpx:course>25.4</gpxtpx:course>
		</gpxtpx:TrackPointExtension>
	</extensions>
</trkpt>
<trkpt lat="47.835979" lon="20.040292">
	<ele>413.35</ele>
	<time>2017-10-14T09:14:24.000Z</time>
	<pdop>3.00</pdop>
	<extensions>
		<gpxtpx:TrackPointExtension>
			<gpxtpx:course>25.4</gpxtpx:course>
		</gpxtpx:TrackPointExtension>
	</extensions>
</trkpt>
<trkpt lat="47.836008" lon="20.040386">
	<ele>414.70</ele>
	<time>2017-10-14T09:14:35.583Z</time>
	<pdop>3.00</pdop>
	<extensions>
		<gpxtpx:TrackPointExtension>
			<gpxtpx:course>25.4</gpxtpx:course>
		</gpxtpx:TrackPointExtension>
	</extensions>
</trkpt>
<trkpt lat="47.836056" lon="20.040512">
	<ele>414.41</ele>
	<time>2017-10-14T09:14:45.000Z</time>
	<pdop>3.00</pdop>
	<extensions>
		<gpxtpx:TrackPointExtension>
			<gpxtpx:course>69.7</gpxtpx:course>
		</gpxtpx:TrackPointExtension>
	</extensions>
</trkpt>
<trkpt lat="47.836079" lon="20.040577">
	<ele>413.41</ele>
	<time>2017-10-14T09:14:55.835Z</time>
	<pdop>3.00</pdop>
	<extensions>
		<gpxtpx:TrackPointExtension>
			<gpxtpx:course>69.7</gpxtpx:course>
		</gpxtpx:TrackPointExtension>
	</extensions>
</trkpt>
<trkpt lat="47.836093" lon="20.040664">
	<ele>413.41</ele>
	<time>2017-10-14T09:15:05.000Z</time>
	<pdop>4.00</pdop>
	<extensions>
		<gpxtpx:TrackPointExtension>
			<gpxtpx:course>69.7</gpxtpx:course>
		</gpxtpx:TrackPointExtension>
	</extensions>
</trkpt>
<trkpt lat="47.836124" lon="20.040743">
	<ele>412.66</ele>
	<time>2017-10-14T09:15:15.629Z</time>
	<pdop>3.00</pdop>
	<extensions>
		<gpxtpx:TrackPointExtension>
			<gpxtpx:course>69.7</gpxtpx:course>
		</gpxtpx:TrackPointExtension>
	</extensions>
</trkpt>
<trkpt lat="47.836166" lon="20.040804">
	<ele>413.41</ele>
	<time>2017-10-14T09:15:25.000Z</time>
	<pdop>4.00</pdop>
	<extensions>
		<gpxtpx:TrackPointExtension>
			<gpxtpx:course>69.7</gpxtpx:course>
		</gpxtpx:TrackPointExtension>
	</extensions>
</trkpt>
<trkpt lat="47.836192" lon="20.040796">
	<ele>413.41</ele>
	<time>2017-10-14T09:15:35.485Z</time>
	<pdop>3.00</pdop>
	<extensions>
		<gpxtpx:TrackPointExtension>
			<gpxtpx:course>69.7</gpxtpx:course>
		</gpxtpx:TrackPointExtension>
	</extensions>
</trkpt>
<trkpt lat="47.836231" lon="20.040887">
	<ele>413.21</ele>
	<time>2017-10-14T09:15:45.000Z</time>
	<pdop>3.00</pdop>
	<extensions>
		<gpxtpx:TrackPointExtension>
			<gpxtpx:course>40.1</gpxtpx:course>
		</gpxtpx:TrackPointExtension>
	</extensions>
</trkpt>
<trkpt lat="47.836314" lon="20.040950">
	<ele>413.12</ele>
	<time>2017-10-14T09:15:54.713Z</time>
	<pdop>4.00</pdop>
	<extensions>
		<gpxtpx:TrackPointExtension>
			<gpxtpx:course>27.8</gpxtpx:course>
		</gpxtpx:TrackPointExtension>
	</extensions>
</trkpt>
<trkpt lat="47.836379" lon="20.041018">
	<ele>413.35</ele>
	<time>2017-10-14T09:16:04.000Z</time>
	<pdop>3.00</pdop>
	<extensions>
		<gpxtpx:TrackPointExtension>
			<gpxtpx:course>44.1</gpxtpx:course>
		</gpxtpx:TrackPointExtension>
	</extensions>
</trkpt>
<trkpt lat="47.836425" lon="20.041070">
	<ele>413.11</ele>
	<time>2017-10-14T09:16:15.038Z</time>
	<pdop>3.00</pdop>
	<extensions>
		<gpxtpx:TrackPointExtension>
			<gpxtpx:course>44.1</gpxtpx:course>
		</gpxtpx:TrackPointExtension>
	</extensions>
</trkpt>
<trkpt lat="47.836484" lon="20.041107">
	<ele>412.50</ele>
	<time>2017-10-14T09:16:26.334Z</time>
	<pdop>3.00</pdop>
	<extensions>
		<gpxtpx:TrackPointExtension>
			<gpxtpx:course>44.1</gpxtpx:course>
		</gpxtpx:TrackPointExtension>
	</extensions>
</trkpt>
<trkpt lat="47.836511" lon="20.041146">
	<ele>412.41</ele>
	<time>2017-10-14T09:16:36.000Z</time>
	<pdop>3.00</pdop>
	<extensions>
		<gpxtpx:TrackPointExtension>
			<gpxtpx:course>44.1</gpxtpx:course>
		</gpxtpx:TrackPointExtension>
	</extensions>
</trkpt>
<trkpt lat="47.836523" lon="20.041169">
	<ele>413.35</ele>
	<time>2017-10-14T09:16:46.048Z</time>
	<pdop>3.00</pdop>
	<extensions>
		<gpxtpx:TrackPointExtension>
			<gpxtpx:course>44.1</gpxtpx:course>
		</gpxtpx:TrackPointExtension>
	</extensions>
</trkpt>
<trkpt lat="47.836552" lon="20.041232">
	<ele>414.23</ele>
	<time>2017-10-14T09:16:56.000Z</time>
	<pdop>3.00</pdop>
	<extensions>
		<gpxtpx:TrackPointExtension>
			<gpxtpx:course>44.1</gpxtpx:course>
		</gpxtpx:TrackPointExtension>
	</extensions>
</trkpt>
<trkpt lat="47.836588" lon="20.041294">
	<ele>416.33</ele>
	<time>2017-10-14T09:17:07.055Z</time>
	<pdop>4.00</pdop>
	<extensions>
		<gpxtpx:TrackPointExtension>
			<gpxtpx:course>44.1</gpxtpx:course>
		</gpxtpx:TrackPointExtension>
	</extensions>
</trkpt>
<trkpt lat="47.836621" lon="20.041278">
	<ele>416.41</ele>
	<time>2017-10-14T09:17:17.000Z</time>
	<pdop>3.00</pdop>
	<extensions>
		<gpxtpx:TrackPointExtension>
			<gpxtpx:course>44.1</gpxtpx:course>
		</gpxtpx:TrackPointExtension>
	</extensions>
</trkpt>
<trkpt lat="47.836625" lon="20.041292">
	<ele>414.41</ele>
	<time>2017-10-14T09:17:30.324Z</time>
	<pdop>3.00</pdop>
	<extensions>
		<gpxtpx:TrackPointExtension>
			<gpxtpx:course>44.1</gpxtpx:course>
		</gpxtpx:TrackPointExtension>
	</extensions>
</trkpt>
<trkpt lat="47.836653" lon="20.041325">
	<ele>416.41</ele>
	<time>2017-10-14T09:17:40.000Z</time>
	<pdop>3.00</pdop>
	<extensions>
		<gpxtpx:TrackPointExtension>
			<gpxtpx:course>44.1</gpxtpx:course>
		</gpxtpx:TrackPointExtension>
	</extensions>
</trkpt>
<trkpt lat="47.836711" lon="20.041365">
	<ele>418.35</ele>
	<time>2017-10-14T09:17:50.000Z</time>
	<pdop>4.00</pdop>
	<extensions>
		<gpxtpx:TrackPointExtension>
			<gpxtpx:course>22.5</gpxtpx:course>
		</gpxtpx:TrackPointExtension>
	</extensions>
</trkpt>
<trkpt lat="47.836719" lon="20.041387">
	<ele>418.41</ele>
	<time>2017-10-14T09:18:00.000Z</time>
	<pdop>3.00</pdop>
</trkpt>
<trkpt lat="47.836763" lon="20.041384">
	<ele>418.41</ele>
	<time>2017-10-14T09:18:10.000Z</time>
	<pdop>3.00</pdop>
	<extensions>
		<gpxtpx:TrackPointExtension>
			<gpxtpx:course>8.4</gpxtpx:course>
		</gpxtpx:TrackPointExtension>
	</extensions>
</trkpt>
<trkpt lat="47.836848" lon="20.041419">
	<ele>420.41</ele>
	<time>2017-10-14T09:18:20.000Z</time>
	<pdop>4.00</pdop>
	<extensions>
		<gpxtpx:TrackPointExtension>
			<gpxtpx:course>344.1</gpxtpx:course>
		</gpxtpx:TrackPointExtension>
	</extensions>
</trkpt>
<trkpt lat="47.836840" lon="20.041411">
	<ele>421.35</ele>
	<time>2017-10-14T09:18:30.000Z</time>
	<pdop>3.00</pdop>
	<extensions>
		<gpxtpx:TrackPointExtension>
			<gpxtpx:course>344.1</gpxtpx:course>
		</gpxtpx:TrackPointExtension>
	</extensions>
</trkpt>
<trkpt lat="47.836852" lon="20.041413">
	<ele>420.41</ele>
	<time>2017-10-14T09:18:39.489Z</time>
	<pdop>3.00</pdop>
	<extensions>
		<gpxtpx:TrackPointExtension>
			<gpxtpx:course>344.1</gpxtpx:course>
		</gpxtpx:TrackPointExtension>
	</extensions>
</trkpt>
<trkpt lat="47.836909" lon="20.041419">
	<ele>421.48</ele>
	<time>2017-10-14T09:18:49.000Z</time>
	<pdop>4.00</pdop>
	<extensions>
		<gpxtpx:TrackPointExtension>
			<gpxtpx:course>344.1</gpxtpx:course>
		</gpxtpx:TrackPointExtension>
	</extensions>
</trkpt>
<trkpt lat="47.836951" lon="20.041424">
	<ele>423.41</ele>
	<time>2017-10-14T09:18:59.000Z</time>
	<pdop>3.00</pdop>
	<extensions>
		<gpxtpx:TrackPointExtension>
			<gpxtpx:course>344.1</gpxtpx:course>
		</gpxtpx:TrackPointExtension>
	</extensions>
</trkpt>
<trkpt lat="47.836995" lon="20.041413">
	<ele>425.36</ele>
	<time>2017-10-14T09:19:09.000Z</time>
	<pdop>4.00</pdop>
	<extensions>
		<gpxtpx:TrackPointExtension>
			<gpxtpx:course>344.1</gpxtpx:course>
		</gpxtpx:TrackPointExtension>
	</extensions>
</trkpt>
<trkpt lat="47.837049" lon="20.041385">
	<ele>425.56</ele>
	<time>2017-10-14T09:19:19.499Z</time>
	<pdop>4.00</pdop>
	<extensions>
		<gpxtpx:TrackPointExtension>
			<gpxtpx:course>344.1</gpxtpx:course>
		</gpxtpx:TrackPointExtension>
	</extensions>
</trkpt>
<trkpt lat="47.837102" lon="20.041381">
	<ele>426.42</ele>
	<time>2017-10-14T09:19:29.000Z</time>
	<pdop>3.00</pdop>
	<extensions>
		<gpxtpx:TrackPointExtension>
			<gpxtpx:course>344.1</gpxtpx:course>
		</gpxtpx:TrackPointExtension>
	</extensions>
</trkpt>
<trkpt lat="47.837146" lon="20.041343">
	<ele>427.05</ele>
	<time>2017-10-14T09:19:41.447Z</time>
	<pdop>4.00</pdop>
	<extensions>
		<gpxtpx:TrackPointExtension>
			<gpxtpx:course>344.1</gpxtpx:course>
		</gpxtpx:TrackPointExtension>
	</extensions>
</trkpt>
<trkpt lat="47.837190" lon="20.041316">
	<ele>428.40</ele>
	<time>2017-10-14T09:19:51.000Z</time>
	<pdop>4.00</pdop>
	<extensions>
		<gpxtpx:TrackPointExtension>
			<gpxtpx:course>344.1</gpxtpx:course>
		</gpxtpx:TrackPointExtension>
	</extensions>
</trkpt>
<trkpt lat="47.837217" lon="20.041281">
	<ele>428.41</ele>
	<time>2017-10-14T09:20:00.654Z</time>
	<pdop>4.00</pdop>
	<extensions>
		<gpxtpx:TrackPointExtension>
			<gpxtpx:course>344.1</gpxtpx:course>
		</gpxtpx:TrackPointExtension>
	</extensions>
</trkpt>
<trkpt lat="47.837268" lon="20.041211">
	<ele>429.01</ele>
	<time>2017-10-14T09:20:10.000Z</time>
	<pdop>3.00</pdop>
	<extensions>
		<gpxtpx:TrackPointExtension>
			<gpxtpx:course>344.1</gpxtpx:course>
		</gpxtpx:TrackPointExtension>
	</extensions>
</trkpt>
<trkpt lat="47.837291" lon="20.041151">
	<ele>429.35</ele>
	<time>2017-10-14T09:20:21.560Z</time>
	<pdop>3.00</pdop>
	<extensions>
		<gpxtpx:TrackPointExtension>
			<gpxtpx:course>344.1</gpxtpx:course>
		</gpxtpx:TrackPointExtension>
	</extensions>
</trkpt>
<trkpt lat="47.837303" lon="20.041107">
	<ele>427.39</ele>
	<time>2017-10-14T09:20:31.000Z</time>
	<pdop>4.00</pdop>
	<extensions>
		<gpxtpx:TrackPointExtension>
			<gpxtpx:course>344.1</gpxtpx:course>
		</gpxtpx:TrackPointExtension>
	</extensions>
</trkpt>
<trkpt lat="47.837312" lon="20.041096">
	<ele>430.16</ele>
	<time>2017-10-14T09:20:46.000Z</time>
	<pdop>4.00</pdop>
	<extensions>
		<gpxtpx:TrackPointExtension>
			<gpxtpx:course>344.1</gpxtpx:course>
		</gpxtpx:TrackPointExtension>
	</extensions>
</trkpt>
<trkpt lat="47.837355" lon="20.041073">
	<ele>435.35</ele>
	<time>2017-10-14T09:20:56.000Z</time>
	<pdop>4.00</pdop>
	<extensions>
		<gpxtpx:TrackPointExtension>
			<gpxtpx:course>344.1</gpxtpx:course>
		</gpxtpx:TrackPointExtension>
	</extensions>
</trkpt>
<trkpt lat="47.837400" lon="20.041025">
	<ele>435.18</ele>
	<time>2017-10-14T09:21:06.687Z</time>
	<pdop>4.00</pdop>
	<extensions>
		<gpxtpx:TrackPointExtension>
			<gpxtpx:course>331.9</gpxtpx:course>
		</gpxtpx:TrackPointExtension>
	</extensions>
</trkpt>
<trkpt lat="47.837490" lon="20.040985">
	<ele>440.24</ele>
	<time>2017-10-14T09:21:16.000Z</time>
	<pdop>3.00</pdop>
	<extensions>
		<gpxtpx:TrackPointExtension>
			<gpxtpx:course>352.5</gpxtpx:course>
		</gpxtpx:TrackPointExtension>
	</extensions>
</trkpt>
<trkpt lat="47.837519" lon="20.040972">
	<ele>442.40</ele>
	<time>2017-10-14T09:21:26.584Z</time>
	<pdop>4.00</pdop>
	<extensions>
		<gpxtpx:TrackPointExtension>
			<gpxtpx:course>358.7</gpxtpx:course>
		</gpxtpx:TrackPointExtension>
	</extensions>
</trkpt>
<trkpt lat="47.837581" lon="20.040948">
	<ele>442.40</ele>
	<time>2017-10-14T09:21:36.000Z</time>
	<pdop>4.00</pdop>
	<extensions>
		<gpxtpx:TrackPointExtension>
			<gpxtpx:course>358.7</gpxtpx:course>
		</gpxtpx:TrackPointExtension>
	</extensions>
</trkpt>
<trkpt lat="47.837611" lon="20.040911">
	<ele>443.17</ele>
	<time>2017-10-14T09:21:45.526Z</time>
	<pdop>4.00</pdop>
	<extensions>
		<gpxtpx:TrackPointExtension>
			<gpxtpx:course>358.7</gpxtpx:course>
		</gpxtpx:TrackPointExtension>
	</extensions>
</trkpt>
<trkpt lat="47.837657" lon="20.040864">
	<ele>443.36</ele>
	<time>2017-10-14T09:21:55.000Z</time>
	<pdop>4.00</pdop>
	<extensions>
		<gpxtpx:TrackPointExtension>
			<gpxtpx:course>343.8</gpxtpx:course>
		</gpxtpx:TrackPointExtension>
	</extensions>
</trkpt>
<trkpt lat="47.837706" lon="20.040846">
	<ele>446.40</ele>
	<time>2017-10-14T09:22:06.603Z</time>
	<pdop>4.00</pdop>
	<extensions>
		<gpxtpx:TrackPointExtension>
			<gpxtpx:course>343.8</gpxtpx:course>
		</gpxtpx:TrackPointExtension>
	</extensions>
</trkpt>
<trkpt lat="47.837787" lon="20.040817">
	<ele>449.40</ele>
	<time>2017-10-14T09:22:16.000Z</time>
	<pdop>4.00</pdop>
	<extensions>
		<gpxtpx:TrackPointExtension>
			<gpxtpx:course>343.8</gpxtpx:course>
		</gpxtpx:TrackPointExtension>
	</extensions>
</trkpt>
<trkpt lat="47.837806" lon="20.040785">
	<ele>450.47</ele>
	<time>2017-10-14T09:22:26.669Z</time>
	<pdop>6.00</pdop>
	<extensions>
		<gpxtpx:TrackPointExtension>
			<gpxtpx:course>343.8</gpxtpx:course>
		</gpxtpx:TrackPointExtension>
	</extensions>
</trkpt>
<trkpt lat="47.837855" lon="20.040761">
	<ele>446.04</ele>
	<time>2017-10-14T09:22:36.000Z</time>
	<pdop>7.00</pdop>
	<extensions>
		<gpxtpx:TrackPointExtension>
			<gpxtpx:course>343.8</gpxtpx:course>
		</gpxtpx:TrackPointExtension>
	</extensions>
</trkpt>
<trkpt lat="47.837885" lon="20.040718">
	<ele>452.34</ele>
	<time>2017-10-14T09:22:46.599Z</time>
	<pdop>4.00</pdop>
	<extensions>
		<gpxtpx:TrackPointExtension>
			<gpxtpx:course>328.4</gpxtpx:course>
		</gpxtpx:TrackPointExtension>
	</extensions>
</trkpt>
<trkpt lat="47.837952" lon="20.040643">
	<ele>450.67</ele>
	<time>2017-10-14T09:22:56.000Z</time>
	<pdop>4.00</pdop>
	<extensions>
		<gpxtpx:TrackPointExtension>
			<gpxtpx:course>351.3</gpxtpx:course>
		</gpxtpx:TrackPointExtension>
	</extensions>
</trkpt>
<trkpt lat="47.837967" lon="20.040601">
	<ele>450.47</ele>
	<time>2017-10-14T09:23:06.852Z</time>
	<pdop>7.00</pdop>
	<extensions>
		<gpxtpx:TrackPointExtension>
			<gpxtpx:course>351.3</gpxtpx:course>
		</gpxtpx:TrackPointExtension>
	</extensions>
</trkpt>
<trkpt lat="47.837981" lon="20.040568">
	<ele>454.55</ele>
	<time>2017-10-14T09:23:16.000Z</time>
	<pdop>4.00</pdop>
	<extensions>
		<gpxtpx:TrackPointExtension>
			<gpxtpx:course>351.3</gpxtpx:course>
		</gpxtpx:TrackPointExtension>
	</extensions>
</trkpt>
<trkpt lat="47.837976" lon="20.040556">
	<ele>452.35</ele>
	<time>2017-10-14T09:23:26.000Z</time>
	<pdop>4.00</pdop>
	<extensions>
		<gpxtpx:TrackPointExtension>
			<gpxtpx:course>351.3</gpxtpx:course>
		</gpxtpx:TrackPointExtension>
	</extensions>
</trkpt>
<trkpt lat="47.838012" lon="20.040442">
	<ele>454.84</ele>
	<time>2017-10-14T09:23:36.000Z</time>
	<pdop>3.00</pdop>
	<extensions>
		<gpxtpx:TrackPointExtension>
			<gpxtpx:course>351.3</gpxtpx:course>
		</gpxtpx:TrackPointExtension>
	</extensions>
</trkpt>
<trkpt lat="47.838027" lon="20.040362">
	<ele>455.69</ele>
	<time>2017-10-14T09:23:46.000Z</time>
	<pdop>3.00</pdop>
	<extensions>
		<gpxtpx:TrackPointExtension>
			<gpxtpx:course>351.3</gpxtpx:course>
		</gpxtpx:TrackPointExtension>
	</extensions>
</trkpt>
<trkpt lat="47.838047" lon="20.040276">
	<ele>457.01</ele>
	<time>2017-10-14T09:23:56.000Z</time>
	<pdop>3.00</pdop>
	<extensions>
		<gpxtpx:TrackPointExtension>
			<gpxtpx:course>351.3</gpxtpx:course>
		</gpxtpx:TrackPointExtension>
	</extensions>
</trkpt>
<trkpt lat="47.838041" lon="20.040153">
	<ele>457.41</ele>
	<time>2017-10-14T09:24:06.531Z</time>
	<pdop>4.00</pdop>
	<extensions>
		<gpxtpx:TrackPointExtension>
			<gpxtpx:course>231.4</gpxtpx:course>
		</gpxtpx:TrackPointExtension>
	</extensions>
</trkpt>
<trkpt lat="47.837987" lon="20.040077">
	<ele>451.86</ele>
	<time>2017-10-14T09:24:16.000Z</time>
	<pdop>4.00</pdop>
	<extensions>
		<gpxtpx:TrackPointExtension>
			<gpxtpx:course>199.8</gpxtpx:course>
		</gpxtpx:TrackPointExtension>
	</extensions>
</trkpt>
<trkpt lat="47.837947" lon="20.040017">
	<ele>454.39</ele>
	<time>2017-10-14T09:24:26.647Z</time>
	<pdop>4.00</pdop>
	<extensions>
		<gpxtpx:TrackPointExtension>
			<gpxtpx:course>199.8</gpxtpx:course>
		</gpxtpx:TrackPointExtension>
	</extensions>
</trkpt>
<trkpt lat="47.837896" lon="20.039950">
	<ele>456.41</ele>
	<time>2017-10-14T09:24:36.000Z</time>
	<pdop>4.00</pdop>
	<extensions>
		<gpxtpx:TrackPointExtension>
			<gpxtpx:course>220.8</gpxtpx:course>
		</gpxtpx:TrackPointExtension>
	</extensions>
</trkpt>
<trkpt lat="47.837889" lon="20.039932">
	<ele>455.66</ele>
	<time>2017-10-14T09:24:53.000Z</time>
	<pdop>5.00</pdop>
	<extensions>
		<gpxtpx:TrackPointExtension>
			<gpxtpx:course>220.8</gpxtpx:course>
		</gpxtpx:TrackPointExtension>
	</extensions>
</trkpt>
<trkpt lat="47.837800" lon="20.039808">
	<ele>452.74</ele>
	<time>2017-10-14T09:25:03.000Z</time>
	<pdop>4.00</pdop>
	<extensions>
		<gpxtpx:TrackPointExtension>
			<gpxtpx:course>208.2</gpxtpx:course>
		</gpxtpx:TrackPointExtension>
	</extensions>
</trkpt>
<trkpt lat="47.837703" lon="20.039730">
	<ele>451.49</ele>
	<time>2017-10-14T09:25:13.000Z</time>
	<pdop>4.00</pdop>
	<extensions>
		<gpxtpx:TrackPointExtension>
			<gpxtpx:course>230.3</gpxtpx:course>
		</gpxtpx:TrackPointExtension>
	</extensions>
</trkpt>
<trkpt lat="47.837674" lon="20.039662">
	<ele>453.42</ele>
	<time>2017-10-14T09:25:25.597Z</time>
	<pdop>4.00</pdop>
	<extensions>
		<gpxtpx:TrackPointExtension>
			<gpxtpx:course>240.0</gpxtpx:course>
		</gpxtpx:TrackPointExtension>
	</extensions>
</trkpt>
<trkpt lat="47.837583" lon="20.039589">
	<ele>452.35</ele>
	<time>2017-10-14T09:25:35.000Z</time>
	<pdop>3.00</pdop>
	<extensions>
		<gpxtpx:TrackPointExtension>
			<gpxtpx:course>248.8</gpxtpx:course>
		</gpxtpx:TrackPointExtension>
	</extensions>
</trkpt>
<trkpt lat="47.837541" lon="20.039514">
	<ele>451.47</ele>
	<time>2017-10-14T09:25:45.664Z</time>
	<pdop>4.00</pdop>
	<extensions>
		<gpxtpx:TrackPointExtension>
			<gpxtpx:course>225.6</gpxtpx:course>
		</gpxtpx:TrackPointExtension>
	</extensions>
</trkpt>
<trkpt lat="47.837449" lon="20.039421">
	<ele>452.33</ele>
	<time>2017-10-14T09:25:55.000Z</time>
	<pdop>4.00</pdop>
	<extensions>
		<gpxtpx:TrackPointExtension>
			<gpxtpx:course>192.9</gpxtpx:course>
		</gpxtpx:TrackPointExtension>
	</extensions>
</trkpt>
<trkpt lat="47.837360" lon="20.039389">
	<ele>453.78</ele>
	<time>2017-10-14T09:26:05.000Z</time>
	<pdop>4.00</pdop>
	<extensions>
		<gpxtpx:TrackPointExtension>
			<gpxtpx:course>210.1</gpxtpx:course>
		</gpxtpx:TrackPointExtension>
	</extensions>
</trkpt>
<trkpt lat="47.837336" lon="20.039369">
	<ele>455.12</ele>
	<time>2017-10-14T09:26:15.000Z</time>
	<pdop>3.00</pdop>
	<extensions>
		<gpxtpx:TrackPointExtension>
			<gpxtpx:course>210.3</gpxtpx:course>
		</gpxtpx:TrackPointExtension>
	</extensions>
</trkpt>
<trkpt lat="47.837325" lon="20.039325">
	<ele>458.40</ele>
	<time>2017-10-14T09:26:27.006Z</time>
	<pdop>5.00</pdop>
	<extensions>
		<gpxtpx:TrackPointExtension>
			<gpxtpx:course>210.3</gpxtpx:course>
		</gpxtpx:TrackPointExtension>
	</extensions>
</trkpt>
<trkpt lat="47.837291" lon="20.039258">
	<ele>458.67</ele>
	<time>2017-10-14T09:26:37.000Z</time>
	<pdop>3.00</pdop>
	<extensions>
		<gpxtpx:TrackPointExtension>
			<gpxtpx:course>210.3</gpxtpx:course>
		</gpxtpx:TrackPointExtension>
	</extensions>
</trkpt>
<trkpt lat="47.837224" lon="20.039214">
	<ele>456.41</ele>
	<time>2017-10-14T09:26:47.000Z</time>
	<pdop>3.00</pdop>
	<extensions>
		<gpxtpx:TrackPointExtension>
			<gpxtpx:course>210.3</gpxtpx:course>
		</gpxtpx:TrackPointExtension>
	</extensions>
</trkpt>
<trkpt lat="47.837224" lon="20.039186">
	<ele>456.35</ele>
	<time>2017-10-14T09:26:56.489Z</time>
	<pdop>3.00</pdop>
	<extensions>
		<gpxtpx:TrackPointExtension>
			<gpxtpx:course>210.3</gpxtpx:course>
		</gpxtpx:TrackPointExtension>
	</extensions>
</trkpt>
<trkpt lat="47.837150" lon="20.039123">
	<ele>456.39</ele>
	<time>2017-10-14T09:27:06.000Z</time>
	<pdop>5.00</pdop>
	<extensions>
		<gpxtpx:TrackPointExtension>
			<gpxtpx:course>220.4</gpxtpx:course>
		</gpxtpx:TrackPointExtension>
	</extensions>
</trkpt>
<trkpt lat="47.837143" lon="20.039090">
	<ele>453.57</ele>
	<time>2017-10-14T09:27:16.219Z</time>
	<pdop>4.00</pdop>
	<extensions>
		<gpxtpx:TrackPointExtension>
			<gpxtpx:course>220.4</gpxtpx:course>
		</gpxtpx:TrackPointExtension>
	</extensions>
</trkpt>
<trkpt lat="47.837097" lon="20.039112">
	<ele>459.38</ele>
	<time>2017-10-14T09:27:26.745Z</time>
	<pdop>3.00</pdop>
	<extensions>
		<gpxtpx:TrackPointExtension>
			<gpxtpx:course>191.6</gpxtpx:course>
		</gpxtpx:TrackPointExtension>
	</extensions>
</trkpt>
<trkpt lat="47.837090" lon="20.039162">
	<ele>461.37</ele>
	<time>2017-10-14T09:27:36.000Z</time>
	<pdop>3.00</pdop>
	<extensions>
		<gpxtpx:TrackPointExtension>
			<gpxtpx:course>191.6</gpxtpx:course>
		</gpxtpx:TrackPointExtension>
	</extensions>
</trkpt>
<trkpt lat="47.837075" lon="20.039148">
	<ele>461.46</ele>
	<time>2017-10-14T09:27:46.313Z</time>
	<pdop>3.00</pdop>
	<extensions>
		<gpxtpx:TrackPointExtension>
			<gpxtpx:course>191.6</gpxtpx:course>
		</gpxtpx:TrackPointExtension>
	</extensions>
</trkpt>
<trkpt lat="47.837057" lon="20.039165">
	<ele>461.41</ele>
	<time>2017-10-14T09:27:56.000Z</time>
	<pdop>3.00</pdop>
	<extensions>
		<gpxtpx:TrackPointExtension>
			<gpxtpx:course>191.6</gpxtpx:course>
		</gpxtpx:TrackPointExtension>
	</extensions>
</trkpt>
<trkpt lat="47.837065" lon="20.039153">
	<ele>460.36</ele>
	<time>2017-10-14T09:28:06.000Z</time>
	<pdop>4.00</pdop>
	<extensions>
		<gpxtpx:TrackPointExtension>
			<gpxtpx:course>191.6</gpxtpx:course>
		</gpxtpx:TrackPointExtension>
	</extensions>
</trkpt>
<trkpt lat="47.837061" lon="20.039167">
	<ele>460.42</ele>
	<time>2017-10-14T09:28:16.000Z</time>
	<pdop>3.00</pdop>
	<extensions>
		<gpxtpx:TrackPointExtension>
			<gpxtpx:course>191.6</gpxtpx:course>
		</gpxtpx:TrackPointExtension>
	</extensions>
</trkpt>
<trkpt lat="47.837058" lon="20.039152">
	<ele>461.07</ele>
	<time>2017-10-14T09:28:55.459Z</time>
	<pdop>4.00</pdop>
	<extensions>
		<gpxtpx:TrackPointExtension>
			<gpxtpx:course>191.6</gpxtpx:course>
		</gpxtpx:TrackPointExtension>
	</extensions>
</trkpt>
<trkpt lat="47.836994" lon="20.039103">
	<ele>459.35</ele>
	<time>2017-10-14T09:29:05.000Z</time>
	<pdop>3.00</pdop>
	<extensions>
		<gpxtpx:TrackPointExtension>
			<gpxtpx:course>187.4</gpxtpx:course>
		</gpxtpx:TrackPointExtension>
	</extensions>
</trkpt>
<trkpt lat="47.836935" lon="20.039111">
	<ele>458.85</ele>
	<time>2017-10-14T09:29:14.661Z</time>
	<pdop>4.00</pdop>
	<extensions>
		<gpxtpx:TrackPointExtension>
			<gpxtpx:course>175.0</gpxtpx:course>
		</gpxtpx:TrackPointExtension>
	</extensions>
</trkpt>
<trkpt lat="47.836948" lon="20.039145">
	<ele>458.58</ele>
	<time>2017-10-14T09:29:24.000Z</time>
	<pdop>8.00</pdop>
	<extensions>
		<gpxtpx:TrackPointExtension>
			<gpxtpx:course>15.3</gpxtpx:course>
		</gpxtpx:TrackPointExtension>
	</extensions>
</trkpt>
<trkpt lat="47.836935" lon="20.039164">
	<ele>459.86</ele>
	<time>2017-10-14T09:29:34.000Z</time>
	<pdop>9.00</pdop>
	<extensions>
		<gpxtpx:TrackPointExtension>
			<gpxtpx:course>33.3</gpxtpx:course>
		</gpxtpx:TrackPointExtension>
	</extensions>
</trkpt>
<trkpt lat="47.836899" lon="20.039070">
	<ele>455.71</ele>
	<time>2017-10-14T09:29:44.000Z</time>
	<pdop>7.00</pdop>
	<extensions>
		<gpxtpx:TrackPointExtension>
			<gpxtpx:course>33.3</gpxtpx:course>
		</gpxtpx:TrackPointExtension>
	</extensions>
</trkpt>
<trkpt lat="47.836967" lon="20.039133">
	<ele>452.42</ele>
	<time>2017-10-14T09:29:53.187Z</time>
	<pdop>8.00</pdop>
	<extensions>
		<gpxtpx:TrackPointExtension>
			<gpxtpx:course>33.3</gpxtpx:course>
		</gpxtpx:TrackPointExtension>
	</extensions>
</trkpt>
<trkpt lat="47.836926" lon="20.039056">
	<ele>455.39</ele>
	<time>2017-10-14T09:30:03.000Z</time>
	<pdop>3.00</pdop>
	<extensions>
		<gpxtpx:TrackPointExtension>
			<gpxtpx:course>33.3</gpxtpx:course>
		</gpxtpx:TrackPointExtension>
	</extensions>
</trkpt>
<trkpt lat="47.836908" lon="20.038994">
	<ele>456.16</ele>
	<time>2017-10-14T09:30:15.694Z</time>
	<pdop>4.00</pdop>
	<extensions>
		<gpxtpx:TrackPointExtension>
			<gpxtpx:course>33.3</gpxtpx:course>
		</gpxtpx:TrackPointExtension>
	</extensions>
</trkpt>
<trkpt lat="47.836893" lon="20.038954">
	<ele>456.18</ele>
	<time>2017-10-14T09:30:25.000Z</time>
	<pdop>3.00</pdop>
	<extensions>
		<gpxtpx:TrackPointExtension>
			<gpxtpx:course>33.3</gpxtpx:course>
		</gpxtpx:TrackPointExtension>
	</extensions>
</trkpt>
<trkpt lat="47.836910" lon="20.038896">
	<ele>455.16</ele>
	<time>2017-10-14T09:30:38.575Z</time>
	<pdop>3.00</pdop>
	<extensions>
		<gpxtpx:TrackPointExtension>
			<gpxtpx:course>33.3</gpxtpx:course>
		</gpxtpx:TrackPointExtension>
	</extensions>
</trkpt>
<trkpt lat="47.836900" lon="20.038917">
	<ele>455.22</ele>
	<time>2017-10-14T09:30:57.000Z</time>
	<pdop>3.00</pdop>
	<extensions>
		<gpxtpx:TrackPointExtension>
			<gpxtpx:course>33.3</gpxtpx:course>
		</gpxtpx:TrackPointExtension>
	</extensions>
</trkpt>
<trkpt lat="47.836880" lon="20.038918">
	<ele>455.41</ele>
	<time>2017-10-14T09:31:07.000Z</time>
	<pdop>3.00</pdop>
	<extensions>
		<gpxtpx:TrackPointExtension>
			<gpxtpx:course>33.3</gpxtpx:course>
		</gpxtpx:TrackPointExtension>
	</extensions>
</trkpt>
<trkpt lat="47.836889" lon="20.038933">
	<ele>455.28</ele>
	<time>2017-10-14T09:31:23.526Z</time>
	<pdop>3.00</pdop>
	<extensions>
		<gpxtpx:TrackPointExtension>
			<gpxtpx:course>33.3</gpxtpx:course>
		</gpxtpx:TrackPointExtension>
	</extensions>
</trkpt>
<trkpt lat="47.836922" lon="20.038915">
	<ele>454.19</ele>
	<time>2017-10-14T09:31:33.000Z</time>
	<pdop>4.00</pdop>
	<extensions>
		<gpxtpx:TrackPointExtension>
			<gpxtpx:course>33.3</gpxtpx:course>
		</gpxtpx:TrackPointExtension>
	</extensions>
</trkpt>
<trkpt lat="47.836944" lon="20.038841">
	<ele>451.60</ele>
	<time>2017-10-14T09:31:43.000Z</time>
	<pdop>3.00</pdop>
	<extensions>
		<gpxtpx:TrackPointExtension>
			<gpxtpx:course>33.3</gpxtpx:course>
		</gpxtpx:TrackPointExtension>
	</extensions>
</trkpt>
<trkpt lat="47.836949" lon="20.038829">
	<ele>450.41</ele>
	<time>2017-10-14T09:32:10.000Z</time>
	<pdop>3.00</pdop>
	<extensions>
		<gpxtpx:TrackPointExtension>
			<gpxtpx:course>33.3</gpxtpx:course>
		</gpxtpx:TrackPointExtension>
	</extensions>
</trkpt>
<trkpt lat="47.836956" lon="20.038820">
	<ele>449.96</ele>
	<time>2017-10-14T09:32:38.345Z</time>
	<pdop>3.00</pdop>
	<extensions>
		<gpxtpx:TrackPointExtension>
			<gpxtpx:course>33.3</gpxtpx:course>
		</gpxtpx:TrackPointExtension>
	</extensions>
</trkpt>
<trkpt lat="47.836969" lon="20.038802">
	<ele>450.16</ele>
	<time>2017-10-14T09:32:48.000Z</time>
	<pdop>3.00</pdop>
	<extensions>
		<gpxtpx:TrackPointExtension>
			<gpxtpx:course>33.3</gpxtpx:course>
		</gpxtpx:TrackPointExtension>
	</extensions>
</trkpt>
<trkpt lat="47.836994" lon="20.038841">
	<ele>451.18</ele>
	<time>2017-10-14T09:32:58.000Z</time>
	<pdop>4.00</pdop>
	<extensions>
		<gpxtpx:TrackPointExtension>
			<gpxtpx:course>33.3</gpxtpx:course>
		</gpxtpx:TrackPointExtension>
	</extensions>
</trkpt>
<trkpt lat="47.837002" lon="20.038851">
	<ele>453.01</ele>
	<time>2017-10-14T09:33:08.000Z</time>
	<pdop>3.00</pdop>
	<extensions>
		<gpxtpx:TrackPointExtension>
			<gpxtpx:course>33.3</gpxtpx:course>
		</gpxtpx:TrackPointExtension>
	</extensions>
</trkpt>
<trkpt lat="47.837013" lon="20.038852">
	<ele>454.41</ele>
	<time>2017-10-14T09:33:27.000Z</time>
	<pdop>3.00</pdop>
	<extensions>
		<gpxtpx:TrackPointExtension>
			<gpxtpx:course>33.3</gpxtpx:course>
		</gpxtpx:TrackPointExtension>
	</extensions>
</trkpt>
<trkpt lat="47.837010" lon="20.038869">
	<ele>454.41</ele>
	<time>2017-10-14T09:33:39.035Z</time>
	<pdop>3.00</pdop>
	<extensions>
		<gpxtpx:TrackPointExtension>
			<gpxtpx:course>33.3</gpxtpx:course>
		</gpxtpx:TrackPointExtension>
	</extensions>
</trkpt>
<trkpt lat="47.836998" lon="20.038880">
	<ele>453.61</ele>
	<time>2017-10-14T09:33:49.000Z</time>
	<pdop>3.00</pdop>
	<extensions>
		<gpxtpx:TrackPointExtension>
			<gpxtpx:course>33.3</gpxtpx:course>
		</gpxtpx:TrackPointExtension>
	</extensions>
</trkpt>
<trkpt lat="47.837002" lon="20.038896">
	<ele>453.41</ele>
	<time>2017-10-14T09:34:07.000Z</time>
	<pdop>3.00</pdop>
	<extensions>
		<gpxtpx:TrackPointExtension>
			<gpxtpx:course>33.3</gpxtpx:course>
		</gpxtpx:TrackPointExtension>
	</extensions>
</trkpt>
<trkpt lat="47.837009" lon="20.038907">
	<ele>455.60</ele>
	<time>2017-10-14T09:34:20.000Z</time>
	<pdop>4.00</pdop>
	<extensions>
		<gpxtpx:TrackPointExtension>
			<gpxtpx:course>33.3</gpxtpx:course>
		</gpxtpx:TrackPointExtension>
	</extensions>
</trkpt>
<trkpt lat="47.837008" lon="20.038921">
	<ele>455.66</ele>
	<time>2017-10-14T09:34:29.988Z</time>
	<pdop>4.00</pdop>
	<extensions>
		<gpxtpx:TrackPointExtension>
			<gpxtpx:course>33.3</gpxtpx:course>
		</gpxtpx:TrackPointExtension>
	</extensions>
</trkpt>
<trkpt lat="47.837018" lon="20.038944">
	<ele>454.66</ele>
	<time>2017-10-14T09:34:39.000Z</time>
	<pdop>3.00</pdop>
	<extensions>
		<gpxtpx:TrackPointExtension>
			<gpxtpx:course>33.3</gpxtpx:course>
		</gpxtpx:TrackPointExtension>
	</extensions>
</trkpt>
<trkpt lat="47.837029" lon="20.038967">
	<ele>454.66</ele>
	<time>2017-10-14T09:34:49.919Z</time>
	<pdop>3.00</pdop>
	<extensions>
		<gpxtpx:TrackPointExtension>
			<gpxtpx:course>33.3</gpxtpx:course>
		</gpxtpx:TrackPointExtension>
	</extensions>
</trkpt>
<trkpt lat="47.837074" lon="20.039027">
	<ele>456.14</ele>
	<time>2017-10-14T09:34:59.000Z</time>
	<pdop>3.00</pdop>
	<extensions>
		<gpxtpx:TrackPointExtension>
			<gpxtpx:course>33.3</gpxtpx:course>
		</gpxtpx:TrackPointExtension>
	</extensions>
</trkpt>
<trkpt lat="47.837089" lon="20.039072">
	<ele>458.34</ele>
	<time>2017-10-14T09:35:08.462Z</time>
	<pdop>4.00</pdop>
	<extensions>
		<gpxtpx:TrackPointExtension>
			<gpxtpx:course>33.3</gpxtpx:course>
		</gpxtpx:TrackPointExtension>
	</extensions>
</trkpt>
<trkpt lat="47.837064" lon="20.039112">
	<ele>458.41</ele>
	<time>2017-10-14T09:35:18.000Z</time>
	<pdop>4.00</pdop>
	<extensions>
		<gpxtpx:TrackPointExtension>
			<gpxtpx:course>33.3</gpxtpx:course>
		</gpxtpx:TrackPointExtension>
	</extensions>
</trkpt>
<trkpt lat="47.837053" lon="20.039100">
	<ele>458.16</ele>
	<time>2017-10-14T09:35:30.421Z</time>
	<pdop>3.00</pdop>
	<extensions>
		<gpxtpx:TrackPointExtension>
			<gpxtpx:course>33.3</gpxtpx:course>
		</gpxtpx:TrackPointExtension>
	</extensions>
</trkpt>
<trkpt lat="47.837056" lon="20.039169">
	<ele>459.69</ele>
	<time>2017-10-14T09:35:40.000Z</time>
	<pdop>3.00</pdop>
	<extensions>
		<gpxtpx:TrackPointExtension>
			<gpxtpx:course>33.3</gpxtpx:course>
		</gpxtpx:TrackPointExtension>
	</extensions>
</trkpt>
<trkpt lat="47.837059" lon="20.039186">
	<ele>461.20</ele>
	<time>2017-10-14T09:36:06.000Z</time>
	<pdop>3.00</pdop>
	<extensions>
		<gpxtpx:TrackPointExtension>
			<gpxtpx:course>33.3</gpxtpx:course>
		</gpxtpx:TrackPointExtension>
	</extensions>
</trkpt>
<trkpt lat="47.837076" lon="20.039188">
	<ele>461.41</ele>
	<time>2017-10-14T09:36:16.000Z</time>
	<pdop>4.00</pdop>
	<extensions>
		<gpxtpx:TrackPointExtension>
			<gpxtpx:course>33.3</gpxtpx:course>
		</gpxtpx:TrackPointExtension>
	</extensions>
</trkpt>
<trkpt lat="47.837089" lon="20.039193">
	<ele>461.41</ele>
	<time>2017-10-14T09:36:26.000Z</time>
	<pdop>3.00</pdop>
	<extensions>
		<gpxtpx:TrackPointExtension>
			<gpxtpx:course>33.3</gpxtpx:course>
		</gpxtpx:TrackPointExtension>
	</extensions>
</trkpt>
<trkpt lat="47.837098" lon="20.039233">
	<ele>460.41</ele>
	<time>2017-10-14T09:36:36.000Z</time>
	<pdop>3.00</pdop>
	<extensions>
		<gpxtpx:TrackPointExtension>
			<gpxtpx:course>33.3</gpxtpx:course>
		</gpxtpx:TrackPointExtension>
	</extensions>
</trkpt>
<trkpt lat="47.837098" lon="20.039270">
	<ele>460.07</ele>
	<time>2017-10-14T09:36:46.000Z</time>
	<pdop>3.00</pdop>
	<extensions>
		<gpxtpx:TrackPointExtension>
			<gpxtpx:course>33.3</gpxtpx:course>
		</gpxtpx:TrackPointExtension>
	</extensions>
</trkpt>
<trkpt lat="47.837083" lon="20.039293">
	<ele>458.38</ele>
	<time>2017-10-14T09:36:56.000Z</time>
	<pdop>3.00</pdop>
	<extensions>
		<gpxtpx:TrackPointExtension>
			<gpxtpx:course>33.3</gpxtpx:course>
		</gpxtpx:TrackPointExtension>
	</extensions>
</trkpt>
<trkpt lat="47.837093" lon="20.039338">
	<ele>456.86</ele>
	<time>2017-10-14T09:37:06.000Z</time>
	<pdop>3.00</pdop>
	<extensions>
		<gpxtpx:TrackPointExtension>
			<gpxtpx:course>33.3</gpxtpx:course>
		</gpxtpx:TrackPointExtension>
	</extensions>
</trkpt>
<trkpt lat="47.837095" lon="20.039373">
	<ele>454.79</ele>
	<time>2017-10-14T09:37:16.000Z</time>
	<pdop>3.00</pdop>
	<extensions>
		<gpxtpx:TrackPointExtension>
			<gpxtpx:course>33.3</gpxtpx:course>
		</gpxtpx:TrackPointExtension>
	</extensions>
</trkpt>
<trkpt lat="47.837062" lon="20.039370">
	<ele>453.41</ele>
	<time>2017-10-14T09:37:26.495Z</time>
	<pdop>3.00</pdop>
	<extensions>
		<gpxtpx:TrackPointExtension>
			<gpxtpx:course>33.3</gpxtpx:course>
		</gpxtpx:TrackPointExtension>
	</extensions>
</trkpt>
<trkpt lat="47.837046" lon="20.039367">
	<ele>452.42</ele>
	<time>2017-10-14T09:37:36.000Z</time>
	<pdop>4.00</pdop>
	<extensions>
		<gpxtpx:TrackPointExtension>
			<gpxtpx:course>33.3</gpxtpx:course>
		</gpxtpx:TrackPointExtension>
	</extensions>
</trkpt>
<trkpt lat="47.837041" lon="20.039382">
	<ele>453.40</ele>
	<time>2017-10-14T09:37:48.462Z</time>
	<pdop>3.00</pdop>
	<extensions>
		<gpxtpx:TrackPointExtension>
			<gpxtpx:course>33.3</gpxtpx:course>
		</gpxtpx:TrackPointExtension>
	</extensions>
</trkpt>
<trkpt lat="47.837050" lon="20.039380">
	<ele>453.44</ele>
	<time>2017-10-14T09:42:01.000Z</time>
	<pdop>3.00</pdop>
	<extensions>
		<gpxtpx:TrackPointExtension>
			<gpxtpx:course>33.3</gpxtpx:course>
		</gpxtpx:TrackPointExtension>
	</extensions>
</trkpt>
<trkpt lat="47.837039" lon="20.039394">
	<ele>453.40</ele>
	<time>2017-10-14T09:42:11.000Z</time>
	<pdop>4.00</pdop>
	<extensions>
		<gpxtpx:TrackPointExtension>
			<gpxtpx:course>33.3</gpxtpx:course>
		</gpxtpx:TrackPointExtension>
	</extensions>
</trkpt>
<trkpt lat="47.837043" lon="20.039418">
	<ele>453.41</ele>
	<time>2017-10-14T09:42:21.000Z</time>
	<pdop>3.00</pdop>
	<extensions>
		<gpxtpx:TrackPointExtension>
			<gpxtpx:course>33.3</gpxtpx:course>
		</gpxtpx:TrackPointExtension>
	</extensions>
</trkpt>
<trkpt lat="47.837024" lon="20.039427">
	<ele>453.31</ele>
	<time>2017-10-14T09:42:30.350Z</time>
	<pdop>3.00</pdop>
	<extensions>
		<gpxtpx:TrackPointExtension>
			<gpxtpx:course>33.3</gpxtpx:course>
		</gpxtpx:TrackPointExtension>
	</extensions>
</trkpt>
<trkpt lat="47.837038" lon="20.039422">
	<ele>452.50</ele>
	<time>2017-10-14T09:42:40.000Z</time>
	<pdop>3.00</pdop>
	<extensions>
		<gpxtpx:TrackPointExtension>
			<gpxtpx:course>33.3</gpxtpx:course>
		</gpxtpx:TrackPointExtension>
	</extensions>
</trkpt>
<trkpt lat="47.837047" lon="20.039417">
	<ele>453.41</ele>
	<time>2017-10-14T09:43:00.000Z</time>
	<pdop>3.00</pdop>
	<extensions>
		<gpxtpx:TrackPointExtension>
			<gpxtpx:course>33.3</gpxtpx:course>
		</gpxtpx:TrackPointExtension>
	</extensions>
</trkpt>
<trkpt lat="47.837071" lon="20.039401">
	<ele>454.15</ele>
	<time>2017-10-14T09:43:10.000Z</time>
	<pdop>3.00</pdop>
	<extensions>
		<gpxtpx:TrackPointExtension>
			<gpxtpx:course>33.3</gpxtpx:course>
		</gpxtpx:TrackPointExtension>
	</extensions>
</trkpt>
<trkpt lat="47.837078" lon="20.039347">
	<ele>454.45</ele>
	<time>2017-10-14T09:43:20.000Z</time>
	<pdop>4.00</pdop>
	<extensions>
		<gpxtpx:TrackPointExtension>
			<gpxtpx:course>33.3</gpxtpx:course>
		</gpxtpx:TrackPointExtension>
	</extensions>
</trkpt>
<trkpt lat="47.837104" lon="20.039302">
	<ele>455.01</ele>
	<time>2017-10-14T09:43:29.017Z</time>
	<pdop>4.00</pdop>
	<extensions>
		<gpxtpx:TrackPointExtension>
			<gpxtpx:course>33.3</gpxtpx:course>
		</gpxtpx:TrackPointExtension>
	</extensions>
</trkpt>
<trkpt lat="47.837101" lon="20.039201">
	<ele>455.44</ele>
	<time>2017-10-14T09:43:39.000Z</time>
	<pdop>3.00</pdop>
	<extensions>
		<gpxtpx:TrackPointExtension>
			<gpxtpx:course>33.3</gpxtpx:course>
		</gpxtpx:TrackPointExtension>
	</extensions>
</trkpt>
<trkpt lat="47.837089" lon="20.039168">
	<ele>459.36</ele>
	<time>2017-10-14T09:43:50.000Z</time>
	<pdop>3.00</pdop>
	<extensions>
		<gpxtpx:TrackPointExtension>
			<gpxtpx:course>33.3</gpxtpx:course>
		</gpxtpx:TrackPointExtension>
	</extensions>
</trkpt>
<trkpt lat="47.837084" lon="20.039155">
	<ele>459.41</ele>
	<time>2017-10-14T09:44:02.000Z</time>
	<pdop>3.00</pdop>
	<extensions>
		<gpxtpx:TrackPointExtension>
			<gpxtpx:course>33.3</gpxtpx:course>
		</gpxtpx:TrackPointExtension>
	</extensions>
</trkpt>
<trkpt lat="47.837099" lon="20.039150">
	<ele>459.38</ele>
	<time>2017-10-14T09:46:47.330Z</time>
	<pdop>3.00</pdop>
	<extensions>
		<gpxtpx:TrackPointExtension>
			<gpxtpx:course>33.3</gpxtpx:course>
		</gpxtpx:TrackPointExtension>
	</extensions>
</trkpt>
<trkpt lat="47.837111" lon="20.039139">
	<ele>459.86</ele>
	<time>2017-10-14T09:46:57.000Z</time>
	<pdop>3.00</pdop>
	<extensions>
		<gpxtpx:TrackPointExtension>
			<gpxtpx:course>33.3</gpxtpx:course>
		</gpxtpx:TrackPointExtension>
	</extensions>
</trkpt>
<trkpt lat="47.837101" lon="20.039137">
	<ele>460.42</ele>
	<time>2017-10-14T09:47:12.000Z</time>
	<pdop>3.00</pdop>
	<extensions>
		<gpxtpx:TrackPointExtension>
			<gpxtpx:course>33.3</gpxtpx:course>
		</gpxtpx:TrackPointExtension>
	</extensions>
</trkpt>
<trkpt lat="47.837092" lon="20.039138">
	<ele>460.41</ele>
	<time>2017-10-14T09:48:10.000Z</time>
	<pdop>4.00</pdop>
	<extensions>
		<gpxtpx:TrackPointExtension>
			<gpxtpx:course>33.3</gpxtpx:course>
		</gpxtpx:TrackPointExtension>
	</extensions>
</trkpt>
<trkpt lat="47.837077" lon="20.039122">
	<ele>460.28</ele>
	<time>2017-10-14T09:48:20.556Z</time>
	<pdop>3.00</pdop>
	<extensions>
		<gpxtpx:TrackPointExtension>
			<gpxtpx:course>33.3</gpxtpx:course>
		</gpxtpx:TrackPointExtension>
	</extensions>
</trkpt>
<trkpt lat="47.837077" lon="20.039136">
	<ele>460.40</ele>
	<time>2017-10-14T09:48:57.000Z</time>
	<pdop>3.00</pdop>
	<extensions>
		<gpxtpx:TrackPointExtension>
			<gpxtpx:course>33.3</gpxtpx:course>
		</gpxtpx:TrackPointExtension>
	</extensions>
</trkpt>
<trkpt lat="47.837075" lon="20.039150">
	<ele>460.41</ele>
	<time>2017-10-14T09:49:07.000Z</time>
	<pdop>3.00</pdop>
	<extensions>
		<gpxtpx:TrackPointExtension>
			<gpxtpx:course>33.3</gpxtpx:course>
		</gpxtpx:TrackPointExtension>
	</extensions>
</trkpt>
<trkpt lat="47.837079" lon="20.039135">
	<ele>460.27</ele>
	<time>2017-10-14T09:49:19.000Z</time>
	<pdop>3.00</pdop>
	<extensions>
		<gpxtpx:TrackPointExtension>
			<gpxtpx:course>33.3</gpxtpx:course>
		</gpxtpx:TrackPointExtension>
	</extensions>
</trkpt>
<trkpt lat="47.837077" lon="20.039105">
	<ele>460.41</ele>
	<time>2017-10-14T09:49:29.000Z</time>
	<pdop>4.00</pdop>
	<extensions>
		<gpxtpx:TrackPointExtension>
			<gpxtpx:course>33.3</gpxtpx:course>
		</gpxtpx:TrackPointExtension>
	</extensions>
</trkpt>
<trkpt lat="47.837057" lon="20.039088">
	<ele>460.00</ele>
	<time>2017-10-14T09:49:39.536Z</time>
	<pdop>3.00</pdop>
	<extensions>
		<gpxtpx:TrackPointExtension>
			<gpxtpx:course>33.3</gpxtpx:course>
		</gpxtpx:TrackPointExtension>
	</extensions>
</trkpt>
<trkpt lat="47.837007" lon="20.039085">
	<ele>459.41</ele>
	<time>2017-10-14T09:49:49.000Z</time>
	<pdop>4.00</pdop>
	<extensions>
		<gpxtpx:TrackPointExtension>
			<gpxtpx:course>176.9</gpxtpx:course>
		</gpxtpx:TrackPointExtension>
	</extensions>
</trkpt>
<trkpt lat="47.837003" lon="20.039064">
	<ele>459.58</ele>
	<time>2017-10-14T09:49:59.000Z</time>
	<pdop>3.00</pdop>
	<extensions>
		<gpxtpx:TrackPointExtension>
			<gpxtpx:course>176.9</gpxtpx:course>
		</gpxtpx:TrackPointExtension>
	</extensions>
</trkpt>
<trkpt lat="47.837013" lon="20.039003">
	<ele>458.47</ele>
	<time>2017-10-14T09:50:09.000Z</time>
	<pdop>3.00</pdop>
	<extensions>
		<gpxtpx:TrackPointExtension>
			<gpxtpx:course>275.2</gpxtpx:course>
		</gpxtpx:TrackPointExtension>
	</extensions>
</trkpt>
<trkpt lat="47.837007" lon="20.039015">
	<ele>457.41</ele>
	<time>2017-10-14T09:50:37.000Z</time>
	<pdop>3.00</pdop>
	<extensions>
		<gpxtpx:TrackPointExtension>
			<gpxtpx:course>275.2</gpxtpx:course>
		</gpxtpx:TrackPointExtension>
	</extensions>
</trkpt>
<trkpt lat="47.837007" lon="20.039029">
	<ele>458.41</ele>
	<time>2017-10-14T09:50:51.893Z</time>
	<pdop>3.00</pdop>
	<extensions>
		<gpxtpx:TrackPointExtension>
			<gpxtpx:course>275.2</gpxtpx:course>
		</gpxtpx:TrackPointExtension>
	</extensions>
</trkpt>
<trkpt lat="47.837001" lon="20.039042">
	<ele>459.51</ele>
	<time>2017-10-14T09:52:14.000Z</time>
	<pdop>3.00</pdop>
	<extensions>
		<gpxtpx:TrackPointExtension>
			<gpxtpx:course>275.2</gpxtpx:course>
		</gpxtpx:TrackPointExtension>
	</extensions>
</trkpt>
<trkpt lat="47.836989" lon="20.039071">
	<ele>460.26</ele>
	<time>2017-10-14T09:52:24.000Z</time>
	<pdop>4.00</pdop>
	<extensions>
		<gpxtpx:TrackPointExtension>
			<gpxtpx:course>275.2</gpxtpx:course>
		</gpxtpx:TrackPointExtension>
	</extensions>
</trkpt>
<trkpt lat="47.836974" lon="20.039035">
	<ele>460.09</ele>
	<time>2017-10-14T09:52:36.534Z</time>
	<pdop>3.00</pdop>
	<extensions>
		<gpxtpx:TrackPointExtension>
			<gpxtpx:course>275.2</gpxtpx:course>
		</gpxtpx:TrackPointExtension>
	</extensions>
</trkpt>
<trkpt lat="47.836927" lon="20.038952">
	<ele>458.41</ele>
	<time>2017-10-14T09:52:46.000Z</time>
	<pdop>3.00</pdop>
	<extensions>
		<gpxtpx:TrackPointExtension>
			<gpxtpx:course>244.5</gpxtpx:course>
		</gpxtpx:TrackPointExtension>
	</extensions>
</trkpt>
<trkpt lat="47.836891" lon="20.038902">
	<ele>457.41</ele>
	<time>2017-10-14T09:52:55.780Z</time>
	<pdop>3.00</pdop>
	<extensions>
		<gpxtpx:TrackPointExtension>
			<gpxtpx:course>230.5</gpxtpx:course>
		</gpxtpx:TrackPointExtension>
	</extensions>
</trkpt>
<trkpt lat="47.836860" lon="20.039014">
	<ele>459.56</ele>
	<time>2017-10-14T09:53:05.000Z</time>
	<pdop>3.00</pdop>
	<extensions>
		<gpxtpx:TrackPointExtension>
			<gpxtpx:course>111.8</gpxtpx:course>
		</gpxtpx:TrackPointExtension>
	</extensions>
</trkpt>
<trkpt lat="47.836836" lon="20.039077">
	<ele>458.88</ele>
	<time>2017-10-14T09:53:15.847Z</time>
	<pdop>3.00</pdop>
	<extensions>
		<gpxtpx:TrackPointExtension>
			<gpxtpx:course>159.6</gpxtpx:course>
		</gpxtpx:TrackPointExtension>
	</extensions>
</trkpt>
<trkpt lat="47.836870" lon="20.039005">
	<ele>460.19</ele>
	<time>2017-10-14T09:53:25.000Z</time>
	<pdop>4.00</pdop>
	<extensions>
		<gpxtpx:TrackPointExtension>
			<gpxtpx:course>294.8</gpxtpx:course>
		</gpxtpx:TrackPointExtension>
	</extensions>
</trkpt>
<trkpt lat="47.836896" lon="20.038917">
	<ele>459.42</ele>
	<time>2017-10-14T09:53:37.721Z</time>
	<pdop>4.00</pdop>
	<extensions>
		<gpxtpx:TrackPointExtension>
			<gpxtpx:course>302.2</gpxtpx:course>
		</gpxtpx:TrackPointExtension>
	</extensions>
</trkpt>
<trkpt lat="47.836905" lon="20.038868">
	<ele>460.41</ele>
	<time>2017-10-14T09:53:47.000Z</time>
	<pdop>3.00</pdop>
	<extensions>
		<gpxtpx:TrackPointExtension>
			<gpxtpx:course>302.2</gpxtpx:course>
		</gpxtpx:TrackPointExtension>
	</extensions>
</trkpt>
<trkpt lat="47.836907" lon="20.038851">
	<ele>458.60</ele>
	<time>2017-10-14T09:54:06.000Z</time>
	<pdop>4.00</pdop>
	<extensions>
		<gpxtpx:TrackPointExtension>
			<gpxtpx:course>302.2</gpxtpx:course>
		</gpxtpx:TrackPointExtension>
	</extensions>
</trkpt>
<trkpt lat="47.836921" lon="20.038811">
	<ele>460.09</ele>
	<time>2017-10-14T09:54:16.704Z</time>
	<pdop>3.00</pdop>
	<extensions>
		<gpxtpx:TrackPointExtension>
			<gpxtpx:course>302.2</gpxtpx:course>
		</gpxtpx:TrackPointExtension>
	</extensions>
</trkpt>
<trkpt lat="47.836913" lon="20.038820">
	<ele>459.41</ele>
	<time>2017-10-14T09:54:27.000Z</time>
	<pdop>3.00</pdop>
	<extensions>
		<gpxtpx:TrackPointExtension>
			<gpxtpx:course>302.2</gpxtpx:course>
		</gpxtpx:TrackPointExtension>
	</extensions>
</trkpt>
<trkpt lat="47.836906" lon="20.038834">
	<ele>459.41</ele>
	<time>2017-10-14T09:54:49.000Z</time>
	<pdop>3.00</pdop>
	<extensions>
		<gpxtpx:TrackPointExtension>
			<gpxtpx:course>302.2</gpxtpx:course>
		</gpxtpx:TrackPointExtension>
	</extensions>
</trkpt>
<trkpt lat="47.836903" lon="20.038851">
	<ele>458.44</ele>
	<time>2017-10-14T09:54:59.000Z</time>
	<pdop>3.00</pdop>
	<extensions>
		<gpxtpx:TrackPointExtension>
			<gpxtpx:course>302.2</gpxtpx:course>
		</gpxtpx:TrackPointExtension>
	</extensions>
</trkpt>
<trkpt lat="47.836913" lon="20.038954">
	<ele>459.91</ele>
	<time>2017-10-14T09:55:09.000Z</time>
	<pdop>4.00</pdop>
	<extensions>
		<gpxtpx:TrackPointExtension>
			<gpxtpx:course>42.9</gpxtpx:course>
		</gpxtpx:TrackPointExtension>
	</extensions>
</trkpt>
<trkpt lat="47.836962" lon="20.039057">
	<ele>460.18</ele>
	<time>2017-10-14T09:55:19.495Z</time>
	<pdop>4.00</pdop>
	<extensions>
		<gpxtpx:TrackPointExtension>
			<gpxtpx:course>53.0</gpxtpx:course>
		</gpxtpx:TrackPointExtension>
	</extensions>
</trkpt>
<trkpt lat="47.837057" lon="20.039142">
	<ele>462.33</ele>
	<time>2017-10-14T09:55:29.000Z</time>
	<pdop>4.00</pdop>
	<extensions>
		<gpxtpx:TrackPointExtension>
			<gpxtpx:course>28.6</gpxtpx:course>
		</gpxtpx:TrackPointExtension>
	</extensions>
</trkpt>
<trkpt lat="47.837063" lon="20.039128">
	<ele>462.41</ele>
	<time>2017-10-14T09:55:39.000Z</time>
	<pdop>3.00</pdop>
	<extensions>
		<gpxtpx:TrackPointExtension>
			<gpxtpx:course>48.0</gpxtpx:course>
		</gpxtpx:TrackPointExtension>
	</extensions>
</trkpt>
<trkpt lat="47.837071" lon="20.039117">
	<ele>464.26</ele>
	<time>2017-10-14T09:55:59.000Z</time>
	<pdop>3.00</pdop>
	<extensions>
		<gpxtpx:TrackPointExtension>
			<gpxtpx:course>48.0</gpxtpx:course>
		</gpxtpx:TrackPointExtension>
	</extensions>
</trkpt>
<trkpt lat="47.837073" lon="20.039132">
	<ele>464.41</ele>
	<time>2017-10-14T09:56:09.000Z</time>
	<pdop>3.00</pdop>
	<extensions>
		<gpxtpx:TrackPointExtension>
			<gpxtpx:course>48.0</gpxtpx:course>
		</gpxtpx:TrackPointExtension>
	</extensions>
</trkpt>
<trkpt lat="47.837075" lon="20.039169">
	<ele>463.41</ele>
	<time>2017-10-14T09:56:21.782Z</time>
	<pdop>3.00</pdop>
	<extensions>
		<gpxtpx:TrackPointExtension>
			<gpxtpx:course>48.0</gpxtpx:course>
		</gpxtpx:TrackPointExtension>
	</extensions>
</trkpt>
<trkpt lat="47.837086" lon="20.039166">
	<ele>463.78</ele>
	<time>2017-10-14T09:57:22.600Z</time>
	<pdop>3.00</pdop>
	<extensions>
		<gpxtpx:TrackPointExtension>
			<gpxtpx:course>48.0</gpxtpx:course>
		</gpxtpx:TrackPointExtension>
	</extensions>
</trkpt>
<trkpt lat="47.837086" lon="20.039152">
	<ele>463.41</ele>
	<time>2017-10-14T09:57:33.000Z</time>
	<pdop>3.00</pdop>
	<extensions>
		<gpxtpx:TrackPointExtension>
			<gpxtpx:course>48.0</gpxtpx:course>
		</gpxtpx:TrackPointExtension>
	</extensions>
</trkpt>
<trkpt lat="47.837096" lon="20.039138">
	<ele>463.50</ele>
	<time>2017-10-14T09:57:43.000Z</time>
	<pdop>3.00</pdop>
	<extensions>
		<gpxtpx:TrackPointExtension>
			<gpxtpx:course>48.0</gpxtpx:course>
		</gpxtpx:TrackPointExtension>
	</extensions>
</trkpt>
<trkpt lat="47.837091" lon="20.039126">
	<ele>463.41</ele>
	<time>2017-10-14T09:57:58.790Z</time>
	<pdop>4.00</pdop>
	<extensions>
		<gpxtpx:TrackPointExtension>
			<gpxtpx:course>48.0</gpxtpx:course>
		</gpxtpx:TrackPointExtension>
	</extensions>
</trkpt>
<trkpt lat="47.837082" lon="20.039131">
	<ele>462.53</ele>
	<time>2017-10-14T09:58:22.000Z</time>
	<pdop>3.00</pdop>
	<extensions>
		<gpxtpx:TrackPointExtension>
			<gpxtpx:course>48.0</gpxtpx:course>
		</gpxtpx:TrackPointExtension>
	</extensions>
</trkpt>
<trkpt lat="47.837081" lon="20.039145">
	<ele>462.41</ele>
	<time>2017-10-14T09:58:32.000Z</time>
	<pdop>3.00</pdop>
	<extensions>
		<gpxtpx:TrackPointExtension>
			<gpxtpx:course>48.0</gpxtpx:course>
		</gpxtpx:TrackPointExtension>
	</extensions>
</trkpt>
<trkpt lat="47.837081" lon="20.039128">
	<ele>462.39</ele>
	<time>2017-10-14T09:59:18.645Z</time>
	<pdop>3.00</pdop>
	<extensions>
		<gpxtpx:TrackPointExtension>
			<gpxtpx:course>48.0</gpxtpx:course>
		</gpxtpx:TrackPointExtension>
	</extensions>
</trkpt>
<trkpt lat="47.837084" lon="20.039141">
	<ele>461.73</ele>
	<time>2017-10-14T10:00:25.000Z</time>
	<pdop>3.00</pdop>
	<extensions>
		<gpxtpx:TrackPointExtension>
			<gpxtpx:course>48.0</gpxtpx:course>
		</gpxtpx:TrackPointExtension>
	</extensions>
</trkpt>
<trkpt lat="47.837076" lon="20.039147">
	<ele>462.75</ele>
	<time>2017-10-14T10:00:57.000Z</time>
	<pdop>3.00</pdop>
	<extensions>
		<gpxtpx:TrackPointExtension>
			<gpxtpx:course>48.0</gpxtpx:course>
		</gpxtpx:TrackPointExtension>
	</extensions>
</trkpt>
<trkpt lat="47.837087" lon="20.039136">
	<ele>463.41</ele>
	<time>2017-10-14T10:01:31.000Z</time>
	<pdop>3.00</pdop>
	<extensions>
		<gpxtpx:TrackPointExtension>
			<gpxtpx:course>48.0</gpxtpx:course>
		</gpxtpx:TrackPointExtension>
	</extensions>
</trkpt>
<trkpt lat="47.837090" lon="20.039106">
	<ele>461.46</ele>
	<time>2017-10-14T10:01:41.000Z</time>
	<pdop>3.00</pdop>
	<extensions>
		<gpxtpx:TrackPointExtension>
			<gpxtpx:course>48.0</gpxtpx:course>
		</gpxtpx:TrackPointExtension>
	</extensions>
</trkpt>
<trkpt lat="47.837100" lon="20.039115">
	<ele>461.00</ele>
	<time>2017-10-14T10:01:51.000Z</time>
	<pdop>3.00</pdop>
	<extensions>
		<gpxtpx:TrackPointExtension>
			<gpxtpx:course>48.0</gpxtpx:course>
		</gpxtpx:TrackPointExtension>
	</extensions>
</trkpt>
<trkpt lat="47.837111" lon="20.039106">
	<ele>461.75</ele>
	<time>2017-10-14T10:02:29.000Z</time>
	<pdop>3.00</pdop>
	<extensions>
		<gpxtpx:TrackPointExtension>
			<gpxtpx:course>48.0</gpxtpx:course>
		</gpxtpx:TrackPointExtension>
	</extensions>
</trkpt>
<trkpt lat="47.837139" lon="20.039112">
	<ele>461.41</ele>
	<time>2017-10-14T10:02:39.231Z</time>
	<pdop>3.00</pdop>
	<extensions>
		<gpxtpx:TrackPointExtension>
			<gpxtpx:course>48.0</gpxtpx:course>
		</gpxtpx:TrackPointExtension>
	</extensions>
</trkpt>
<trkpt lat="47.837172" lon="20.039162">
	<ele>459.41</ele>
	<time>2017-10-14T10:02:49.000Z</time>
	<pdop>4.00</pdop>
	<extensions>
		<gpxtpx:TrackPointExtension>
			<gpxtpx:course>48.0</gpxtpx:course>
		</gpxtpx:TrackPointExtension>
	</extensions>
</trkpt>
<trkpt lat="47.837204" lon="20.039182">
	<ele>459.32</ele>
	<time>2017-10-14T10:02:58.089Z</time>
	<pdop>3.00</pdop>
	<extensions>
		<gpxtpx:TrackPointExtension>
			<gpxtpx:course>48.0</gpxtpx:course>
		</gpxtpx:TrackPointExtension>
	</extensions>
</trkpt>
<trkpt lat="47.837203" lon="20.039249">
	<ele>459.41</ele>
	<time>2017-10-14T10:03:08.000Z</time>
	<pdop>3.00</pdop>
	<extensions>
		<gpxtpx:TrackPointExtension>
			<gpxtpx:course>48.0</gpxtpx:course>
		</gpxtpx:TrackPointExtension>
	</extensions>
</trkpt>
<trkpt lat="47.837207" lon="20.039262">
	<ele>460.41</ele>
	<time>2017-10-14T10:03:19.157Z</time>
	<pdop>3.00</pdop>
	<extensions>
		<gpxtpx:TrackPointExtension>
			<gpxtpx:course>48.0</gpxtpx:course>
		</gpxtpx:TrackPointExtension>
	</extensions>
</trkpt>
<trkpt lat="47.837207" lon="20.039276">
	<ele>459.94</ele>
	<time>2017-10-14T10:03:50.000Z</time>
	<pdop>4.00</pdop>
	<extensions>
		<gpxtpx:TrackPointExtension>
			<gpxtpx:course>48.0</gpxtpx:course>
		</gpxtpx:TrackPointExtension>
	</extensions>
</trkpt>
<trkpt lat="47.837239" lon="20.039319">
	<ele>459.76</ele>
	<time>2017-10-14T10:04:00.000Z</time>
	<pdop>3.00</pdop>
	<extensions>
		<gpxtpx:TrackPointExtension>
			<gpxtpx:course>48.0</gpxtpx:course>
		</gpxtpx:TrackPointExtension>
	</extensions>
</trkpt>
<trkpt lat="47.837252" lon="20.039367">
	<ele>458.68</ele>
	<time>2017-10-14T10:04:10.000Z</time>
	<pdop>3.00</pdop>
	<extensions>
		<gpxtpx:TrackPointExtension>
			<gpxtpx:course>48.0</gpxtpx:course>
		</gpxtpx:TrackPointExtension>
	</extensions>
</trkpt>
<trkpt lat="47.837256" lon="20.039381">
	<ele>457.54</ele>
	<time>2017-10-14T10:04:24.000Z</time>
	<pdop>3.00</pdop>
	<extensions>
		<gpxtpx:TrackPointExtension>
			<gpxtpx:course>48.0</gpxtpx:course>
		</gpxtpx:TrackPointExtension>
	</extensions>
</trkpt>
<trkpt lat="47.837271" lon="20.039405">
	<ele>458.41</ele>
	<time>2017-10-14T10:04:34.819Z</time>
	<pdop>3.00</pdop>
	<extensions>
		<gpxtpx:TrackPointExtension>
			<gpxtpx:course>48.0</gpxtpx:course>
		</gpxtpx:TrackPointExtension>
	</extensions>
</trkpt>
<trkpt lat="47.837322" lon="20.039449">
	<ele>458.41</ele>
	<time>2017-10-14T10:04:44.000Z</time>
	<pdop>3.00</pdop>
	<extensions>
		<gpxtpx:TrackPointExtension>
			<gpxtpx:course>48.0</gpxtpx:course>
		</gpxtpx:TrackPointExtension>
	</extensions>
</trkpt>
<trkpt lat="47.837396" lon="20.039480">
	<ele>458.41</ele>
	<time>2017-10-14T10:04:54.000Z</time>
	<pdop>3.00</pdop>
	<extensions>
		<gpxtpx:TrackPointExtension>
			<gpxtpx:course>17.4</gpxtpx:course>
		</gpxtpx:TrackPointExtension>
	</extensions>
</trkpt>
<trkpt lat="47.837460" lon="20.039524">
	<ele>458.41</ele>
	<time>2017-10-14T10:05:04.000Z</time>
	<pdop>3.00</pdop>
	<extensions>
		<gpxtpx:TrackPointExtension>
			<gpxtpx:course>46.1</gpxtpx:course>
		</gpxtpx:TrackPointExtension>
	</extensions>
</trkpt>
<trkpt lat="47.837495" lon="20.039593">
	<ele>458.72</ele>
	<time>2017-10-14T10:05:13.439Z</time>
	<pdop>3.00</pdop>
	<extensions>
		<gpxtpx:TrackPointExtension>
			<gpxtpx:course>51.4</gpxtpx:course>
		</gpxtpx:TrackPointExtension>
	</extensions>
</trkpt>
<trkpt lat="47.837557" lon="20.039689">
	<ele>458.16</ele>
	<time>2017-10-14T10:05:23.000Z</time>
	<pdop>4.00</pdop>
	<extensions>
		<gpxtpx:TrackPointExtension>
			<gpxtpx:course>9.4</gpxtpx:course>
		</gpxtpx:TrackPointExtension>
	</extensions>
</trkpt>
<trkpt lat="47.837589" lon="20.039726">
	<ele>455.61</ele>
	<time>2017-10-14T10:05:33.607Z</time>
	<pdop>4.00</pdop>
	<extensions>
		<gpxtpx:TrackPointExtension>
			<gpxtpx:course>16.4</gpxtpx:course>
		</gpxtpx:TrackPointExtension>
	</extensions>
</trkpt>
<trkpt lat="47.837651" lon="20.039840">
	<ele>455.36</ele>
	<time>2017-10-14T10:05:43.000Z</time>
	<pdop>3.00</pdop>
	<extensions>
		<gpxtpx:TrackPointExtension>
			<gpxtpx:course>42.1</gpxtpx:course>
		</gpxtpx:TrackPointExtension>
	</extensions>
</trkpt>
<trkpt lat="47.837724" lon="20.039881">
	<ele>457.41</ele>
	<time>2017-10-14T10:05:53.000Z</time>
	<pdop>3.00</pdop>
	<extensions>
		<gpxtpx:TrackPointExtension>
			<gpxtpx:course>15.8</gpxtpx:course>
		</gpxtpx:TrackPointExtension>
	</extensions>
</trkpt>
<trkpt lat="47.837735" lon="20.039884">
	<ele>459.16</ele>
	<time>2017-10-14T10:06:04.000Z</time>
	<pdop>3.00</pdop>
	<extensions>
		<gpxtpx:TrackPointExtension>
			<gpxtpx:course>15.8</gpxtpx:course>
		</gpxtpx:TrackPointExtension>
	</extensions>
</trkpt>
<trkpt lat="47.837811" lon="20.039956">
	<ele>454.46</ele>
	<time>2017-10-14T10:06:14.000Z</time>
	<pdop>3.00</pdop>
	<extensions>
		<gpxtpx:TrackPointExtension>
			<gpxtpx:course>14.8</gpxtpx:course>
		</gpxtpx:TrackPointExtension>
	</extensions>
</trkpt>
<trkpt lat="47.837871" lon="20.040003">
	<ele>454.18</ele>
	<time>2017-10-14T10:06:24.000Z</time>
	<pdop>3.00</pdop>
</trkpt>
<trkpt lat="47.837881" lon="20.039991">
	<ele>454.41</ele>
	<time>2017-10-14T10:06:33.493Z</time>
	<pdop>4.00</pdop>
</trkpt>
<trkpt lat="47.837907" lon="20.040031">
	<ele>453.22</ele>
	<time>2017-10-14T10:06:43.000Z</time>
	<pdop>3.00</pdop>
	<extensions>
		<gpxtpx:TrackPointExtension>
			<gpxtpx:course>24.2</gpxtpx:course>
		</gpxtpx:TrackPointExtension>
	</extensions>
</trkpt>
<trkpt lat="47.837943" lon="20.040075">
	<ele>451.16</ele>
	<time>2017-10-14T10:06:53.000Z</time>
	<pdop>3.00</pdop>
</trkpt>
<trkpt lat="47.837953" lon="20.040085">
	<ele>451.41</ele>
	<time>2017-10-14T10:07:03.000Z</time>
	<pdop>3.00</pdop>
</trkpt>
<trkpt lat="47.837983" lon="20.040098">
	<ele>453.15</ele>
	<time>2017-10-14T10:07:13.000Z</time>
	<pdop>3.00</pdop>
	<extensions>
		<gpxtpx:TrackPointExtension>
			<gpxtpx:course>24.2</gpxtpx:course>
		</gpxtpx:TrackPointExtension>
	</extensions>
</trkpt>
<trkpt lat="47.838029" lon="20.040148">
	<ele>453.40</ele>
	<time>2017-10-14T10:07:24.753Z</time>
	<pdop>3.00</pdop>
	<extensions>
		<gpxtpx:TrackPointExtension>
			<gpxtpx:course>24.2</gpxtpx:course>
		</gpxtpx:TrackPointExtension>
	</extensions>
</trkpt>
<trkpt lat="47.838039" lon="20.040226">
	<ele>449.46</ele>
	<time>2017-10-14T10:07:34.000Z</time>
	<pdop>3.00</pdop>
	<extensions>
		<gpxtpx:TrackPointExtension>
			<gpxtpx:course>24.2</gpxtpx:course>
		</gpxtpx:TrackPointExtension>
	</extensions>
</trkpt>
<trkpt lat="47.838040" lon="20.040257">
	<ele>448.53</ele>
	<time>2017-10-14T10:07:44.000Z</time>
	<pdop>3.00</pdop>
</trkpt>
<trkpt lat="47.838045" lon="20.040275">
	<ele>448.46</ele>
	<time>2017-10-14T10:07:53.683Z</time>
	<pdop>3.00</pdop>
</trkpt>
<trkpt lat="47.838033" lon="20.040339">
	<ele>448.41</ele>
	<time>2017-10-14T10:08:03.000Z</time>
	<pdop>4.00</pdop>
	<extensions>
		<gpxtpx:TrackPointExtension>
			<gpxtpx:course>24.2</gpxtpx:course>
		</gpxtpx:TrackPointExtension>
	</extensions>
</trkpt>
<trkpt lat="47.838032" lon="20.040354">
	<ele>448.41</ele>
	<time>2017-10-14T10:08:14.000Z</time>
	<pdop>4.00</pdop>
	<extensions>
		<gpxtpx:TrackPointExtension>
			<gpxtpx:course>24.2</gpxtpx:course>
		</gpxtpx:TrackPointExtension>
	</extensions>
</trkpt>
<trkpt lat="47.838021" lon="20.040387">
	<ele>448.41</ele>
	<time>2017-10-14T10:08:24.000Z</time>
	<pdop>3.00</pdop>
	<extensions>
		<gpxtpx:TrackPointExtension>
			<gpxtpx:course>24.2</gpxtpx:course>
		</gpxtpx:TrackPointExtension>
	</extensions>
</trkpt>
<trkpt lat="47.838026" lon="20.040409">
	<ele>448.66</ele>
	<time>2017-10-14T10:08:35.000Z</time>
	<pdop>4.00</pdop>
	<extensions>
		<gpxtpx:TrackPointExtension>
			<gpxtpx:course>24.2</gpxtpx:course>
		</gpxtpx:TrackPointExtension>
	</extensions>
</trkpt>
<trkpt lat="47.838009" lon="20.040495">
	<ele>447.57</ele>
	<time>2017-10-14T10:08:45.058Z</time>
	<pdop>4.00</pdop>
	<extensions>
		<gpxtpx:TrackPointExtension>
			<gpxtpx:course>24.2</gpxtpx:course>
		</gpxtpx:TrackPointExtension>
	</extensions>
</trkpt>
<trkpt lat="47.837946" lon="20.040573">
	<ele>447.48</ele>
	<time>2017-10-14T10:08:55.000Z</time>
	<pdop>4.00</pdop>
	<extensions>
		<gpxtpx:TrackPointExtension>
			<gpxtpx:course>24.2</gpxtpx:course>
		</gpxtpx:TrackPointExtension>
	</extensions>
</trkpt>
<trkpt lat="47.837888" lon="20.040612">
	<ele>446.41</ele>
	<time>2017-10-14T10:09:05.000Z</time>
	<pdop>4.00</pdop>
	<extensions>
		<gpxtpx:TrackPointExtension>
			<gpxtpx:course>24.2</gpxtpx:course>
		</gpxtpx:TrackPointExtension>
	</extensions>
</trkpt>
<trkpt lat="47.837837" lon="20.040634">
	<ele>447.25</ele>
	<time>2017-10-14T10:09:15.000Z</time>
	<pdop>3.00</pdop>
</trkpt>
<trkpt lat="47.837806" lon="20.040662">
	<ele>446.94</ele>
	<time>2017-10-14T10:09:24.749Z</time>
	<pdop>4.00</pdop>
	<extensions>
		<gpxtpx:TrackPointExtension>
			<gpxtpx:course>148.2</gpxtpx:course>
		</gpxtpx:TrackPointExtension>
	</extensions>
</trkpt>
<trkpt lat="47.837717" lon="20.040769">
	<ele>444.57</ele>
	<time>2017-10-14T10:09:34.000Z</time>
	<pdop>4.00</pdop>
	<extensions>
		<gpxtpx:TrackPointExtension>
			<gpxtpx:course>134.7</gpxtpx:course>
		</gpxtpx:TrackPointExtension>
	</extensions>
</trkpt>
<trkpt lat="47.837693" lon="20.040796">
	<ele>444.41</ele>
	<time>2017-10-14T10:09:44.000Z</time>
	<pdop>4.00</pdop>
	<extensions>
		<gpxtpx:TrackPointExtension>
			<gpxtpx:course>128.8</gpxtpx:course>
		</gpxtpx:TrackPointExtension>
	</extensions>
</trkpt>
<trkpt lat="47.837709" lon="20.040792">
	<ele>443.41</ele>
	<time>2017-10-14T10:09:54.000Z</time>
	<pdop>3.00</pdop>
	<extensions>
		<gpxtpx:TrackPointExtension>
			<gpxtpx:course>128.8</gpxtpx:course>
		</gpxtpx:TrackPointExtension>
	</extensions>
</trkpt>
<trkpt lat="47.837698" lon="20.040796">
	<ele>443.62</ele>
	<time>2017-10-14T10:10:16.000Z</time>
	<pdop>4.00</pdop>
	<extensions>
		<gpxtpx:TrackPointExtension>
			<gpxtpx:course>128.8</gpxtpx:course>
		</gpxtpx:TrackPointExtension>
	</extensions>
</trkpt>
<trkpt lat="47.837654" lon="20.040826">
	<ele>444.35</ele>
	<time>2017-10-14T10:10:26.000Z</time>
	<pdop>3.00</pdop>
	<extensions>
		<gpxtpx:TrackPointExtension>
			<gpxtpx:course>128.8</gpxtpx:course>
		</gpxtpx:TrackPointExtension>
	</extensions>
</trkpt>
<trkpt lat="47.837635" lon="20.040859">
	<ele>444.41</ele>
	<time>2017-10-14T10:10:36.000Z</time>
	<pdop>3.00</pdop>
	<extensions>
		<gpxtpx:TrackPointExtension>
			<gpxtpx:course>128.8</gpxtpx:course>
		</gpxtpx:TrackPointExtension>
	</extensions>
</trkpt>
<trkpt lat="47.837631" lon="20.040877">
	<ele>441.60</ele>
	<time>2017-10-14T10:10:47.000Z</time>
	<pdop>3.00</pdop>
	<extensions>
		<gpxtpx:TrackPointExtension>
			<gpxtpx:course>128.8</gpxtpx:course>
		</gpxtpx:TrackPointExtension>
	</extensions>
</trkpt>
<trkpt lat="47.837639" lon="20.040896">
	<ele>440.55</ele>
	<time>2017-10-14T10:10:57.000Z</time>
	<pdop>3.00</pdop>
	<extensions>
		<gpxtpx:TrackPointExtension>
			<gpxtpx:course>128.8</gpxtpx:course>
		</gpxtpx:TrackPointExtension>
	</extensions>
</trkpt>
<trkpt lat="47.837629" lon="20.040909">
	<ele>439.22</ele>
	<time>2017-10-14T10:11:36.000Z</time>
	<pdop>4.00</pdop>
	<extensions>
		<gpxtpx:TrackPointExtension>
			<gpxtpx:course>128.8</gpxtpx:course>
		</gpxtpx:TrackPointExtension>
	</extensions>
</trkpt>
<trkpt lat="47.837617" lon="20.040909">
	<ele>439.41</ele>
	<time>2017-10-14T10:11:45.557Z</time>
	<pdop>3.00</pdop>
	<extensions>
		<gpxtpx:TrackPointExtension>
			<gpxtpx:course>128.8</gpxtpx:course>
		</gpxtpx:TrackPointExtension>
	</extensions>
</trkpt>
<trkpt lat="47.837599" lon="20.040905">
	<ele>438.47</ele>
	<time>2017-10-14T10:11:55.000Z</time>
	<pdop>4.00</pdop>
	<extensions>
		<gpxtpx:TrackPointExtension>
			<gpxtpx:course>128.8</gpxtpx:course>
		</gpxtpx:TrackPointExtension>
	</extensions>
</trkpt>
<trkpt lat="47.837593" lon="20.040919">
	<ele>438.91</ele>
	<time>2017-10-14T10:12:10.000Z</time>
	<pdop>3.00</pdop>
	<extensions>
		<gpxtpx:TrackPointExtension>
			<gpxtpx:course>128.8</gpxtpx:course>
		</gpxtpx:TrackPointExtension>
	</extensions>
</trkpt>
<trkpt lat="47.837588" lon="20.040903">
	<ele>440.52</ele>
	<time>2017-10-14T10:13:46.000Z</time>
	<pdop>3.00</pdop>
	<extensions>
		<gpxtpx:TrackPointExtension>
			<gpxtpx:course>128.8</gpxtpx:course>
		</gpxtpx:TrackPointExtension>
	</extensions>
</trkpt>
<trkpt lat="47.837581" lon="20.040884">
	<ele>440.67</ele>
	<time>2017-10-14T10:13:55.482Z</time>
	<pdop>4.00</pdop>
	<extensions>
		<gpxtpx:TrackPointExtension>
			<gpxtpx:course>128.8</gpxtpx:course>
		</gpxtpx:TrackPointExtension>
	</extensions>
</trkpt>
<trkpt lat="47.837567" lon="20.040884">
	<ele>441.54</ele>
	<time>2017-10-14T10:14:05.000Z</time>
	<pdop>4.00</pdop>
	<extensions>
		<gpxtpx:TrackPointExtension>
			<gpxtpx:course>128.8</gpxtpx:course>
		</gpxtpx:TrackPointExtension>
	</extensions>
</trkpt>
<trkpt lat="47.837558" lon="20.040884">
	<ele>443.22</ele>
	<time>2017-10-14T10:14:40.000Z</time>
	<pdop>3.00</pdop>
	<extensions>
		<gpxtpx:TrackPointExtension>
			<gpxtpx:course>128.8</gpxtpx:course>
		</gpxtpx:TrackPointExtension>
	</extensions>
</trkpt>
<trkpt lat="47.837519" lon="20.040908">
	<ele>443.49</ele>
	<time>2017-10-14T10:14:49.503Z</time>
	<pdop>4.00</pdop>
	<extensions>
		<gpxtpx:TrackPointExtension>
			<gpxtpx:course>128.8</gpxtpx:course>
		</gpxtpx:TrackPointExtension>
	</extensions>
</trkpt>
<trkpt lat="47.837455" lon="20.040951">
	<ele>442.22</ele>
	<time>2017-10-14T10:14:59.000Z</time>
	<pdop>4.00</pdop>
	<extensions>
		<gpxtpx:TrackPointExtension>
			<gpxtpx:course>128.8</gpxtpx:course>
		</gpxtpx:TrackPointExtension>
	</extensions>
</trkpt>
<trkpt lat="47.837391" lon="20.040996">
	<ele>440.18</ele>
	<time>2017-10-14T10:15:09.000Z</time>
	<pdop>3.00</pdop>
	<extensions>
		<gpxtpx:TrackPointExtension>
			<gpxtpx:course>128.8</gpxtpx:course>
		</gpxtpx:TrackPointExtension>
	</extensions>
</trkpt>
<trkpt lat="47.837350" lon="20.041044">
	<ele>439.35</ele>
	<time>2017-10-14T10:15:19.000Z</time>
	<pdop>4.00</pdop>
	<extensions>
		<gpxtpx:TrackPointExtension>
			<gpxtpx:course>128.8</gpxtpx:course>
		</gpxtpx:TrackPointExtension>
	</extensions>
</trkpt>
<trkpt lat="47.837304" lon="20.041124">
	<ele>436.41</ele>
	<time>2017-10-14T10:15:29.000Z</time>
	<pdop>4.00</pdop>
	<extensions>
		<gpxtpx:TrackPointExtension>
			<gpxtpx:course>128.8</gpxtpx:course>
		</gpxtpx:TrackPointExtension>
	</extensions>
</trkpt>
<trkpt lat="47.837267" lon="20.041166">
	<ele>434.66</ele>
	<time>2017-10-14T10:15:39.000Z</time>
	<pdop>3.00</pdop>
	<extensions>
		<gpxtpx:TrackPointExtension>
			<gpxtpx:course>128.8</gpxtpx:course>
		</gpxtpx:TrackPointExtension>
	</extensions>
</trkpt>
<trkpt lat="47.837246" lon="20.041222">
	<ele>432.67</ele>
	<time>2017-10-14T10:15:50.578Z</time>
	<pdop>3.00</pdop>
	<extensions>
		<gpxtpx:TrackPointExtension>
			<gpxtpx:course>128.8</gpxtpx:course>
		</gpxtpx:TrackPointExtension>
	</extensions>
</trkpt>
<trkpt lat="47.837189" lon="20.041270">
	<ele>432.42</ele>
	<time>2017-10-14T10:16:00.000Z</time>
	<pdop>3.00</pdop>
	<extensions>
		<gpxtpx:TrackPointExtension>
			<gpxtpx:course>128.8</gpxtpx:course>
		</gpxtpx:TrackPointExtension>
	</extensions>
</trkpt>
<trkpt lat="47.837135" lon="20.041298">
	<ele>431.29</ele>
	<time>2017-10-14T10:16:10.000Z</time>
	<pdop>3.00</pdop>
	<extensions>
		<gpxtpx:TrackPointExtension>
			<gpxtpx:course>128.8</gpxtpx:course>
		</gpxtpx:TrackPointExtension>
	</extensions>
</trkpt>
<trkpt lat="47.837088" lon="20.041311">
	<ele>430.40</ele>
	<time>2017-10-14T10:16:20.000Z</time>
	<pdop>3.00</pdop>
	<extensions>
		<gpxtpx:TrackPointExtension>
			<gpxtpx:course>128.8</gpxtpx:course>
		</gpxtpx:TrackPointExtension>
	</extensions>
</trkpt>
<trkpt lat="47.837057" lon="20.041314">
	<ele>430.41</ele>
	<time>2017-10-14T10:16:30.000Z</time>
	<pdop>3.00</pdop>
	<extensions>
		<gpxtpx:TrackPointExtension>
			<gpxtpx:course>128.8</gpxtpx:course>
		</gpxtpx:TrackPointExtension>
	</extensions>
</trkpt>
<trkpt lat="47.837022" lon="20.041340">
	<ele>430.29</ele>
	<time>2017-10-14T10:16:41.662Z</time>
	<pdop>4.00</pdop>
	<extensions>
		<gpxtpx:TrackPointExtension>
			<gpxtpx:course>128.8</gpxtpx:course>
		</gpxtpx:TrackPointExtension>
	</extensions>
</trkpt>
<trkpt lat="47.837002" lon="20.041338">
	<ele>429.41</ele>
	<time>2017-10-14T10:16:51.000Z</time>
	<pdop>3.00</pdop>
	<extensions>
		<gpxtpx:TrackPointExtension>
			<gpxtpx:course>128.8</gpxtpx:course>
		</gpxtpx:TrackPointExtension>
	</extensions>
</trkpt>
<trkpt lat="47.836971" lon="20.041349">
	<ele>428.35</ele>
	<time>2017-10-14T10:17:01.000Z</time>
	<pdop>4.00</pdop>
	<extensions>
		<gpxtpx:TrackPointExtension>
			<gpxtpx:course>128.8</gpxtpx:course>
		</gpxtpx:TrackPointExtension>
	</extensions>
</trkpt>
<trkpt lat="47.836930" lon="20.041337">
	<ele>428.41</ele>
	<time>2017-10-14T10:17:11.000Z</time>
	<pdop>4.00</pdop>
	<extensions>
		<gpxtpx:TrackPointExtension>
			<gpxtpx:course>128.8</gpxtpx:course>
		</gpxtpx:TrackPointExtension>
	</extensions>
</trkpt>
<trkpt lat="47.836866" lon="20.041342">
	<ele>427.45</ele>
	<time>2017-10-14T10:17:21.000Z</time>
	<pdop>4.00</pdop>
	<extensions>
		<gpxtpx:TrackPointExtension>
			<gpxtpx:course>128.8</gpxtpx:course>
		</gpxtpx:TrackPointExtension>
	</extensions>
</trkpt>
<trkpt lat="47.836808" lon="20.041315">
	<ele>424.68</ele>
	<time>2017-10-14T10:17:31.000Z</time>
	<pdop>4.00</pdop>
	<extensions>
		<gpxtpx:TrackPointExtension>
			<gpxtpx:course>128.8</gpxtpx:course>
		</gpxtpx:TrackPointExtension>
	</extensions>
</trkpt>
<trkpt lat="47.836770" lon="20.041310">
	<ele>423.43</ele>
	<time>2017-10-14T10:17:40.525Z</time>
	<pdop>4.00</pdop>
	<extensions>
		<gpxtpx:TrackPointExtension>
			<gpxtpx:course>128.8</gpxtpx:course>
		</gpxtpx:TrackPointExtension>
	</extensions>
</trkpt>
<trkpt lat="47.836711" lon="20.041258">
	<ele>422.60</ele>
	<time>2017-10-14T10:17:50.000Z</time>
	<pdop>4.00</pdop>
	<extensions>
		<gpxtpx:TrackPointExtension>
			<gpxtpx:course>128.8</gpxtpx:course>
		</gpxtpx:TrackPointExtension>
	</extensions>
</trkpt>
<trkpt lat="47.836655" lon="20.041204">
	<ele>421.41</ele>
	<time>2017-10-14T10:18:00.000Z</time>
	<pdop>3.00</pdop>
	<extensions>
		<gpxtpx:TrackPointExtension>
			<gpxtpx:course>128.8</gpxtpx:course>
		</gpxtpx:TrackPointExtension>
	</extensions>
</trkpt>
<trkpt lat="47.836635" lon="20.041154">
	<ele>421.41</ele>
	<time>2017-10-14T10:18:10.000Z</time>
	<pdop>3.00</pdop>
	<extensions>
		<gpxtpx:TrackPointExtension>
			<gpxtpx:course>128.8</gpxtpx:course>
		</gpxtpx:TrackPointExtension>
	</extensions>
</trkpt>
<trkpt lat="47.836593" lon="20.041107">
	<ele>423.22</ele>
	<time>2017-10-14T10:18:20.000Z</time>
	<pdop>3.00</pdop>
	<extensions>
		<gpxtpx:TrackPointExtension>
			<gpxtpx:course>128.8</gpxtpx:course>
		</gpxtpx:TrackPointExtension>
	</extensions>
</trkpt>
<trkpt lat="47.836546" lon="20.041034">
	<ele>422.41</ele>
	<time>2017-10-14T10:18:30.000Z</time>
	<pdop>4.00</pdop>
	<extensions>
		<gpxtpx:TrackPointExtension>
			<gpxtpx:course>128.8</gpxtpx:course>
		</gpxtpx:TrackPointExtension>
	</extensions>
</trkpt>
<trkpt lat="47.836492" lon="20.040982">
	<ele>420.37</ele>
	<time>2017-10-14T10:18:40.000Z</time>
	<pdop>4.00</pdop>
	<extensions>
		<gpxtpx:TrackPointExtension>
			<gpxtpx:course>128.8</gpxtpx:course>
		</gpxtpx:TrackPointExtension>
	</extensions>
</trkpt>
<trkpt lat="47.836444" lon="20.041031">
	<ele>418.41</ele>
	<time>2017-10-14T10:18:50.000Z</time>
	<pdop>4.00</pdop>
	<extensions>
		<gpxtpx:TrackPointExtension>
			<gpxtpx:course>128.8</gpxtpx:course>
		</gpxtpx:TrackPointExtension>
	</extensions>
</trkpt>
<trkpt lat="47.836414" lon="20.041099">
	<ele>416.60</ele>
	<time>2017-10-14T10:19:00.000Z</time>
	<pdop>3.00</pdop>
	<extensions>
		<gpxtpx:TrackPointExtension>
			<gpxtpx:course>128.8</gpxtpx:course>
		</gpxtpx:TrackPointExtension>
	</extensions>
</trkpt>
<trkpt lat="47.836375" lon="20.041153">
	<ele>415.37</ele>
	<time>2017-10-14T10:19:10.000Z</time>
	<pdop>3.00</pdop>
	<extensions>
		<gpxtpx:TrackPointExtension>
			<gpxtpx:course>128.8</gpxtpx:course>
		</gpxtpx:TrackPointExtension>
	</extensions>
</trkpt>
<trkpt lat="47.836373" lon="20.041201">
	<ele>412.72</ele>
	<time>2017-10-14T10:19:21.492Z</time>
	<pdop>3.00</pdop>
	<extensions>
		<gpxtpx:TrackPointExtension>
			<gpxtpx:course>128.8</gpxtpx:course>
		</gpxtpx:TrackPointExtension>
	</extensions>
</trkpt>
<trkpt lat="47.836349" lon="20.041300">
	<ele>409.34</ele>
	<time>2017-10-14T10:19:31.000Z</time>
	<pdop>4.00</pdop>
	<extensions>
		<gpxtpx:TrackPointExtension>
			<gpxtpx:course>128.8</gpxtpx:course>
		</gpxtpx:TrackPointExtension>
	</extensions>
</trkpt>
<trkpt lat="47.836331" lon="20.041332">
	<ele>407.21</ele>
	<time>2017-10-14T10:19:41.000Z</time>
	<pdop>4.00</pdop>
	<extensions>
		<gpxtpx:TrackPointExtension>
			<gpxtpx:course>128.8</gpxtpx:course>
		</gpxtpx:TrackPointExtension>
	</extensions>
</trkpt>
<trkpt lat="47.836303" lon="20.041370">
	<ele>408.16</ele>
	<time>2017-10-14T10:19:51.000Z</time>
	<pdop>4.00</pdop>
	<extensions>
		<gpxtpx:TrackPointExtension>
			<gpxtpx:course>128.8</gpxtpx:course>
		</gpxtpx:TrackPointExtension>
	</extensions>
</trkpt>
<trkpt lat="47.836304" lon="20.041383">
	<ele>407.48</ele>
	<time>2017-10-14T10:20:01.000Z</time>
	<pdop>4.00</pdop>
	<extensions>
		<gpxtpx:TrackPointExtension>
			<gpxtpx:course>128.8</gpxtpx:course>
		</gpxtpx:TrackPointExtension>
	</extensions>
</trkpt>
<trkpt lat="47.836300" lon="20.041401">
	<ele>406.41</ele>
	<time>2017-10-14T10:20:16.000Z</time>
	<pdop>4.00</pdop>
	<extensions>
		<gpxtpx:TrackPointExtension>
			<gpxtpx:course>128.8</gpxtpx:course>
		</gpxtpx:TrackPointExtension>
	</extensions>
</trkpt>
<trkpt lat="47.836290" lon="20.041416">
	<ele>406.43</ele>
	<time>2017-10-14T10:20:25.554Z</time>
	<pdop>3.00</pdop>
	<extensions>
		<gpxtpx:TrackPointExtension>
			<gpxtpx:course>128.8</gpxtpx:course>
		</gpxtpx:TrackPointExtension>
	</extensions>
</trkpt>
<trkpt lat="47.836277" lon="20.041442">
	<ele>405.66</ele>
	<time>2017-10-14T10:20:35.000Z</time>
	<pdop>4.00</pdop>
	<extensions>
		<gpxtpx:TrackPointExtension>
			<gpxtpx:course>128.8</gpxtpx:course>
		</gpxtpx:TrackPointExtension>
	</extensions>
</trkpt>
<trkpt lat="47.836256" lon="20.041455">
	<ele>405.48</ele>
	<time>2017-10-14T10:20:46.845Z</time>
	<pdop>3.00</pdop>
	<extensions>
		<gpxtpx:TrackPointExtension>
			<gpxtpx:course>128.8</gpxtpx:course>
		</gpxtpx:TrackPointExtension>
	</extensions>
</trkpt>
<trkpt lat="47.836245" lon="20.041481">
	<ele>404.48</ele>
	<time>2017-10-14T10:20:56.000Z</time>
	<pdop>4.00</pdop>
	<extensions>
		<gpxtpx:TrackPointExtension>
			<gpxtpx:course>128.8</gpxtpx:course>
		</gpxtpx:TrackPointExtension>
	</extensions>
</trkpt>
<trkpt lat="47.836241" lon="20.041543">
	<ele>402.05</ele>
	<time>2017-10-14T10:21:06.720Z</time>
	<pdop>3.00</pdop>
	<extensions>
		<gpxtpx:TrackPointExtension>
			<gpxtpx:course>128.8</gpxtpx:course>
		</gpxtpx:TrackPointExtension>
	</extensions>
</trkpt>
<trkpt lat="47.836245" lon="20.041607">
	<ele>398.08</ele>
	<time>2017-10-14T10:21:16.000Z</time>
	<pdop>3.00</pdop>
	<extensions>
		<gpxtpx:TrackPointExtension>
			<gpxtpx:course>128.8</gpxtpx:course>
		</gpxtpx:TrackPointExtension>
	</extensions>
</trkpt>
<trkpt lat="47.836234" lon="20.041666">
	<ele>396.41</ele>
	<time>2017-10-14T10:21:27.864Z</time>
	<pdop>4.00</pdop>
	<extensions>
		<gpxtpx:TrackPointExtension>
			<gpxtpx:course>128.8</gpxtpx:course>
		</gpxtpx:TrackPointExtension>
	</extensions>
</trkpt>
<trkpt lat="47.836195" lon="20.041688">
	<ele>395.16</ele>
	<time>2017-10-14T10:21:37.000Z</time>
	<pdop>4.00</pdop>
	<extensions>
		<gpxtpx:TrackPointExtension>
			<gpxtpx:course>128.8</gpxtpx:course>
		</gpxtpx:TrackPointExtension>
	</extensions>
</trkpt>
<trkpt lat="47.836163" lon="20.041725">
	<ele>391.23</ele>
	<time>2017-10-14T10:21:48.651Z</time>
	<pdop>4.00</pdop>
	<extensions>
		<gpxtpx:TrackPointExtension>
			<gpxtpx:course>128.8</gpxtpx:course>
		</gpxtpx:TrackPointExtension>
	</extensions>
</trkpt>
<trkpt lat="47.836154" lon="20.041782">
	<ele>389.39</ele>
	<time>2017-10-14T10:21:58.000Z</time>
	<pdop>4.00</pdop>
	<extensions>
		<gpxtpx:TrackPointExtension>
			<gpxtpx:course>128.8</gpxtpx:course>
		</gpxtpx:TrackPointExtension>
	</extensions>
</trkpt>
<trkpt lat="47.836157" lon="20.041795">
	<ele>390.41</ele>
	<time>2017-10-14T10:22:13.339Z</time>
	<pdop>4.00</pdop>
	<extensions>
		<gpxtpx:TrackPointExtension>
			<gpxtpx:course>128.8</gpxtpx:course>
		</gpxtpx:TrackPointExtension>
	</extensions>
</trkpt>
<trkpt lat="47.836165" lon="20.041787">
	<ele>392.15</ele>
	<time>2017-10-14T10:22:41.000Z</time>
	<pdop>3.00</pdop>
	<extensions>
		<gpxtpx:TrackPointExtension>
			<gpxtpx:course>128.8</gpxtpx:course>
		</gpxtpx:TrackPointExtension>
	</extensions>
</trkpt>
<trkpt lat="47.836172" lon="20.041776">
	<ele>394.43</ele>
	<time>2017-10-14T10:23:08.476Z</time>
	<pdop>3.00</pdop>
	<extensions>
		<gpxtpx:TrackPointExtension>
			<gpxtpx:course>128.8</gpxtpx:course>
		</gpxtpx:TrackPointExtension>
	</extensions>
</trkpt>
<trkpt lat="47.836167" lon="20.041748">
	<ele>396.72</ele>
	<time>2017-10-14T10:23:18.000Z</time>
	<pdop>4.00</pdop>
	<extensions>
		<gpxtpx:TrackPointExtension>
			<gpxtpx:course>128.8</gpxtpx:course>
		</gpxtpx:TrackPointExtension>
	</extensions>
</trkpt>
<trkpt lat="47.836165" lon="20.041763">
	<ele>399.41</ele>
	<time>2017-10-14T10:23:48.095Z</time>
	<pdop>4.00</pdop>
	<extensions>
		<gpxtpx:TrackPointExtension>
			<gpxtpx:course>128.8</gpxtpx:course>
		</gpxtpx:TrackPointExtension>
	</extensions>
</trkpt>
<trkpt lat="47.836146" lon="20.041859">
	<ele>392.45</ele>
	<time>2017-10-14T10:23:58.000Z</time>
	<pdop>4.00</pdop>
	<extensions>
		<gpxtpx:TrackPointExtension>
			<gpxtpx:course>128.8</gpxtpx:course>
		</gpxtpx:TrackPointExtension>
	</extensions>
</trkpt>
<trkpt lat="47.836130" lon="20.041937">
	<ele>389.73</ele>
	<time>2017-10-14T10:24:08.000Z</time>
	<pdop>4.00</pdop>
	<extensions>
		<gpxtpx:TrackPointExtension>
			<gpxtpx:course>128.8</gpxtpx:course>
		</gpxtpx:TrackPointExtension>
	</extensions>
</trkpt>
<trkpt lat="47.836116" lon="20.042000">
	<ele>386.99</ele>
	<time>2017-10-14T10:24:18.000Z</time>
	<pdop>3.00</pdop>
	<extensions>
		<gpxtpx:TrackPointExtension>
			<gpxtpx:course>128.8</gpxtpx:course>
		</gpxtpx:TrackPointExtension>
	</extensions>
</trkpt>
<trkpt lat="47.836104" lon="20.042074">
	<ele>383.03</ele>
	<time>2017-10-14T10:24:28.000Z</time>
	<pdop>3.00</pdop>
	<extensions>
		<gpxtpx:TrackPointExtension>
			<gpxtpx:course>128.8</gpxtpx:course>
		</gpxtpx:TrackPointExtension>
	</extensions>
</trkpt>
<trkpt lat="47.836101" lon="20.042093">
	<ele>383.41</ele>
	<time>2017-10-14T10:24:38.000Z</time>
	<pdop>4.00</pdop>
	<extensions>
		<gpxtpx:TrackPointExtension>
			<gpxtpx:course>128.8</gpxtpx:course>
		</gpxtpx:TrackPointExtension>
	</extensions>
</trkpt>
<trkpt lat="47.836108" lon="20.042108">
	<ele>383.35</ele>
	<time>2017-10-14T10:24:48.000Z</time>
	<pdop>3.00</pdop>
	<extensions>
		<gpxtpx:TrackPointExtension>
			<gpxtpx:course>128.8</gpxtpx:course>
		</gpxtpx:TrackPointExtension>
	</extensions>
</trkpt>
<trkpt lat="47.836062" lon="20.042137">
	<ele>385.10</ele>
	<time>2017-10-14T10:24:58.000Z</time>
	<pdop>4.00</pdop>
	<extensions>
		<gpxtpx:TrackPointExtension>
			<gpxtpx:course>128.8</gpxtpx:course>
		</gpxtpx:TrackPointExtension>
	</extensions>
</trkpt>
<trkpt lat="47.836039" lon="20.042231">
	<ele>383.35</ele>
	<time>2017-10-14T10:25:08.000Z</time>
	<pdop>4.00</pdop>
	<extensions>
		<gpxtpx:TrackPointExtension>
			<gpxtpx:course>128.8</gpxtpx:course>
		</gpxtpx:TrackPointExtension>
	</extensions>
</trkpt>
<trkpt lat="47.836020" lon="20.042321">
	<ele>380.42</ele>
	<time>2017-10-14T10:25:18.000Z</time>
	<pdop>4.00</pdop>
	<extensions>
		<gpxtpx:TrackPointExtension>
			<gpxtpx:course>128.8</gpxtpx:course>
		</gpxtpx:TrackPointExtension>
	</extensions>
</trkpt>
<trkpt lat="47.836014" lon="20.042338">
	<ele>380.60</ele>
	<time>2017-10-14T10:25:27.464Z</time>
	<pdop>3.00</pdop>
	<extensions>
		<gpxtpx:TrackPointExtension>
			<gpxtpx:course>128.8</gpxtpx:course>
		</gpxtpx:TrackPointExtension>
	</extensions>
</trkpt>
<trkpt lat="47.836030" lon="20.042325">
	<ele>382.27</ele>
	<time>2017-10-14T10:25:37.000Z</time>
	<pdop>3.00</pdop>
	<extensions>
		<gpxtpx:TrackPointExtension>
			<gpxtpx:course>128.8</gpxtpx:course>
		</gpxtpx:TrackPointExtension>
	</extensions>
</trkpt>
<trkpt lat="47.836019" lon="20.042329">
	<ele>382.41</ele>
	<time>2017-10-14T10:25:50.000Z</time>
	<pdop>4.00</pdop>
	<extensions>
		<gpxtpx:TrackPointExtension>
			<gpxtpx:course>128.8</gpxtpx:course>
		</gpxtpx:TrackPointExtension>
	</extensions>
</trkpt>
<trkpt lat="47.835979" lon="20.042425">
	<ele>381.96</ele>
	<time>2017-10-14T10:26:00.000Z</time>
	<pdop>4.00</pdop>
	<extensions>
		<gpxtpx:TrackPointExtension>
			<gpxtpx:course>128.8</gpxtpx:course>
		</gpxtpx:TrackPointExtension>
	</extensions>
</trkpt>
<trkpt lat="47.835981" lon="20.042495">
	<ele>383.40</ele>
	<time>2017-10-14T10:26:10.000Z</time>
	<pdop>3.00</pdop>
	<extensions>
		<gpxtpx:TrackPointExtension>
			<gpxtpx:course>128.8</gpxtpx:course>
		</gpxtpx:TrackPointExtension>
	</extensions>
</trkpt>
<trkpt lat="47.835974" lon="20.042557">
	<ele>380.42</ele>
	<time>2017-10-14T10:26:20.000Z</time>
	<pdop>4.00</pdop>
	<extensions>
		<gpxtpx:TrackPointExtension>
			<gpxtpx:course>128.8</gpxtpx:course>
		</gpxtpx:TrackPointExtension>
	</extensions>
</trkpt>
<trkpt lat="47.835972" lon="20.042570">
	<ele>379.66</ele>
	<time>2017-10-14T10:26:30.000Z</time>
	<pdop>3.00</pdop>
	<extensions>
		<gpxtpx:TrackPointExtension>
			<gpxtpx:course>128.8</gpxtpx:course>
		</gpxtpx:TrackPointExtension>
	</extensions>
</trkpt>
<trkpt lat="47.835949" lon="20.042592">
	<ele>377.67</ele>
	<time>2017-10-14T10:26:40.000Z</time>
	<pdop>3.00</pdop>
	<extensions>
		<gpxtpx:TrackPointExtension>
			<gpxtpx:course>128.8</gpxtpx:course>
		</gpxtpx:TrackPointExtension>
	</extensions>
</trkpt>
<trkpt lat="47.835923" lon="20.042622">
	<ele>379.16</ele>
	<time>2017-10-14T10:26:50.000Z</time>
	<pdop>3.00</pdop>
	<extensions>
		<gpxtpx:TrackPointExtension>
			<gpxtpx:course>128.8</gpxtpx:course>
		</gpxtpx:TrackPointExtension>
	</extensions>
</trkpt>
<trkpt lat="47.835908" lon="20.042669">
	<ele>377.42</ele>
	<time>2017-10-14T10:27:00.000Z</time>
	<pdop>3.00</pdop>
	<extensions>
		<gpxtpx:TrackPointExtension>
			<gpxtpx:course>128.8</gpxtpx:course>
		</gpxtpx:TrackPointExtension>
	</extensions>
</trkpt>
<trkpt lat="47.835912" lon="20.042686">
	<ele>376.42</ele>
	<time>2017-10-14T10:27:09.166Z</time>
	<pdop>3.00</pdop>
	<extensions>
		<gpxtpx:TrackPointExtension>
			<gpxtpx:course>128.8</gpxtpx:course>
		</gpxtpx:TrackPointExtension>
	</extensions>
</trkpt>
<trkpt lat="47.835919" lon="20.042719">
	<ele>375.47</ele>
	<time>2017-10-14T10:27:19.000Z</time>
	<pdop>3.00</pdop>
	<extensions>
		<gpxtpx:TrackPointExtension>
			<gpxtpx:course>128.8</gpxtpx:course>
		</gpxtpx:TrackPointExtension>
	</extensions>
</trkpt>
<trkpt lat="47.835916" lon="20.042736">
	<ele>374.42</ele>
	<time>2017-10-14T10:27:28.869Z</time>
	<pdop>4.00</pdop>
	<extensions>
		<gpxtpx:TrackPointExtension>
			<gpxtpx:course>128.8</gpxtpx:course>
		</gpxtpx:TrackPointExtension>
	</extensions>
</trkpt>
<trkpt lat="47.835909" lon="20.042793">
	<ele>376.29</ele>
	<time>2017-10-14T10:27:38.000Z</time>
	<pdop>4.00</pdop>
	<extensions>
		<gpxtpx:TrackPointExtension>
			<gpxtpx:course>128.8</gpxtpx:course>
		</gpxtpx:TrackPointExtension>
	</extensions>
</trkpt>
<trkpt lat="47.835897" lon="20.042840">
	<ele>375.48</ele>
	<time>2017-10-14T10:27:48.489Z</time>
	<pdop>3.00</pdop>
	<extensions>
		<gpxtpx:TrackPointExtension>
			<gpxtpx:course>128.8</gpxtpx:course>
		</gpxtpx:TrackPointExtension>
	</extensions>
</trkpt>
<trkpt lat="47.835889" lon="20.042891">
	<ele>377.36</ele>
	<time>2017-10-14T10:27:58.000Z</time>
	<pdop>4.00</pdop>
	<extensions>
		<gpxtpx:TrackPointExtension>
			<gpxtpx:course>128.8</gpxtpx:course>
		</gpxtpx:TrackPointExtension>
	</extensions>
</trkpt>
<trkpt lat="47.835872" lon="20.042905">
	<ele>377.23</ele>
	<time>2017-10-14T10:28:07.671Z</time>
	<pdop>3.00</pdop>
	<extensions>
		<gpxtpx:TrackPointExtension>
			<gpxtpx:course>128.8</gpxtpx:course>
		</gpxtpx:TrackPointExtension>
	</extensions>
</trkpt>
<trkpt lat="47.835861" lon="20.042905">
	<ele>378.17</ele>
	<time>2017-10-14T10:28:23.000Z</time>
	<pdop>4.00</pdop>
	<extensions>
		<gpxtpx:TrackPointExtension>
			<gpxtpx:course>128.8</gpxtpx:course>
		</gpxtpx:TrackPointExtension>
	</extensions>
</trkpt>
<trkpt lat="47.835838" lon="20.042901">
	<ele>378.53</ele>
	<time>2017-10-14T10:28:33.000Z</time>
	<pdop>3.00</pdop>
	<extensions>
		<gpxtpx:TrackPointExtension>
			<gpxtpx:course>128.8</gpxtpx:course>
		</gpxtpx:TrackPointExtension>
	</extensions>
</trkpt>
<trkpt lat="47.835810" lon="20.042919">
	<ele>378.33</ele>
	<time>2017-10-14T10:28:43.000Z</time>
	<pdop>3.00</pdop>
	<extensions>
		<gpxtpx:TrackPointExtension>
			<gpxtpx:course>128.8</gpxtpx:course>
		</gpxtpx:TrackPointExtension>
	</extensions>
</trkpt>
<trkpt lat="47.835789" lon="20.042927">
	<ele>376.42</ele>
	<time>2017-10-14T10:28:53.587Z</time>
	<pdop>4.00</pdop>
	<extensions>
		<gpxtpx:TrackPointExtension>
			<gpxtpx:course>128.8</gpxtpx:course>
		</gpxtpx:TrackPointExtension>
	</extensions>
</trkpt>
<trkpt lat="47.835770" lon="20.042935">
	<ele>378.02</ele>
	<time>2017-10-14T10:29:03.000Z</time>
	<pdop>3.00</pdop>
	<extensions>
		<gpxtpx:TrackPointExtension>
			<gpxtpx:course>128.8</gpxtpx:course>
		</gpxtpx:TrackPointExtension>
	</extensions>
</trkpt>
<trkpt lat="47.835730" lon="20.042956">
	<ele>376.43</ele>
	<time>2017-10-14T10:29:14.628Z</time>
	<pdop>4.00</pdop>
	<extensions>
		<gpxtpx:TrackPointExtension>
			<gpxtpx:course>128.8</gpxtpx:course>
		</gpxtpx:TrackPointExtension>
	</extensions>
</trkpt>
<trkpt lat="47.835679" lon="20.042988">
	<ele>376.39</ele>
	<time>2017-10-14T10:29:24.000Z</time>
	<pdop>3.00</pdop>
	<extensions>
		<gpxtpx:TrackPointExtension>
			<gpxtpx:course>128.8</gpxtpx:course>
		</gpxtpx:TrackPointExtension>
	</extensions>
</trkpt>
<trkpt lat="47.835656" lon="20.043025">
	<ele>372.36</ele>
	<time>2017-10-14T10:29:34.000Z</time>
	<pdop>3.00</pdop>
	<extensions>
		<gpxtpx:TrackPointExtension>
			<gpxtpx:course>128.8</gpxtpx:course>
		</gpxtpx:TrackPointExtension>
	</extensions>
</trkpt>
<trkpt lat="47.835638" lon="20.043068">
	<ele>372.42</ele>
	<time>2017-10-14T10:29:44.000Z</time>
	<pdop>3.00</pdop>
	<extensions>
		<gpxtpx:TrackPointExtension>
			<gpxtpx:course>128.8</gpxtpx:course>
		</gpxtpx:TrackPointExtension>
	</extensions>
</trkpt>
<trkpt lat="47.835637" lon="20.043109">
	<ele>370.51</ele>
	<time>2017-10-14T10:29:54.000Z</time>
	<pdop>4.00</pdop>
	<extensions>
		<gpxtpx:TrackPointExtension>
			<gpxtpx:course>128.8</gpxtpx:course>
		</gpxtpx:TrackPointExtension>
	</extensions>
</trkpt>
<trkpt lat="47.835636" lon="20.043174">
	<ele>368.44</ele>
	<time>2017-10-14T10:30:04.000Z</time>
	<pdop>3.00</pdop>
	<extensions>
		<gpxtpx:TrackPointExtension>
			<gpxtpx:course>128.8</gpxtpx:course>
		</gpxtpx:TrackPointExtension>
	</extensions>
</trkpt>
<trkpt lat="47.835630" lon="20.043228">
	<ele>365.74</ele>
	<time>2017-10-14T10:30:14.000Z</time>
	<pdop>3.00</pdop>
	<extensions>
		<gpxtpx:TrackPointExtension>
			<gpxtpx:course>128.8</gpxtpx:course>
		</gpxtpx:TrackPointExtension>
	</extensions>
</trkpt>
<trkpt lat="47.835630" lon="20.043247">
	<ele>366.42</ele>
	<time>2017-10-14T10:30:24.000Z</time>
	<pdop>4.00</pdop>
	<extensions>
		<gpxtpx:TrackPointExtension>
			<gpxtpx:course>128.8</gpxtpx:course>
		</gpxtpx:TrackPointExtension>
	</extensions>
</trkpt>
<trkpt lat="47.835630" lon="20.043311">
	<ele>364.43</ele>
	<time>2017-10-14T10:30:36.512Z</time>
	<pdop>3.00</pdop>
	<extensions>
		<gpxtpx:TrackPointExtension>
			<gpxtpx:course>128.8</gpxtpx:course>
		</gpxtpx:TrackPointExtension>
	</extensions>
</trkpt>
<trkpt lat="47.835604" lon="20.043386">
	<ele>365.66</ele>
	<time>2017-10-14T10:30:46.000Z</time>
	<pdop>3.00</pdop>
	<extensions>
		<gpxtpx:TrackPointExtension>
			<gpxtpx:course>128.8</gpxtpx:course>
		</gpxtpx:TrackPointExtension>
	</extensions>
</trkpt>
<trkpt lat="47.835610" lon="20.043405">
	<ele>365.67</ele>
	<time>2017-10-14T10:30:56.000Z</time>
	<pdop>3.00</pdop>
	<extensions>
		<gpxtpx:TrackPointExtension>
			<gpxtpx:course>128.8</gpxtpx:course>
		</gpxtpx:TrackPointExtension>
	</extensions>
</trkpt>
<trkpt lat="47.835592" lon="20.043510">
	<ele>365.42</ele>
	<time>2017-10-14T10:31:06.000Z</time>
	<pdop>3.00</pdop>
	<extensions>
		<gpxtpx:TrackPointExtension>
			<gpxtpx:course>97.4</gpxtpx:course>
		</gpxtpx:TrackPointExtension>
	</extensions>
</trkpt>
<trkpt lat="47.835576" lon="20.043549">
	<ele>365.99</ele>
	<time>2017-10-14T10:31:16.000Z</time>
	<pdop>3.00</pdop>
	<extensions>
		<gpxtpx:TrackPointExtension>
			<gpxtpx:course>97.4</gpxtpx:course>
		</gpxtpx:TrackPointExtension>
	</extensions>
</trkpt>
<trkpt lat="47.835565" lon="20.043608">
	<ele>365.42</ele>
	<time>2017-10-14T10:31:26.000Z</time>
	<pdop>3.00</pdop>
	<extensions>
		<gpxtpx:TrackPointExtension>
			<gpxtpx:course>97.4</gpxtpx:course>
		</gpxtpx:TrackPointExtension>
	</extensions>
</trkpt>
<trkpt lat="47.835542" lon="20.043674">
	<ele>364.42</ele>
	<time>2017-10-14T10:31:36.000Z</time>
	<pdop>3.00</pdop>
	<extensions>
		<gpxtpx:TrackPointExtension>
			<gpxtpx:course>97.4</gpxtpx:course>
		</gpxtpx:TrackPointExtension>
	</extensions>
</trkpt>
<trkpt lat="47.835520" lon="20.043757">
	<ele>363.47</ele>
	<time>2017-10-14T10:31:48.362Z</time>
	<pdop>3.00</pdop>
	<extensions>
		<gpxtpx:TrackPointExtension>
			<gpxtpx:course>97.4</gpxtpx:course>
		</gpxtpx:TrackPointExtension>
	</extensions>
</trkpt>
<trkpt lat="47.835522" lon="20.043772">
	<ele>362.43</ele>
	<time>2017-10-14T10:31:59.000Z</time>
	<pdop>3.00</pdop>
	<extensions>
		<gpxtpx:TrackPointExtension>
			<gpxtpx:course>97.4</gpxtpx:course>
		</gpxtpx:TrackPointExtension>
	</extensions>
</trkpt>
<trkpt lat="47.835502" lon="20.043830">
	<ele>362.42</ele>
	<time>2017-10-14T10:32:08.034Z</time>
	<pdop>3.00</pdop>
	<extensions>
		<gpxtpx:TrackPointExtension>
			<gpxtpx:course>97.4</gpxtpx:course>
		</gpxtpx:TrackPointExtension>
	</extensions>
</trkpt>
<trkpt lat="47.835482" lon="20.043910">
	<ele>360.43</ele>
	<time>2017-10-14T10:32:18.000Z</time>
	<pdop>3.00</pdop>
	<extensions>
		<gpxtpx:TrackPointExtension>
			<gpxtpx:course>97.4</gpxtpx:course>
		</gpxtpx:TrackPointExtension>
	</extensions>
</trkpt>
<trkpt lat="47.835475" lon="20.043938">
	<ele>360.42</ele>
	<time>2017-10-14T10:32:29.418Z</time>
	<pdop>3.00</pdop>
	<extensions>
		<gpxtpx:TrackPointExtension>
			<gpxtpx:course>97.4</gpxtpx:course>
		</gpxtpx:TrackPointExtension>
	</extensions>
</trkpt>
<trkpt lat="47.835473" lon="20.043966">
	<ele>360.82</ele>
	<time>2017-10-14T10:32:39.000Z</time>
	<pdop>3.00</pdop>
	<extensions>
		<gpxtpx:TrackPointExtension>
			<gpxtpx:course>97.4</gpxtpx:course>
		</gpxtpx:TrackPointExtension>
	</extensions>
</trkpt>
<trkpt lat="47.835463" lon="20.043979">
	<ele>359.61</ele>
	<time>2017-10-14T10:32:49.000Z</time>
	<pdop>3.00</pdop>
	<extensions>
		<gpxtpx:TrackPointExtension>
			<gpxtpx:course>97.4</gpxtpx:course>
		</gpxtpx:TrackPointExtension>
	</extensions>
</trkpt>
<trkpt lat="47.835432" lon="20.044013">
	<ele>359.91</ele>
	<time>2017-10-14T10:32:59.000Z</time>
	<pdop>4.00</pdop>
	<extensions>
		<gpxtpx:TrackPointExtension>
			<gpxtpx:course>97.4</gpxtpx:course>
		</gpxtpx:TrackPointExtension>
	</extensions>
</trkpt>
<trkpt lat="47.835419" lon="20.044092">
	<ele>359.63</ele>
	<time>2017-10-14T10:33:09.000Z</time>
	<pdop>3.00</pdop>
	<extensions>
		<gpxtpx:TrackPointExtension>
			<gpxtpx:course>97.4</gpxtpx:course>
		</gpxtpx:TrackPointExtension>
	</extensions>
</trkpt>
<trkpt lat="47.835399" lon="20.044150">
	<ele>359.96</ele>
	<time>2017-10-14T10:33:19.000Z</time>
	<pdop>3.00</pdop>
	<extensions>
		<gpxtpx:TrackPointExtension>
			<gpxtpx:course>97.4</gpxtpx:course>
		</gpxtpx:TrackPointExtension>
	</extensions>
</trkpt>
<trkpt lat="47.835389" lon="20.044195">
	<ele>360.18</ele>
	<time>2017-10-14T10:33:29.000Z</time>
	<pdop>3.00</pdop>
	<extensions>
		<gpxtpx:TrackPointExtension>
			<gpxtpx:course>97.4</gpxtpx:course>
		</gpxtpx:TrackPointExtension>
	</extensions>
</trkpt>
<trkpt lat="47.835367" lon="20.044269">
	<ele>358.43</ele>
	<time>2017-10-14T10:33:39.000Z</time>
	<pdop>4.00</pdop>
	<extensions>
		<gpxtpx:TrackPointExtension>
			<gpxtpx:course>103.7</gpxtpx:course>
		</gpxtpx:TrackPointExtension>
	</extensions>
</trkpt>
<trkpt lat="47.835329" lon="20.044350">
	<ele>357.48</ele>
	<time>2017-10-14T10:33:50.588Z</time>
	<pdop>3.00</pdop>
	<extensions>
		<gpxtpx:TrackPointExtension>
			<gpxtpx:course>103.7</gpxtpx:course>
		</gpxtpx:TrackPointExtension>
	</extensions>
</trkpt>
<trkpt lat="47.835317" lon="20.044392">
	<ele>357.42</ele>
	<time>2017-10-14T10:34:00.000Z</time>
	<pdop>3.00</pdop>
	<extensions>
		<gpxtpx:TrackPointExtension>
			<gpxtpx:course>103.7</gpxtpx:course>
		</gpxtpx:TrackPointExtension>
	</extensions>
</trkpt>
<trkpt lat="47.835317" lon="20.044405">
	<ele>355.63</ele>
	<time>2017-10-14T10:34:13.000Z</time>
	<pdop>3.00</pdop>
	<extensions>
		<gpxtpx:TrackPointExtension>
			<gpxtpx:course>103.7</gpxtpx:course>
		</gpxtpx:TrackPointExtension>
	</extensions>
</trkpt>
<trkpt lat="47.835303" lon="20.044459">
	<ele>354.66</ele>
	<time>2017-10-14T10:34:26.454Z</time>
	<pdop>3.00</pdop>
	<extensions>
		<gpxtpx:TrackPointExtension>
			<gpxtpx:course>103.7</gpxtpx:course>
		</gpxtpx:TrackPointExtension>
	</extensions>
</trkpt>
<trkpt lat="47.835291" lon="20.044505">
	<ele>354.42</ele>
	<time>2017-10-14T10:34:36.000Z</time>
	<pdop>3.00</pdop>
	<extensions>
		<gpxtpx:TrackPointExtension>
			<gpxtpx:course>103.7</gpxtpx:course>
		</gpxtpx:TrackPointExtension>
	</extensions>
</trkpt>
<trkpt lat="47.835282" lon="20.044522">
	<ele>353.43</ele>
	<time>2017-10-14T10:34:45.565Z</time>
	<pdop>3.00</pdop>
	<extensions>
		<gpxtpx:TrackPointExtension>
			<gpxtpx:course>103.7</gpxtpx:course>
		</gpxtpx:TrackPointExtension>
	</extensions>
</trkpt>
<trkpt lat="47.835269" lon="20.044590">
	<ele>353.42</ele>
	<time>2017-10-14T10:34:55.000Z</time>
	<pdop>3.00</pdop>
	<extensions>
		<gpxtpx:TrackPointExtension>
			<gpxtpx:course>103.7</gpxtpx:course>
		</gpxtpx:TrackPointExtension>
	</extensions>
</trkpt>
<trkpt lat="47.835259" lon="20.044616">
	<ele>353.42</ele>
	<time>2017-10-14T10:35:05.731Z</time>
	<pdop>4.00</pdop>
	<extensions>
		<gpxtpx:TrackPointExtension>
			<gpxtpx:course>103.7</gpxtpx:course>
		</gpxtpx:TrackPointExtension>
	</extensions>
</trkpt>
<trkpt lat="47.835257" lon="20.044642">
	<ele>353.24</ele>
	<time>2017-10-14T10:35:15.000Z</time>
	<pdop>3.00</pdop>
	<extensions>
		<gpxtpx:TrackPointExtension>
			<gpxtpx:course>103.7</gpxtpx:course>
		</gpxtpx:TrackPointExtension>
	</extensions>
</trkpt>
<trkpt lat="47.835258" lon="20.044656">
	<ele>351.38</ele>
	<time>2017-10-14T10:35:31.000Z</time>
	<pdop>3.00</pdop>
	<extensions>
		<gpxtpx:TrackPointExtension>
			<gpxtpx:course>103.7</gpxtpx:course>
		</gpxtpx:TrackPointExtension>
	</extensions>
</trkpt>
<trkpt lat="47.835218" lon="20.044736">
	<ele>349.52</ele>
	<time>2017-10-14T10:35:41.000Z</time>
	<pdop>3.00</pdop>
	<extensions>
		<gpxtpx:TrackPointExtension>
			<gpxtpx:course>103.7</gpxtpx:course>
		</gpxtpx:TrackPointExtension>
	</extensions>
</trkpt>
<trkpt lat="47.835159" lon="20.044777">
	<ele>347.61</ele>
	<time>2017-10-14T10:35:51.000Z</time>
	<pdop>3.00</pdop>
	<extensions>
		<gpxtpx:TrackPointExtension>
			<gpxtpx:course>103.7</gpxtpx:course>
		</gpxtpx:TrackPointExtension>
	</extensions>
</trkpt>
<trkpt lat="47.835108" lon="20.044822">
	<ele>343.83</ele>
	<time>2017-10-14T10:36:01.000Z</time>
	<pdop>4.00</pdop>
	<extensions>
		<gpxtpx:TrackPointExtension>
			<gpxtpx:course>103.7</gpxtpx:course>
		</gpxtpx:TrackPointExtension>
	</extensions>
</trkpt>
<trkpt lat="47.835061" lon="20.044821">
	<ele>341.42</ele>
	<time>2017-10-14T10:36:11.000Z</time>
	<pdop>4.00</pdop>
	<extensions>
		<gpxtpx:TrackPointExtension>
			<gpxtpx:course>103.7</gpxtpx:course>
		</gpxtpx:TrackPointExtension>
	</extensions>
</trkpt>
<trkpt lat="47.835011" lon="20.044854">
	<ele>340.42</ele>
	<time>2017-10-14T10:36:21.000Z</time>
	<pdop>4.00</pdop>
	<extensions>
		<gpxtpx:TrackPointExtension>
			<gpxtpx:course>103.7</gpxtpx:course>
		</gpxtpx:TrackPointExtension>
	</extensions>
</trkpt>
<trkpt lat="47.834991" lon="20.044862">
	<ele>341.40</ele>
	<time>2017-10-14T10:36:31.000Z</time>
	<pdop>4.00</pdop>
	<extensions>
		<gpxtpx:TrackPointExtension>
			<gpxtpx:course>103.7</gpxtpx:course>
		</gpxtpx:TrackPointExtension>
	</extensions>
</trkpt>
<trkpt lat="47.834958" lon="20.044876">
	<ele>340.42</ele>
	<time>2017-10-14T10:36:41.000Z</time>
	<pdop>3.00</pdop>
	<extensions>
		<gpxtpx:TrackPointExtension>
			<gpxtpx:course>103.7</gpxtpx:course>
		</gpxtpx:TrackPointExtension>
	</extensions>
</trkpt>
<trkpt lat="47.834936" lon="20.044876">
	<ele>341.14</ele>
	<time>2017-10-14T10:36:51.075Z</time>
	<pdop>3.00</pdop>
	<extensions>
		<gpxtpx:TrackPointExtension>
			<gpxtpx:course>173.1</gpxtpx:course>
		</gpxtpx:TrackPointExtension>
	</extensions>
</trkpt>
<trkpt lat="47.834905" lon="20.044890">
	<ele>340.89</ele>
	<time>2017-10-14T10:37:00.691Z</time>
	<pdop>3.00</pdop>
	<extensions>
		<gpxtpx:TrackPointExtension>
			<gpxtpx:course>173.1</gpxtpx:course>
		</gpxtpx:TrackPointExtension>
	</extensions>
</trkpt>
<trkpt lat="47.834845" lon="20.044896">
	<ele>339.42</ele>
	<time>2017-10-14T10:37:10.000Z</time>
	<pdop>3.00</pdop>
	<extensions>
		<gpxtpx:TrackPointExtension>
			<gpxtpx:course>173.1</gpxtpx:course>
		</gpxtpx:TrackPointExtension>
	</extensions>
</trkpt>
<trkpt lat="47.834819" lon="20.044915">
	<ele>339.42</ele>
	<time>2017-10-14T10:37:20.000Z</time>
	<pdop>3.00</pdop>
	<extensions>
		<gpxtpx:TrackPointExtension>
			<gpxtpx:course>173.1</gpxtpx:course>
		</gpxtpx:TrackPointExtension>
	</extensions>
</trkpt>
<trkpt lat="47.834820" lon="20.044929">
	<ele>337.48</ele>
	<time>2017-10-14T10:37:32.000Z</time>
	<pdop>3.00</pdop>
	<extensions>
		<gpxtpx:TrackPointExtension>
			<gpxtpx:course>173.1</gpxtpx:course>
		</gpxtpx:TrackPointExtension>
	</extensions>
</trkpt>
<trkpt lat="47.834811" lon="20.044922">
	<ele>338.41</ele>
	<time>2017-10-14T10:37:44.000Z</time>
	<pdop>3.00</pdop>
	<extensions>
		<gpxtpx:TrackPointExtension>
			<gpxtpx:course>173.1</gpxtpx:course>
		</gpxtpx:TrackPointExtension>
	</extensions>
</trkpt>
<trkpt lat="47.834776" lon="20.044940">
	<ele>336.42</ele>
	<time>2017-10-14T10:37:54.000Z</time>
	<pdop>3.00</pdop>
	<extensions>
		<gpxtpx:TrackPointExtension>
			<gpxtpx:course>173.1</gpxtpx:course>
		</gpxtpx:TrackPointExtension>
	</extensions>
</trkpt>
<trkpt lat="47.834754" lon="20.044961">
	<ele>335.70</ele>
	<time>2017-10-14T10:38:05.615Z</time>
	<pdop>3.00</pdop>
	<extensions>
		<gpxtpx:TrackPointExtension>
			<gpxtpx:course>173.1</gpxtpx:course>
		</gpxtpx:TrackPointExtension>
	</extensions>
</trkpt>
<trkpt lat="47.834719" lon="20.044977">
	<ele>334.42</ele>
	<time>2017-10-14T10:38:15.000Z</time>
	<pdop>3.00</pdop>
	<extensions>
		<gpxtpx:TrackPointExtension>
			<gpxtpx:course>173.1</gpxtpx:course>
		</gpxtpx:TrackPointExtension>
	</extensions>
</trkpt>
<trkpt lat="47.834682" lon="20.045066">
	<ele>332.15</ele>
	<time>2017-10-14T10:38:25.000Z</time>
	<pdop>3.00</pdop>
	<extensions>
		<gpxtpx:TrackPointExtension>
			<gpxtpx:course>122.2</gpxtpx:course>
		</gpxtpx:TrackPointExtension>
	</extensions>
</trkpt>
<trkpt lat="47.834668" lon="20.045110">
	<ele>329.90</ele>
	<time>2017-10-14T10:38:35.000Z</time>
	<pdop>3.00</pdop>
	<extensions>
		<gpxtpx:TrackPointExtension>
			<gpxtpx:course>122.2</gpxtpx:course>
		</gpxtpx:TrackPointExtension>
	</extensions>
</trkpt>
<trkpt lat="47.834666" lon="20.045133">
	<ele>329.42</ele>
	<time>2017-10-14T10:38:44.655Z</time>
	<pdop>3.00</pdop>
	<extensions>
		<gpxtpx:TrackPointExtension>
			<gpxtpx:course>122.2</gpxtpx:course>
		</gpxtpx:TrackPointExtension>
	</extensions>
</trkpt>
<trkpt lat="47.834649" lon="20.045187">
	<ele>329.42</ele>
	<time>2017-10-14T10:38:54.000Z</time>
	<pdop>3.00</pdop>
	<extensions>
		<gpxtpx:TrackPointExtension>
			<gpxtpx:course>122.2</gpxtpx:course>
		</gpxtpx:TrackPointExtension>
	</extensions>
</trkpt>
<trkpt lat="47.834645" lon="20.045211">
	<ele>330.17</ele>
	<time>2017-10-14T10:39:04.000Z</time>
	<pdop>3.00</pdop>
	<extensions>
		<gpxtpx:TrackPointExtension>
			<gpxtpx:course>122.2</gpxtpx:course>
		</gpxtpx:TrackPointExtension>
	</extensions>
</trkpt>
<trkpt lat="47.834636" lon="20.045217">
	<ele>331.20</ele>
	<time>2017-10-14T10:39:14.000Z</time>
	<pdop>3.00</pdop>
	<extensions>
		<gpxtpx:TrackPointExtension>
			<gpxtpx:course>122.2</gpxtpx:course>
		</gpxtpx:TrackPointExtension>
	</extensions>
</trkpt>
<trkpt lat="47.834604" lon="20.045245">
	<ele>330.54</ele>
	<time>2017-10-14T10:39:24.350Z</time>
	<pdop>3.00</pdop>
	<extensions>
		<gpxtpx:TrackPointExtension>
			<gpxtpx:course>122.2</gpxtpx:course>
		</gpxtpx:TrackPointExtension>
	</extensions>
</trkpt>
<trkpt lat="47.834576" lon="20.045246">
	<ele>329.36</ele>
	<time>2017-10-14T10:39:34.000Z</time>
	<pdop>3.00</pdop>
	<extensions>
		<gpxtpx:TrackPointExtension>
			<gpxtpx:course>122.2</gpxtpx:course>
		</gpxtpx:TrackPointExtension>
	</extensions>
</trkpt>
<trkpt lat="47.834559" lon="20.045244">
	<ele>329.17</ele>
	<time>2017-10-14T10:39:45.766Z</time>
	<pdop>3.00</pdop>
	<extensions>
		<gpxtpx:TrackPointExtension>
			<gpxtpx:course>122.2</gpxtpx:course>
		</gpxtpx:TrackPointExtension>
	</extensions>
</trkpt>
<trkpt lat="47.834553" lon="20.045256">
	<ele>329.42</ele>
	<time>2017-10-14T10:39:55.000Z</time>
	<pdop>3.00</pdop>
	<extensions>
		<gpxtpx:TrackPointExtension>
			<gpxtpx:course>122.2</gpxtpx:course>
		</gpxtpx:TrackPointExtension>
	</extensions>
</trkpt>
<trkpt lat="47.834545" lon="20.045266">
	<ele>329.41</ele>
	<time>2017-10-14T10:40:10.000Z</time>
	<pdop>3.00</pdop>
	<extensions>
		<gpxtpx:TrackPointExtension>
			<gpxtpx:course>122.2</gpxtpx:course>
		</gpxtpx:TrackPointExtension>
	</extensions>
</trkpt>
<trkpt lat="47.834527" lon="20.045300">
	<ele>328.46</ele>
	<time>2017-10-14T10:40:20.671Z</time>
	<pdop>3.00</pdop>
	<extensions>
		<gpxtpx:TrackPointExtension>
			<gpxtpx:course>122.2</gpxtpx:course>
		</gpxtpx:TrackPointExtension>
	</extensions>
</trkpt>
<trkpt lat="47.834453" lon="20.045408">
	<ele>326.90</ele>
	<time>2017-10-14T10:40:30.000Z</time>
	<pdop>3.00</pdop>
	<extensions>
		<gpxtpx:TrackPointExtension>
			<gpxtpx:course>129.8</gpxtpx:course>
		</gpxtpx:TrackPointExtension>
	</extensions>
</trkpt>
<trkpt lat="47.834420" lon="20.045494">
	<ele>326.07</ele>
	<time>2017-10-14T10:40:41.673Z</time>
	<pdop>3.00</pdop>
	<extensions>
		<gpxtpx:TrackPointExtension>
			<gpxtpx:course>116.8</gpxtpx:course>
		</gpxtpx:TrackPointExtension>
	</extensions>
</trkpt>
<trkpt lat="47.834383" lon="20.045595">
	<ele>325.53</ele>
	<time>2017-10-14T10:40:51.000Z</time>
	<pdop>3.00</pdop>
	<extensions>
		<gpxtpx:TrackPointExtension>
			<gpxtpx:course>117.3</gpxtpx:course>
		</gpxtpx:TrackPointExtension>
	</extensions>
</trkpt>
<trkpt lat="47.834335" lon="20.045628">
	<ele>325.96</ele>
	<time>2017-10-14T10:41:01.000Z</time>
	<pdop>3.00</pdop>
	<extensions>
		<gpxtpx:TrackPointExtension>
			<gpxtpx:course>117.3</gpxtpx:course>
		</gpxtpx:TrackPointExtension>
	</extensions>
</trkpt>
<trkpt lat="47.834312" lon="20.045643">
	<ele>325.42</ele>
	<time>2017-10-14T10:41:11.000Z</time>
	<pdop>3.00</pdop>
	<extensions>
		<gpxtpx:TrackPointExtension>
			<gpxtpx:course>117.3</gpxtpx:course>
		</gpxtpx:TrackPointExtension>
	</extensions>
</trkpt>
<trkpt lat="47.834301" lon="20.045692">
	<ele>325.42</ele>
	<time>2017-10-14T10:41:21.000Z</time>
	<pdop>3.00</pdop>
	<extensions>
		<gpxtpx:TrackPointExtension>
			<gpxtpx:course>117.3</gpxtpx:course>
		</gpxtpx:TrackPointExtension>
	</extensions>
</trkpt>
<trkpt lat="47.834274" lon="20.045751">
	<ele>323.44</ele>
	<time>2017-10-14T10:41:31.000Z</time>
	<pdop>3.00</pdop>
	<extensions>
		<gpxtpx:TrackPointExtension>
			<gpxtpx:course>117.3</gpxtpx:course>
		</gpxtpx:TrackPointExtension>
	</extensions>
</trkpt>
<trkpt lat="47.834251" lon="20.045768">
	<ele>324.40</ele>
	<time>2017-10-14T10:41:41.000Z</time>
	<pdop>3.00</pdop>
	<extensions>
		<gpxtpx:TrackPointExtension>
			<gpxtpx:course>117.3</gpxtpx:course>
		</gpxtpx:TrackPointExtension>
	</extensions>
</trkpt>
<trkpt lat="47.834231" lon="20.045800">
	<ele>323.37</ele>
	<time>2017-10-14T10:41:51.000Z</time>
	<pdop>3.00</pdop>
	<extensions>
		<gpxtpx:TrackPointExtension>
			<gpxtpx:course>117.3</gpxtpx:course>
		</gpxtpx:TrackPointExtension>
	</extensions>
</trkpt>
<trkpt lat="47.834204" lon="20.045835">
	<ele>322.42</ele>
	<time>2017-10-14T10:42:01.000Z</time>
	<pdop>3.00</pdop>
	<extensions>
		<gpxtpx:TrackPointExtension>
			<gpxtpx:course>117.3</gpxtpx:course>
		</gpxtpx:TrackPointExtension>
	</extensions>
</trkpt>
<trkpt lat="47.834121" lon="20.045885">
	<ele>321.56</ele>
	<time>2017-10-14T10:42:11.000Z</time>
	<pdop>3.00</pdop>
	<extensions>
		<gpxtpx:TrackPointExtension>
			<gpxtpx:course>148.7</gpxtpx:course>
		</gpxtpx:TrackPointExtension>
	</extensions>
</trkpt>
<trkpt lat="47.834082" lon="20.045906">
	<ele>321.04</ele>
	<time>2017-10-14T10:42:20.513Z</time>
	<pdop>3.00</pdop>
	<extensions>
		<gpxtpx:TrackPointExtension>
			<gpxtpx:course>155.6</gpxtpx:course>
		</gpxtpx:TrackPointExtension>
	</extensions>
</trkpt>
<trkpt lat="47.834054" lon="20.045930">
	<ele>319.42</ele>
	<time>2017-10-14T10:42:30.000Z</time>
	<pdop>3.00</pdop>
	<extensions>
		<gpxtpx:TrackPointExtension>
			<gpxtpx:course>155.6</gpxtpx:course>
		</gpxtpx:TrackPointExtension>
	</extensions>
</trkpt>
<trkpt lat="47.834032" lon="20.045959">
	<ele>318.66</ele>
	<time>2017-10-14T10:42:40.000Z</time>
	<pdop>3.00</pdop>
	<extensions>
		<gpxtpx:TrackPointExtension>
			<gpxtpx:course>155.6</gpxtpx:course>
		</gpxtpx:TrackPointExtension>
	</extensions>
</trkpt>
<trkpt lat="47.833992" lon="20.045996">
	<ele>318.44</ele>
	<time>2017-10-14T10:42:52.008Z</time>
	<pdop>3.00</pdop>
	<extensions>
		<gpxtpx:TrackPointExtension>
			<gpxtpx:course>140.8</gpxtpx:course>
		</gpxtpx:TrackPointExtension>
	</extensions>
</trkpt>
<trkpt lat="47.833961" lon="20.046041">
	<ele>316.89</ele>
	<time>2017-10-14T10:43:02.000Z</time>
	<pdop>3.00</pdop>
	<extensions>
		<gpxtpx:TrackPointExtension>
			<gpxtpx:course>140.8</gpxtpx:course>
		</gpxtpx:TrackPointExtension>
	</extensions>
</trkpt>
<trkpt lat="47.833900" lon="20.046078">
	<ele>315.44</ele>
	<time>2017-10-14T10:43:12.148Z</time>
	<pdop>3.00</pdop>
	<extensions>
		<gpxtpx:TrackPointExtension>
			<gpxtpx:course>140.8</gpxtpx:course>
		</gpxtpx:TrackPointExtension>
	</extensions>
</trkpt>
<trkpt lat="47.833867" lon="20.046088">
	<ele>314.43</ele>
	<time>2017-10-14T10:43:22.000Z</time>
	<pdop>3.00</pdop>
	<extensions>
		<gpxtpx:TrackPointExtension>
			<gpxtpx:course>140.8</gpxtpx:course>
		</gpxtpx:TrackPointExtension>
	</extensions>
</trkpt>
<trkpt lat="47.833825" lon="20.046122">
	<ele>313.43</ele>
	<time>2017-10-14T10:43:32.000Z</time>
	<pdop>3.00</pdop>
	<extensions>
		<gpxtpx:TrackPointExtension>
			<gpxtpx:course>140.8</gpxtpx:course>
		</gpxtpx:TrackPointExtension>
	</extensions>
</trkpt>
<trkpt lat="47.833795" lon="20.046149">
	<ele>312.50</ele>
	<time>2017-10-14T10:43:42.000Z</time>
	<pdop>3.00</pdop>
	<extensions>
		<gpxtpx:TrackPointExtension>
			<gpxtpx:course>140.8</gpxtpx:course>
		</gpxtpx:TrackPointExtension>
	</extensions>
</trkpt>
<trkpt lat="47.833759" lon="20.046177">
	<ele>311.47</ele>
	<time>2017-10-14T10:43:52.681Z</time>
	<pdop>3.00</pdop>
	<extensions>
		<gpxtpx:TrackPointExtension>
			<gpxtpx:course>140.8</gpxtpx:course>
		</gpxtpx:TrackPointExtension>
	</extensions>
</trkpt>
<trkpt lat="47.833696" lon="20.046197">
	<ele>310.42</ele>
	<time>2017-10-14T10:44:02.000Z</time>
	<pdop>3.00</pdop>
	<extensions>
		<gpxtpx:TrackPointExtension>
			<gpxtpx:course>140.8</gpxtpx:course>
		</gpxtpx:TrackPointExtension>
	</extensions>
</trkpt>
<trkpt lat="47.833641" lon="20.046217">
	<ele>309.42</ele>
	<time>2017-10-14T10:44:12.000Z</time>
	<pdop>3.00</pdop>
	<extensions>
		<gpxtpx:TrackPointExtension>
			<gpxtpx:course>140.8</gpxtpx:course>
		</gpxtpx:TrackPointExtension>
	</extensions>
</trkpt>
<trkpt lat="47.833588" lon="20.046232">
	<ele>308.46</ele>
	<time>2017-10-14T10:44:22.000Z</time>
	<pdop>4.00</pdop>
	<extensions>
		<gpxtpx:TrackPointExtension>
			<gpxtpx:course>140.8</gpxtpx:course>
		</gpxtpx:TrackPointExtension>
	</extensions>
</trkpt>
<trkpt lat="47.833565" lon="20.046219">
	<ele>308.36</ele>
	<time>2017-10-14T10:44:32.000Z</time>
	<pdop>3.00</pdop>
	<extensions>
		<gpxtpx:TrackPointExtension>
			<gpxtpx:course>140.8</gpxtpx:course>
		</gpxtpx:TrackPointExtension>
	</extensions>
</trkpt>
<trkpt lat="47.833548" lon="20.046228">
	<ele>307.44</ele>
	<time>2017-10-14T10:44:42.000Z</time>
	<pdop>3.00</pdop>
	<extensions>
		<gpxtpx:TrackPointExtension>
			<gpxtpx:course>140.8</gpxtpx:course>
		</gpxtpx:TrackPointExtension>
	</extensions>
</trkpt>
<trkpt lat="47.833511" lon="20.046232">
	<ele>307.39</ele>
	<time>2017-10-14T10:44:51.220Z</time>
	<pdop>3.00</pdop>
	<extensions>
		<gpxtpx:TrackPointExtension>
			<gpxtpx:course>140.8</gpxtpx:course>
		</gpxtpx:TrackPointExtension>
	</extensions>
</trkpt>
<trkpt lat="47.833464" lon="20.046249">
	<ele>306.42</ele>
	<time>2017-10-14T10:45:01.000Z</time>
	<pdop>3.00</pdop>
	<extensions>
		<gpxtpx:TrackPointExtension>
			<gpxtpx:course>140.8</gpxtpx:course>
		</gpxtpx:TrackPointExtension>
	</extensions>
</trkpt>
<trkpt lat="47.833438" lon="20.046247">
	<ele>305.42</ele>
	<time>2017-10-14T10:45:11.000Z</time>
	<pdop>3.00</pdop>
	<extensions>
		<gpxtpx:TrackPointExtension>
			<gpxtpx:course>140.8</gpxtpx:course>
		</gpxtpx:TrackPointExtension>
	</extensions>
</trkpt>
<trkpt lat="47.833395" lon="20.046260">
	<ele>304.43</ele>
	<time>2017-10-14T10:45:21.000Z</time>
	<pdop>3.00</pdop>
	<extensions>
		<gpxtpx:TrackPointExtension>
			<gpxtpx:course>140.8</gpxtpx:course>
		</gpxtpx:TrackPointExtension>
	</extensions>
</trkpt>
<trkpt lat="47.833360" lon="20.046284">
	<ele>304.33</ele>
	<time>2017-10-14T10:45:31.000Z</time>
	<pdop>3.00</pdop>
	<extensions>
		<gpxtpx:TrackPointExtension>
			<gpxtpx:course>140.8</gpxtpx:course>
		</gpxtpx:TrackPointExtension>
	</extensions>
</trkpt>
<trkpt lat="47.833336" lon="20.046299">
	<ele>303.90</ele>
	<time>2017-10-14T10:45:41.000Z</time>
	<pdop>3.00</pdop>
	<extensions>
		<gpxtpx:TrackPointExtension>
			<gpxtpx:course>140.8</gpxtpx:course>
		</gpxtpx:TrackPointExtension>
	</extensions>
</trkpt>
<trkpt lat="47.833321" lon="20.046315">
	<ele>304.87</ele>
	<time>2017-10-14T10:45:51.000Z</time>
	<pdop>4.00</pdop>
	<extensions>
		<gpxtpx:TrackPointExtension>
			<gpxtpx:course>140.8</gpxtpx:course>
		</gpxtpx:TrackPointExtension>
	</extensions>
</trkpt>
<trkpt lat="47.833294" lon="20.046335">
	<ele>303.42</ele>
	<time>2017-10-14T10:46:01.000Z</time>
	<pdop>3.00</pdop>
	<extensions>
		<gpxtpx:TrackPointExtension>
			<gpxtpx:course>140.8</gpxtpx:course>
		</gpxtpx:TrackPointExtension>
	</extensions>
</trkpt>
<trkpt lat="47.833260" lon="20.046337">
	<ele>300.73</ele>
	<time>2017-10-14T10:46:11.000Z</time>
	<pdop>3.00</pdop>
	<extensions>
		<gpxtpx:TrackPointExtension>
			<gpxtpx:course>140.8</gpxtpx:course>
		</gpxtpx:TrackPointExtension>
	</extensions>
</trkpt>
<trkpt lat="47.833234" lon="20.046348">
	<ele>300.42</ele>
	<time>2017-10-14T10:46:21.000Z</time>
	<pdop>3.00</pdop>
	<extensions>
		<gpxtpx:TrackPointExtension>
			<gpxtpx:course>140.8</gpxtpx:course>
		</gpxtpx:TrackPointExtension>
	</extensions>
</trkpt>
<trkpt lat="47.833220" lon="20.046368">
	<ele>299.42</ele>
	<time>2017-10-14T10:46:31.000Z</time>
	<pdop>4.00</pdop>
	<extensions>
		<gpxtpx:TrackPointExtension>
			<gpxtpx:course>140.8</gpxtpx:course>
		</gpxtpx:TrackPointExtension>
	</extensions>
</trkpt>
<trkpt lat="47.833196" lon="20.046384">
	<ele>298.42</ele>
	<time>2017-10-14T10:46:41.000Z</time>
	<pdop>3.00</pdop>
	<extensions>
		<gpxtpx:TrackPointExtension>
			<gpxtpx:course>140.8</gpxtpx:course>
		</gpxtpx:TrackPointExtension>
	</extensions>
</trkpt>
<trkpt lat="47.833184" lon="20.046387">
	<ele>298.42</ele>
	<time>2017-10-14T10:46:51.000Z</time>
	<pdop>3.00</pdop>
	<extensions>
		<gpxtpx:TrackPointExtension>
			<gpxtpx:course>140.8</gpxtpx:course>
		</gpxtpx:TrackPointExtension>
	</extensions>
</trkpt>
<trkpt lat="47.833169" lon="20.046392">
	<ele>297.44</ele>
	<time>2017-10-14T10:47:00.580Z</time>
	<pdop>3.00</pdop>
	<extensions>
		<gpxtpx:TrackPointExtension>
			<gpxtpx:course>140.8</gpxtpx:course>
		</gpxtpx:TrackPointExtension>
	</extensions>
</trkpt>
<trkpt lat="47.833135" lon="20.046417">
	<ele>295.77</ele>
	<time>2017-10-14T10:47:10.000Z</time>
	<pdop>3.00</pdop>
	<extensions>
		<gpxtpx:TrackPointExtension>
			<gpxtpx:course>140.8</gpxtpx:course>
		</gpxtpx:TrackPointExtension>
	</extensions>
</trkpt>
<trkpt lat="47.833124" lon="20.046419">
	<ele>295.42</ele>
	<time>2017-10-14T10:47:21.557Z</time>
	<pdop>3.00</pdop>
	<extensions>
		<gpxtpx:TrackPointExtension>
			<gpxtpx:course>140.8</gpxtpx:course>
		</gpxtpx:TrackPointExtension>
	</extensions>
</trkpt>
<trkpt lat="47.833087" lon="20.046431">
	<ele>293.46</ele>
	<time>2017-10-14T10:47:31.000Z</time>
	<pdop>3.00</pdop>
	<extensions>
		<gpxtpx:TrackPointExtension>
			<gpxtpx:course>140.8</gpxtpx:course>
		</gpxtpx:TrackPointExtension>
	</extensions>
</trkpt>
<trkpt lat="47.833057" lon="20.046460">
	<ele>292.43</ele>
	<time>2017-10-14T10:47:41.567Z</time>
	<pdop>3.00</pdop>
	<extensions>
		<gpxtpx:TrackPointExtension>
			<gpxtpx:course>140.8</gpxtpx:course>
		</gpxtpx:TrackPointExtension>
	</extensions>
</trkpt>
<trkpt lat="47.833030" lon="20.046481">
	<ele>292.42</ele>
	<time>2017-10-14T10:47:51.000Z</time>
	<pdop>3.00</pdop>
	<extensions>
		<gpxtpx:TrackPointExtension>
			<gpxtpx:course>140.8</gpxtpx:course>
		</gpxtpx:TrackPointExtension>
	</extensions>
</trkpt>
<trkpt lat="47.833002" lon="20.046500">
	<ele>292.07</ele>
	<time>2017-10-14T10:48:01.000Z</time>
	<pdop>3.00</pdop>
	<extensions>
		<gpxtpx:TrackPointExtension>
			<gpxtpx:course>140.8</gpxtpx:course>
		</gpxtpx:TrackPointExtension>
	</extensions>
</trkpt>
<trkpt lat="47.832966" lon="20.046520">
	<ele>291.41</ele>
	<time>2017-10-14T10:48:11.000Z</time>
	<pdop>3.00</pdop>
	<extensions>
		<gpxtpx:TrackPointExtension>
			<gpxtpx:course>140.8</gpxtpx:course>
		</gpxtpx:TrackPointExtension>
	</extensions>
</trkpt>
<trkpt lat="47.832952" lon="20.046541">
	<ele>291.43</ele>
	<time>2017-10-14T10:48:20.899Z</time>
	<pdop>3.00</pdop>
	<extensions>
		<gpxtpx:TrackPointExtension>
			<gpxtpx:course>140.8</gpxtpx:course>
		</gpxtpx:TrackPointExtension>
	</extensions>
</trkpt>
<trkpt lat="47.832921" lon="20.046571">
	<ele>290.44</ele>
	<time>2017-10-14T10:48:30.000Z</time>
	<pdop>3.00</pdop>
	<extensions>
		<gpxtpx:TrackPointExtension>
			<gpxtpx:course>140.8</gpxtpx:course>
		</gpxtpx:TrackPointExtension>
	</extensions>
</trkpt>
<trkpt lat="47.832885" lon="20.046594">
	<ele>289.42</ele>
	<time>2017-10-14T10:48:41.752Z</time>
	<pdop>3.00</pdop>
	<extensions>
		<gpxtpx:TrackPointExtension>
			<gpxtpx:course>140.8</gpxtpx:course>
		</gpxtpx:TrackPointExtension>
	</extensions>
</trkpt>
<trkpt lat="47.832843" lon="20.046626">
	<ele>288.46</ele>
	<time>2017-10-14T10:48:51.000Z</time>
	<pdop>3.00</pdop>
	<extensions>
		<gpxtpx:TrackPointExtension>
			<gpxtpx:course>140.8</gpxtpx:course>
		</gpxtpx:TrackPointExtension>
	</extensions>
</trkpt>
<trkpt lat="47.832818" lon="20.046654">
	<ele>286.67</ele>
	<time>2017-10-14T10:49:00.423Z</time>
	<pdop>3.00</pdop>
	<extensions>
		<gpxtpx:TrackPointExtension>
			<gpxtpx:course>140.8</gpxtpx:course>
		</gpxtpx:TrackPointExtension>
	</extensions>
</trkpt>
<trkpt lat="47.832794" lon="20.046709">
	<ele>286.42</ele>
	<time>2017-10-14T10:49:10.000Z</time>
	<pdop>3.00</pdop>
	<extensions>
		<gpxtpx:TrackPointExtension>
			<gpxtpx:course>140.8</gpxtpx:course>
		</gpxtpx:TrackPointExtension>
	</extensions>
</trkpt>
<trkpt lat="47.832793" lon="20.046789">
	<ele>285.42</ele>
	<time>2017-10-14T10:49:21.563Z</time>
	<pdop>3.00</pdop>
	<extensions>
		<gpxtpx:TrackPointExtension>
			<gpxtpx:course>140.8</gpxtpx:course>
		</gpxtpx:TrackPointExtension>
	</extensions>
</trkpt>
<trkpt lat="47.832786" lon="20.046888">
	<ele>284.42</ele>
	<time>2017-10-14T10:49:31.000Z</time>
	<pdop>3.00</pdop>
	<extensions>
		<gpxtpx:TrackPointExtension>
			<gpxtpx:course>140.8</gpxtpx:course>
		</gpxtpx:TrackPointExtension>
	</extensions>
</trkpt>
<trkpt lat="47.832783" lon="20.046954">
	<ele>283.48</ele>
	<time>2017-10-14T10:49:43.634Z</time>
	<pdop>3.00</pdop>
	<extensions>
		<gpxtpx:TrackPointExtension>
			<gpxtpx:course>140.8</gpxtpx:course>
		</gpxtpx:TrackPointExtension>
	</extensions>
</trkpt>
<trkpt lat="47.832761" lon="20.047011">
	<ele>282.44</ele>
	<time>2017-10-14T10:49:53.000Z</time>
	<pdop>3.00</pdop>
	<extensions>
		<gpxtpx:TrackPointExtension>
			<gpxtpx:course>140.8</gpxtpx:course>
		</gpxtpx:TrackPointExtension>
	</extensions>
</trkpt>
<trkpt lat="47.832745" lon="20.047083">
	<ele>281.42</ele>
	<time>2017-10-14T10:50:03.000Z</time>
	<pdop>3.00</pdop>
	<extensions>
		<gpxtpx:TrackPointExtension>
			<gpxtpx:course>140.8</gpxtpx:course>
		</gpxtpx:TrackPointExtension>
	</extensions>
</trkpt>
<trkpt lat="47.832714" lon="20.047141">
	<ele>280.35</ele>
	<time>2017-10-14T10:50:13.000Z</time>
	<pdop>3.00</pdop>
	<extensions>
		<gpxtpx:TrackPointExtension>
			<gpxtpx:course>140.8</gpxtpx:course>
		</gpxtpx:TrackPointExtension>
	</extensions>
</trkpt>
<trkpt lat="47.832696" lon="20.047190">
	<ele>279.40</ele>
	<time>2017-10-14T10:50:22.678Z</time>
	<pdop>3.00</pdop>
	<extensions>
		<gpxtpx:TrackPointExtension>
			<gpxtpx:course>140.8</gpxtpx:course>
		</gpxtpx:TrackPointExtension>
	</extensions>
</trkpt>
<trkpt lat="47.832697" lon="20.047291">
	<ele>278.42</ele>
	<time>2017-10-14T10:50:32.000Z</time>
	<pdop>3.00</pdop>
	<extensions>
		<gpxtpx:TrackPointExtension>
			<gpxtpx:course>140.8</gpxtpx:course>
		</gpxtpx:TrackPointExtension>
	</extensions>
</trkpt>
<trkpt lat="47.832679" lon="20.047361">
	<ele>276.49</ele>
	<time>2017-10-14T10:50:42.000Z</time>
	<pdop>3.00</pdop>
	<extensions>
		<gpxtpx:TrackPointExtension>
			<gpxtpx:course>140.8</gpxtpx:course>
		</gpxtpx:TrackPointExtension>
	</extensions>
</trkpt>
<trkpt lat="47.832688" lon="20.047440">
	<ele>275.47</ele>
	<time>2017-10-14T10:50:51.602Z</time>
	<pdop>3.00</pdop>
	<extensions>
		<gpxtpx:TrackPointExtension>
			<gpxtpx:course>21.5</gpxtpx:course>
		</gpxtpx:TrackPointExtension>
	</extensions>
</trkpt>
<trkpt lat="47.832684" lon="20.047485">
	<ele>274.66</ele>
	<time>2017-10-14T10:51:01.000Z</time>
	<pdop>3.00</pdop>
	<extensions>
		<gpxtpx:TrackPointExtension>
			<gpxtpx:course>128.2</gpxtpx:course>
		</gpxtpx:TrackPointExtension>
	</extensions>
</trkpt>
<trkpt lat="47.832627" lon="20.047580">
	<ele>274.41</ele>
	<time>2017-10-14T10:51:12.615Z</time>
	<pdop>3.00</pdop>
	<extensions>
		<gpxtpx:TrackPointExtension>
			<gpxtpx:course>108.5</gpxtpx:course>
		</gpxtpx:TrackPointExtension>
	</extensions>
</trkpt>
<trkpt lat="47.832639" lon="20.047570">
	<ele>274.42</ele>
	<time>2017-10-14T10:51:22.000Z</time>
	<pdop>3.00</pdop>
	<extensions>
		<gpxtpx:TrackPointExtension>
			<gpxtpx:course>108.5</gpxtpx:course>
		</gpxtpx:TrackPointExtension>
	</extensions>
</trkpt>
<trkpt lat="47.832632" lon="20.047579">
	<ele>275.28</ele>
	<time>2017-10-14T10:53:19.000Z</time>
	<pdop>3.00</pdop>
	<extensions>
		<gpxtpx:TrackPointExtension>
			<gpxtpx:course>108.5</gpxtpx:course>
		</gpxtpx:TrackPointExtension>
	</extensions>
</trkpt>
<trkpt lat="47.832638" lon="20.047569">
	<ele>275.67</ele>
	<time>2017-10-14T10:54:54.210Z</time>
	<pdop>3.00</pdop>
	<extensions>
		<gpxtpx:TrackPointExtension>
			<gpxtpx:course>108.5</gpxtpx:course>
		</gpxtpx:TrackPointExtension>
	</extensions>
</trkpt>
<trkpt lat="47.832652" lon="20.047581">
	<ele>275.78</ele>
	<time>2017-10-14T11:01:12.000Z</time>
	<pdop>9.00</pdop>
	<extensions>
		<gpxtpx:TrackPointExtension>
			<gpxtpx:course>108.5</gpxtpx:course>
		</gpxtpx:TrackPointExtension>
	</extensions>
</trkpt>
<trkpt lat="47.832699" lon="20.047637">
	<ele>276.61</ele>
	<time>2017-10-14T11:01:22.000Z</time>
	<pdop>3.00</pdop>
	<extensions>
		<gpxtpx:TrackPointExtension>
			<gpxtpx:course>46.8</gpxtpx:course>
		</gpxtpx:TrackPointExtension>
	</extensions>
</trkpt>
<trkpt lat="47.832756" lon="20.047720">
	<ele>276.56</ele>
	<time>2017-10-14T11:01:32.000Z</time>
	<pdop>3.00</pdop>
	<extensions>
		<gpxtpx:TrackPointExtension>
			<gpxtpx:course>57.9</gpxtpx:course>
		</gpxtpx:TrackPointExtension>
	</extensions>
</trkpt>
<trkpt lat="47.832815" lon="20.047837">
	<ele>275.28</ele>
	<time>2017-10-14T11:01:42.000Z</time>
	<pdop>3.00</pdop>
	<extensions>
		<gpxtpx:TrackPointExtension>
			<gpxtpx:course>52.3</gpxtpx:course>
		</gpxtpx:TrackPointExtension>
	</extensions>
</trkpt>
<trkpt lat="47.832879" lon="20.047936">
	<ele>274.30</ele>
	<time>2017-10-14T11:01:52.000Z</time>
	<pdop>4.00</pdop>
	<extensions>
		<gpxtpx:TrackPointExtension>
			<gpxtpx:course>43.4</gpxtpx:course>
		</gpxtpx:TrackPointExtension>
	</extensions>
</trkpt>
<trkpt lat="47.832963" lon="20.048018">
	<ele>274.22</ele>
	<time>2017-10-14T11:02:02.000Z</time>
	<pdop>3.00</pdop>
	<extensions>
		<gpxtpx:TrackPointExtension>
			<gpxtpx:course>36.5</gpxtpx:course>
		</gpxtpx:TrackPointExtension>
	</extensions>
</trkpt>
<trkpt lat="47.833031" lon="20.048131">
	<ele>271.96</ele>
	<time>2017-10-14T11:02:12.000Z</time>
	<pdop>3.00</pdop>
	<extensions>
		<gpxtpx:TrackPointExtension>
			<gpxtpx:course>43.3</gpxtpx:course>
		</gpxtpx:TrackPointExtension>
	</extensions>
</trkpt>
<trkpt lat="47.833067" lon="20.048235">
	<ele>273.16</ele>
	<time>2017-10-14T11:02:21.181Z</time>
	<pdop>3.00</pdop>
	<extensions>
		<gpxtpx:TrackPointExtension>
			<gpxtpx:course>56.1</gpxtpx:course>
		</gpxtpx:TrackPointExtension>
	</extensions>
</trkpt>
<trkpt lat="47.833117" lon="20.048353">
	<ele>273.42</ele>
	<time>2017-10-14T11:02:31.000Z</time>
	<pdop>3.00</pdop>
	<extensions>
		<gpxtpx:TrackPointExtension>
			<gpxtpx:course>58.5</gpxtpx:course>
		</gpxtpx:TrackPointExtension>
	</extensions>
</trkpt>
<trkpt lat="47.833156" lon="20.048480">
	<ele>274.43</ele>
	<time>2017-10-14T11:02:41.000Z</time>
	<pdop>3.00</pdop>
	<extensions>
		<gpxtpx:TrackPointExtension>
			<gpxtpx:course>62.1</gpxtpx:course>
		</gpxtpx:TrackPointExtension>
	</extensions>
</trkpt>
<trkpt lat="47.833196" lon="20.048609">
	<ele>274.18</ele>
	<time>2017-10-14T11:02:51.000Z</time>
	<pdop>3.00</pdop>
	<extensions>
		<gpxtpx:TrackPointExtension>
			<gpxtpx:course>69.8</gpxtpx:course>
		</gpxtpx:TrackPointExtension>
	</extensions>
</trkpt>
<trkpt lat="47.833224" lon="20.048695">
	<ele>274.94</ele>
	<time>2017-10-14T11:03:01.000Z</time>
	<pdop>3.00</pdop>
	<extensions>
		<gpxtpx:TrackPointExtension>
			<gpxtpx:course>65.8</gpxtpx:course>
		</gpxtpx:TrackPointExtension>
	</extensions>
</trkpt>
<trkpt lat="47.833287" lon="20.048818">
	<ele>273.67</ele>
	<time>2017-10-14T11:03:11.000Z</time>
	<pdop>3.00</pdop>
	<extensions>
		<gpxtpx:TrackPointExtension>
			<gpxtpx:course>51.5</gpxtpx:course>
		</gpxtpx:TrackPointExtension>
	</extensions>
</trkpt>
<trkpt lat="47.833309" lon="20.048851">
	<ele>272.43</ele>
	<time>2017-10-14T11:03:21.000Z</time>
	<pdop>3.00</pdop>
	<extensions>
		<gpxtpx:TrackPointExtension>
			<gpxtpx:course>46.0</gpxtpx:course>
		</gpxtpx:TrackPointExtension>
	</extensions>
</trkpt>
<trkpt lat="47.833365" lon="20.048964">
	<ele>271.42</ele>
	<time>2017-10-14T11:03:31.000Z</time>
	<pdop>4.00</pdop>
	<extensions>
		<gpxtpx:TrackPointExtension>
			<gpxtpx:course>47.8</gpxtpx:course>
		</gpxtpx:TrackPointExtension>
	</extensions>
</trkpt>
<trkpt lat="47.833435" lon="20.049071">
	<ele>272.42</ele>
	<time>2017-10-14T11:03:43.650Z</time>
	<pdop>4.00</pdop>
	<extensions>
		<gpxtpx:TrackPointExtension>
			<gpxtpx:course>44.2</gpxtpx:course>
		</gpxtpx:TrackPointExtension>
	</extensions>
</trkpt>
<trkpt lat="47.833515" lon="20.049212">
	<ele>271.68</ele>
	<time>2017-10-14T11:03:53.000Z</time>
	<pdop>3.00</pdop>
	<extensions>
		<gpxtpx:TrackPointExtension>
			<gpxtpx:course>45.4</gpxtpx:course>
		</gpxtpx:TrackPointExtension>
	</extensions>
</trkpt>
<trkpt lat="47.833573" lon="20.049342">
	<ele>271.43</ele>
	<time>2017-10-14T11:04:03.000Z</time>
	<pdop>4.00</pdop>
	<extensions>
		<gpxtpx:TrackPointExtension>
			<gpxtpx:course>58.9</gpxtpx:course>
		</gpxtpx:TrackPointExtension>
	</extensions>
</trkpt>
<trkpt lat="47.833618" lon="20.049431">
	<ele>271.43</ele>
	<time>2017-10-14T11:04:13.000Z</time>
	<pdop>3.00</pdop>
	<extensions>
		<gpxtpx:TrackPointExtension>
			<gpxtpx:course>64.7</gpxtpx:course>
		</gpxtpx:TrackPointExtension>
	</extensions>
</trkpt>
<trkpt lat="47.833652" lon="20.049558">
	<ele>270.43</ele>
	<time>2017-10-14T11:04:23.754Z</time>
	<pdop>4.00</pdop>
	<extensions>
		<gpxtpx:TrackPointExtension>
			<gpxtpx:course>71.2</gpxtpx:course>
		</gpxtpx:TrackPointExtension>
	</extensions>
</trkpt>
<trkpt lat="47.833687" lon="20.049712">
	<ele>269.43</ele>
	<time>2017-10-14T11:04:33.000Z</time>
	<pdop>3.00</pdop>
	<extensions>
		<gpxtpx:TrackPointExtension>
			<gpxtpx:course>70.8</gpxtpx:course>
		</gpxtpx:TrackPointExtension>
	</extensions>
</trkpt>
<trkpt lat="47.833711" lon="20.049834">
	<ele>268.51</ele>
	<time>2017-10-14T11:04:43.399Z</time>
	<pdop>3.00</pdop>
	<extensions>
		<gpxtpx:TrackPointExtension>
			<gpxtpx:course>77.7</gpxtpx:course>
		</gpxtpx:TrackPointExtension>
	</extensions>
</trkpt>
<trkpt lat="47.833733" lon="20.049993">
	<ele>267.45</ele>
	<time>2017-10-14T11:04:53.000Z</time>
	<pdop>3.00</pdop>
	<extensions>
		<gpxtpx:TrackPointExtension>
			<gpxtpx:course>81.9</gpxtpx:course>
		</gpxtpx:TrackPointExtension>
	</extensions>
</trkpt>
<trkpt lat="47.833743" lon="20.050108">
	<ele>266.61</ele>
	<time>2017-10-14T11:05:02.329Z</time>
	<pdop>3.00</pdop>
	<extensions>
		<gpxtpx:TrackPointExtension>
			<gpxtpx:course>84.5</gpxtpx:course>
		</gpxtpx:TrackPointExtension>
	</extensions>
</trkpt>
<trkpt lat="47.833748" lon="20.050253">
	<ele>266.27</ele>
	<time>2017-10-14T11:05:12.000Z</time>
	<pdop>3.00</pdop>
	<extensions>
		<gpxtpx:TrackPointExtension>
			<gpxtpx:course>90.1</gpxtpx:course>
		</gpxtpx:TrackPointExtension>
	</extensions>
</trkpt>
<trkpt lat="47.833746" lon="20.050367">
	<ele>265.43</ele>
	<time>2017-10-14T11:05:21.555Z</time>
	<pdop>3.00</pdop>
	<extensions>
		<gpxtpx:TrackPointExtension>
			<gpxtpx:course>94.7</gpxtpx:course>
		</gpxtpx:TrackPointExtension>
	</extensions>
</trkpt>
<trkpt lat="47.833734" lon="20.050528">
	<ele>263.88</ele>
	<time>2017-10-14T11:05:31.000Z</time>
	<pdop>3.00</pdop>
	<extensions>
		<gpxtpx:TrackPointExtension>
			<gpxtpx:course>98.5</gpxtpx:course>
		</gpxtpx:TrackPointExtension>
	</extensions>
</trkpt>
<trkpt lat="47.833722" lon="20.050648">
	<ele>262.58</ele>
	<time>2017-10-14T11:05:42.433Z</time>
	<pdop>3.00</pdop>
	<extensions>
		<gpxtpx:TrackPointExtension>
			<gpxtpx:course>101.0</gpxtpx:course>
		</gpxtpx:TrackPointExtension>
	</extensions>
</trkpt>
<trkpt lat="47.833705" lon="20.050823">
	<ele>262.43</ele>
	<time>2017-10-14T11:05:52.000Z</time>
	<pdop>3.00</pdop>
	<extensions>
		<gpxtpx:TrackPointExtension>
			<gpxtpx:course>98.6</gpxtpx:course>
		</gpxtpx:TrackPointExtension>
	</extensions>
</trkpt>
<trkpt lat="47.833690" lon="20.050931">
	<ele>261.43</ele>
	<time>2017-10-14T11:06:01.030Z</time>
	<pdop>3.00</pdop>
	<extensions>
		<gpxtpx:TrackPointExtension>
			<gpxtpx:course>110.4</gpxtpx:course>
		</gpxtpx:TrackPointExtension>
	</extensions>
</trkpt>
<trkpt lat="47.833674" lon="20.051078">
	<ele>259.79</ele>
	<time>2017-10-14T11:06:11.000Z</time>
	<pdop>3.00</pdop>
	<extensions>
		<gpxtpx:TrackPointExtension>
			<gpxtpx:course>101.6</gpxtpx:course>
		</gpxtpx:TrackPointExtension>
	</extensions>
</trkpt>
<trkpt lat="47.833674" lon="20.051185">
	<ele>259.12</ele>
	<time>2017-10-14T11:06:20.745Z</time>
	<pdop>3.00</pdop>
	<extensions>
		<gpxtpx:TrackPointExtension>
			<gpxtpx:course>95.3</gpxtpx:course>
		</gpxtpx:TrackPointExtension>
	</extensions>
</trkpt>
<trkpt lat="47.833673" lon="20.051370">
	<ele>258.43</ele>
	<time>2017-10-14T11:06:30.000Z</time>
	<pdop>3.00</pdop>
	<extensions>
		<gpxtpx:TrackPointExtension>
			<gpxtpx:course>90.4</gpxtpx:course>
		</gpxtpx:TrackPointExtension>
	</extensions>
</trkpt>
<trkpt lat="47.833686" lon="20.051520">
	<ele>258.37</ele>
	<time>2017-10-14T11:06:40.000Z</time>
	<pdop>3.00</pdop>
	<extensions>
		<gpxtpx:TrackPointExtension>
			<gpxtpx:course>82.3</gpxtpx:course>
		</gpxtpx:TrackPointExtension>
	</extensions>
</trkpt>
<trkpt lat="47.833705" lon="20.051671">
	<ele>257.08</ele>
	<time>2017-10-14T11:06:50.000Z</time>
	<pdop>3.00</pdop>
	<extensions>
		<gpxtpx:TrackPointExtension>
			<gpxtpx:course>82.8</gpxtpx:course>
		</gpxtpx:TrackPointExtension>
	</extensions>
</trkpt>
<trkpt lat="47.833717" lon="20.051813">
	<ele>256.43</ele>
	<time>2017-10-14T11:07:01.064Z</time>
	<pdop>3.00</pdop>
	<extensions>
		<gpxtpx:TrackPointExtension>
			<gpxtpx:course>92.4</gpxtpx:course>
		</gpxtpx:TrackPointExtension>
	</extensions>
</trkpt>
<trkpt lat="47.833719" lon="20.051856">
	<ele>255.47</ele>
	<time>2017-10-14T11:07:11.000Z</time>
	<pdop>3.00</pdop>
	<extensions>
		<gpxtpx:TrackPointExtension>
			<gpxtpx:course>92.4</gpxtpx:course>
		</gpxtpx:TrackPointExtension>
	</extensions>
</trkpt>
<trkpt lat="47.833724" lon="20.051958">
	<ele>255.43</ele>
	<time>2017-10-14T11:07:21.000Z</time>
	<pdop>3.00</pdop>
	<extensions>
		<gpxtpx:TrackPointExtension>
			<gpxtpx:course>92.4</gpxtpx:course>
		</gpxtpx:TrackPointExtension>
	</extensions>
</trkpt>
<trkpt lat="47.833719" lon="20.052051">
	<ele>254.68</ele>
	<time>2017-10-14T11:07:31.000Z</time>
	<pdop>3.00</pdop>
	<extensions>
		<gpxtpx:TrackPointExtension>
			<gpxtpx:course>92.9</gpxtpx:course>
		</gpxtpx:TrackPointExtension>
	</extensions>
</trkpt>
<trkpt lat="47.833701" lon="20.052198">
	<ele>254.43</ele>
	<time>2017-10-14T11:07:41.000Z</time>
	<pdop>3.00</pdop>
	<extensions>
		<gpxtpx:TrackPointExtension>
			<gpxtpx:course>104.2</gpxtpx:course>
		</gpxtpx:TrackPointExtension>
	</extensions>
</trkpt>
<trkpt lat="47.833679" lon="20.052351">
	<ele>252.61</ele>
	<time>2017-10-14T11:07:51.000Z</time>
	<pdop>3.00</pdop>
	<extensions>
		<gpxtpx:TrackPointExtension>
			<gpxtpx:course>104.1</gpxtpx:course>
		</gpxtpx:TrackPointExtension>
	</extensions>
</trkpt>
<trkpt lat="47.833655" lon="20.052505">
	<ele>252.97</ele>
	<time>2017-10-14T11:08:01.000Z</time>
	<pdop>3.00</pdop>
	<extensions>
		<gpxtpx:TrackPointExtension>
			<gpxtpx:course>108.4</gpxtpx:course>
		</gpxtpx:TrackPointExtension>
	</extensions>
</trkpt>
<trkpt lat="47.833621" lon="20.052652">
	<ele>252.44</ele>
	<time>2017-10-14T11:08:11.000Z</time>
	<pdop>4.00</pdop>
	<extensions>
		<gpxtpx:TrackPointExtension>
			<gpxtpx:course>112.7</gpxtpx:course>
		</gpxtpx:TrackPointExtension>
	</extensions>
</trkpt>
<trkpt lat="47.833570" lon="20.052785">
	<ele>251.88</ele>
	<time>2017-10-14T11:08:21.000Z</time>
	<pdop>4.00</pdop>
	<extensions>
		<gpxtpx:TrackPointExtension>
			<gpxtpx:course>128.1</gpxtpx:course>
		</gpxtpx:TrackPointExtension>
	</extensions>
</trkpt>
<trkpt lat="47.833520" lon="20.052909">
	<ele>252.01</ele>
	<time>2017-10-14T11:08:31.000Z</time>
	<pdop>4.00</pdop>
	<extensions>
		<gpxtpx:TrackPointExtension>
			<gpxtpx:course>116.5</gpxtpx:course>
		</gpxtpx:TrackPointExtension>
	</extensions>
</trkpt>
<trkpt lat="47.833462" lon="20.053019">
	<ele>251.98</ele>
	<time>2017-10-14T11:08:41.000Z</time>
	<pdop>3.00</pdop>
	<extensions>
		<gpxtpx:TrackPointExtension>
			<gpxtpx:course>129.6</gpxtpx:course>
		</gpxtpx:TrackPointExtension>
	</extensions>
</trkpt>
<trkpt lat="47.833408" lon="20.053139">
	<ele>250.49</ele>
	<time>2017-10-14T11:08:51.000Z</time>
	<pdop>3.00</pdop>
	<extensions>
		<gpxtpx:TrackPointExtension>
			<gpxtpx:course>114.2</gpxtpx:course>
		</gpxtpx:TrackPointExtension>
	</extensions>
</trkpt>
<trkpt lat="47.833378" lon="20.053248">
	<ele>250.43</ele>
	<time>2017-10-14T11:09:01.000Z</time>
	<pdop>3.00</pdop>
	<extensions>
		<gpxtpx:TrackPointExtension>
			<gpxtpx:course>119.6</gpxtpx:course>
		</gpxtpx:TrackPointExtension>
	</extensions>
</trkpt>
<trkpt lat="47.833341" lon="20.053358">
	<ele>249.45</ele>
	<time>2017-10-14T11:09:11.000Z</time>
	<pdop>3.00</pdop>
	<extensions>
		<gpxtpx:TrackPointExtension>
			<gpxtpx:course>114.2</gpxtpx:course>
		</gpxtpx:TrackPointExtension>
	</extensions>
</trkpt>
<trkpt lat="47.833312" lon="20.053480">
	<ele>249.43</ele>
	<time>2017-10-14T11:09:21.000Z</time>
	<pdop>3.00</pdop>
	<extensions>
		<gpxtpx:TrackPointExtension>
			<gpxtpx:course>114.1</gpxtpx:course>
		</gpxtpx:TrackPointExtension>
	</extensions>
</trkpt>
<trkpt lat="47.833282" lon="20.053614">
	<ele>249.43</ele>
	<time>2017-10-14T11:09:31.000Z</time>
	<pdop>3.00</pdop>
	<extensions>
		<gpxtpx:TrackPointExtension>
			<gpxtpx:course>110.4</gpxtpx:course>
		</gpxtpx:TrackPointExtension>
	</extensions>
</trkpt>
<trkpt lat="47.833246" lon="20.053742">
	<ele>249.08</ele>
	<time>2017-10-14T11:09:41.000Z</time>
	<pdop>4.00</pdop>
	<extensions>
		<gpxtpx:TrackPointExtension>
			<gpxtpx:course>118.1</gpxtpx:course>
		</gpxtpx:TrackPointExtension>
	</extensions>
</trkpt>
<trkpt lat="47.833205" lon="20.053845">
	<ele>247.85</ele>
	<time>2017-10-14T11:09:51.000Z</time>
	<pdop>3.00</pdop>
	<extensions>
		<gpxtpx:TrackPointExtension>
			<gpxtpx:course>129.7</gpxtpx:course>
		</gpxtpx:TrackPointExtension>
	</extensions>
</trkpt>
<trkpt lat="47.833123" lon="20.053912">
	<ele>245.45</ele>
	<time>2017-10-14T11:10:01.000Z</time>
	<pdop>4.00</pdop>
	<extensions>
		<gpxtpx:TrackPointExtension>
			<gpxtpx:course>145.8</gpxtpx:course>
		</gpxtpx:TrackPointExtension>
	</extensions>
</trkpt>
<trkpt lat="47.833023" lon="20.053952">
	<ele>243.68</ele>
	<time>2017-10-14T11:10:11.000Z</time>
	<pdop>3.00</pdop>
	<extensions>
		<gpxtpx:TrackPointExtension>
			<gpxtpx:course>171.7</gpxtpx:course>
		</gpxtpx:TrackPointExtension>
	</extensions>
</trkpt>
<trkpt lat="47.832926" lon="20.054001">
	<ele>243.49</ele>
	<time>2017-10-14T11:10:22.591Z</time>
	<pdop>3.00</pdop>
	<extensions>
		<gpxtpx:TrackPointExtension>
			<gpxtpx:course>172.2</gpxtpx:course>
		</gpxtpx:TrackPointExtension>
	</extensions>
</trkpt>
<trkpt lat="47.832811" lon="20.054028">
	<ele>244.43</ele>
	<time>2017-10-14T11:10:32.000Z</time>
	<pdop>3.00</pdop>
	<extensions>
		<gpxtpx:TrackPointExtension>
			<gpxtpx:course>177.7</gpxtpx:course>
		</gpxtpx:TrackPointExtension>
	</extensions>
</trkpt>
<trkpt lat="47.832813" lon="20.054059">
	<ele>243.45</ele>
	<time>2017-10-14T11:10:41.744Z</time>
	<pdop>3.00</pdop>
	<extensions>
		<gpxtpx:TrackPointExtension>
			<gpxtpx:course>100.6</gpxtpx:course>
		</gpxtpx:TrackPointExtension>
	</extensions>
</trkpt>
<trkpt lat="47.832829" lon="20.054061">
	<ele>242.44</ele>
	<time>2017-10-14T11:10:51.000Z</time>
	<pdop>3.00</pdop>
	<extensions>
		<gpxtpx:TrackPointExtension>
			<gpxtpx:course>100.6</gpxtpx:course>
		</gpxtpx:TrackPointExtension>
	</extensions>
</trkpt>
<trkpt lat="47.832820" lon="20.054064">
	<ele>243.42</ele>
	<time>2017-10-14T11:11:13.000Z</time>
	<pdop>3.00</pdop>
	<extensions>
		<gpxtpx:TrackPointExtension>
			<gpxtpx:course>100.6</gpxtpx:course>
		</gpxtpx:TrackPointExtension>
	</extensions>
</trkpt>
<trkpt lat="47.832812" lon="20.054059">
	<ele>243.69</ele>
	<time>2017-10-14T11:11:40.000Z</time>
	<pdop>3.00</pdop>
	<extensions>
		<gpxtpx:TrackPointExtension>
			<gpxtpx:course>100.6</gpxtpx:course>
		</gpxtpx:TrackPointExtension>
	</extensions>
</trkpt>
<trkpt lat="47.832716" lon="20.054081">
	<ele>241.48</ele>
	<time>2017-10-14T11:11:50.000Z</time>
	<pdop>3.00</pdop>
	<extensions>
		<gpxtpx:TrackPointExtension>
			<gpxtpx:course>170.6</gpxtpx:course>
		</gpxtpx:TrackPointExtension>
	</extensions>
</trkpt>
<trkpt lat="47.832610" lon="20.054095">
	<ele>240.45</ele>
	<time>2017-10-14T11:12:00.000Z</time>
	<pdop>3.00</pdop>
	<extensions>
		<gpxtpx:TrackPointExtension>
			<gpxtpx:course>175.4</gpxtpx:course>
		</gpxtpx:TrackPointExtension>
	</extensions>
</trkpt>
<trkpt lat="47.832578" lon="20.054112">
	<ele>239.45</ele>
	<time>2017-10-14T11:12:10.000Z</time>
	<pdop>3.00</pdop>
	<extensions>
		<gpxtpx:TrackPointExtension>
			<gpxtpx:course>169.5</gpxtpx:course>
		</gpxtpx:TrackPointExtension>
	</extensions>
</trkpt>
<trkpt lat="47.832509" lon="20.054127">
	<ele>238.46</ele>
	<time>2017-10-14T11:12:19.264Z</time>
	<pdop>3.00</pdop>
	<extensions>
		<gpxtpx:TrackPointExtension>
			<gpxtpx:course>172.7</gpxtpx:course>
		</gpxtpx:TrackPointExtension>
	</extensions>
</trkpt>
<trkpt lat="47.832400" lon="20.054151">
	<ele>238.43</ele>
	<time>2017-10-14T11:12:29.000Z</time>
	<pdop>3.00</pdop>
	<extensions>
		<gpxtpx:TrackPointExtension>
			<gpxtpx:course>163.5</gpxtpx:course>
		</gpxtpx:TrackPointExtension>
	</extensions>
</trkpt>
<trkpt lat="47.832325" lon="20.054178">
	<ele>239.43</ele>
	<time>2017-10-14T11:12:38.405Z</time>
	<pdop>3.00</pdop>
	<extensions>
		<gpxtpx:TrackPointExtension>
			<gpxtpx:course>164.9</gpxtpx:course>
		</gpxtpx:TrackPointExtension>
	</extensions>
</trkpt>
<trkpt lat="47.832217" lon="20.054235">
	<ele>238.49</ele>
	<time>2017-10-14T11:12:48.000Z</time>
	<pdop>3.00</pdop>
	<extensions>
		<gpxtpx:TrackPointExtension>
			<gpxtpx:course>159.2</gpxtpx:course>
		</gpxtpx:TrackPointExtension>
	</extensions>
</trkpt>
<trkpt lat="47.832156" lon="20.054270">
	<ele>239.02</ele>
	<time>2017-10-14T11:12:58.000Z</time>
	<pdop>3.00</pdop>
	<extensions>
		<gpxtpx:TrackPointExtension>
			<gpxtpx:course>158.1</gpxtpx:course>
		</gpxtpx:TrackPointExtension>
	</extensions>
</trkpt>
<trkpt lat="47.832137" lon="20.054289">
	<ele>238.49</ele>
	<time>2017-10-14T11:13:08.000Z</time>
	<pdop>3.00</pdop>
	<extensions>
		<gpxtpx:TrackPointExtension>
			<gpxtpx:course>154.0</gpxtpx:course>
		</gpxtpx:TrackPointExtension>
	</extensions>
</trkpt>
<trkpt lat="47.832031" lon="20.054341">
	<ele>239.33</ele>
	<time>2017-10-14T11:13:19.030Z</time>
	<pdop>3.00</pdop>
	<extensions>
		<gpxtpx:TrackPointExtension>
			<gpxtpx:course>155.9</gpxtpx:course>
		</gpxtpx:TrackPointExtension>
	</extensions>
</trkpt>
<trkpt lat="47.831941" lon="20.054405">
	<ele>237.68</ele>
	<time>2017-10-14T11:13:29.000Z</time>
	<pdop>3.00</pdop>
	<extensions>
		<gpxtpx:TrackPointExtension>
			<gpxtpx:course>149.3</gpxtpx:course>
		</gpxtpx:TrackPointExtension>
	</extensions>
</trkpt>
<trkpt lat="47.831896" lon="20.054450">
	<ele>236.45</ele>
	<time>2017-10-14T11:13:39.226Z</time>
	<pdop>3.00</pdop>
	<extensions>
		<gpxtpx:TrackPointExtension>
			<gpxtpx:course>150.0</gpxtpx:course>
		</gpxtpx:TrackPointExtension>
	</extensions>
</trkpt>
<trkpt lat="47.831863" lon="20.054497">
	<ele>235.39</ele>
	<time>2017-10-14T11:13:49.000Z</time>
	<pdop>3.00</pdop>
	<extensions>
		<gpxtpx:TrackPointExtension>
			<gpxtpx:course>139.6</gpxtpx:course>
		</gpxtpx:TrackPointExtension>
	</extensions>
</trkpt>
<trkpt lat="47.831792" lon="20.054547">
	<ele>234.46</ele>
	<time>2017-10-14T11:13:58.402Z</time>
	<pdop>4.00</pdop>
	<extensions>
		<gpxtpx:TrackPointExtension>
			<gpxtpx:course>151.7</gpxtpx:course>
		</gpxtpx:TrackPointExtension>
	</extensions>
</trkpt>
<trkpt lat="47.831687" lon="20.054636">
	<ele>233.43</ele>
	<time>2017-10-14T11:14:08.000Z</time>
	<pdop>3.00</pdop>
	<extensions>
		<gpxtpx:TrackPointExtension>
			<gpxtpx:course>150.3</gpxtpx:course>
		</gpxtpx:TrackPointExtension>
	</extensions>
</trkpt>
<trkpt lat="47.831604" lon="20.054710">
	<ele>233.43</ele>
	<time>2017-10-14T11:14:18.396Z</time>
	<pdop>3.00</pdop>
	<extensions>
		<gpxtpx:TrackPointExtension>
			<gpxtpx:course>147.1</gpxtpx:course>
		</gpxtpx:TrackPointExtension>
	</extensions>
</trkpt>
<trkpt lat="47.831503" lon="20.054784">
	<ele>232.44</ele>
	<time>2017-10-14T11:14:28.000Z</time>
	<pdop>3.00</pdop>
	<extensions>
		<gpxtpx:TrackPointExtension>
			<gpxtpx:course>154.2</gpxtpx:course>
		</gpxtpx:TrackPointExtension>
	</extensions>
</trkpt>
<trkpt lat="47.831422" lon="20.054850">
	<ele>231.68</ele>
	<time>2017-10-14T11:14:39.003Z</time>
	<pdop>3.00</pdop>
	<extensions>
		<gpxtpx:TrackPointExtension>
			<gpxtpx:course>151.1</gpxtpx:course>
		</gpxtpx:TrackPointExtension>
	</extensions>
</trkpt>
<trkpt lat="47.831294" lon="20.054925">
	<ele>230.41</ele>
	<time>2017-10-14T11:14:49.000Z</time>
	<pdop>3.00</pdop>
	<extensions>
		<gpxtpx:TrackPointExtension>
			<gpxtpx:course>154.4</gpxtpx:course>
		</gpxtpx:TrackPointExtension>
	</extensions>
</trkpt>
<trkpt lat="47.831217" lon="20.054977">
	<ele>229.70</ele>
	<time>2017-10-14T11:14:58.726Z</time>
	<pdop>3.00</pdop>
	<extensions>
		<gpxtpx:TrackPointExtension>
			<gpxtpx:course>154.6</gpxtpx:course>
		</gpxtpx:TrackPointExtension>
	</extensions>
</trkpt>
<trkpt lat="47.831190" lon="20.054998">
	<ele>229.37</ele>
	<time>2017-10-14T11:15:08.000Z</time>
	<pdop>3.00</pdop>
	<extensions>
		<gpxtpx:TrackPointExtension>
			<gpxtpx:course>147.0</gpxtpx:course>
		</gpxtpx:TrackPointExtension>
	</extensions>
</trkpt>
<trkpt lat="47.831115" lon="20.055052">
	<ele>228.50</ele>
	<time>2017-10-14T11:15:19.470Z</time>
	<pdop>3.00</pdop>
	<extensions>
		<gpxtpx:TrackPointExtension>
			<gpxtpx:course>151.0</gpxtpx:course>
		</gpxtpx:TrackPointExtension>
	</extensions>
</trkpt>
<trkpt lat="47.831009" lon="20.055159">
	<ele>227.25</ele>
	<time>2017-10-14T11:15:29.000Z</time>
	<pdop>3.00</pdop>
	<extensions>
		<gpxtpx:TrackPointExtension>
			<gpxtpx:course>143.7</gpxtpx:course>
		</gpxtpx:TrackPointExtension>
	</extensions>
</trkpt>
<trkpt lat="47.830951" lon="20.055234">
	<ele>226.46</ele>
	<time>2017-10-14T11:15:38.520Z</time>
	<pdop>3.00</pdop>
	<extensions>
		<gpxtpx:TrackPointExtension>
			<gpxtpx:course>135.4</gpxtpx:course>
		</gpxtpx:TrackPointExtension>
	</extensions>
</trkpt>
<trkpt lat="47.830852" lon="20.055351">
	<ele>225.79</ele>
	<time>2017-10-14T11:15:48.000Z</time>
	<pdop>3.00</pdop>
	<extensions>
		<gpxtpx:TrackPointExtension>
			<gpxtpx:course>144.7</gpxtpx:course>
		</gpxtpx:TrackPointExtension>
	</extensions>
</trkpt>
<trkpt lat="47.830790" lon="20.055424">
	<ele>226.43</ele>
	<time>2017-10-14T11:15:57.053Z</time>
	<pdop>3.00</pdop>
	<extensions>
		<gpxtpx:TrackPointExtension>
			<gpxtpx:course>138.4</gpxtpx:course>
		</gpxtpx:TrackPointExtension>
	</extensions>
</trkpt>
<trkpt lat="47.830691" lon="20.055525">
	<ele>226.68</ele>
	<time>2017-10-14T11:16:07.000Z</time>
	<pdop>3.00</pdop>
	<extensions>
		<gpxtpx:TrackPointExtension>
			<gpxtpx:course>151.6</gpxtpx:course>
		</gpxtpx:TrackPointExtension>
	</extensions>
</trkpt>
<trkpt lat="47.830596" lon="20.055605">
	<ele>226.43</ele>
	<time>2017-10-14T11:16:17.000Z</time>
	<pdop>3.00</pdop>
	<extensions>
		<gpxtpx:TrackPointExtension>
			<gpxtpx:course>157.1</gpxtpx:course>
		</gpxtpx:TrackPointExtension>
	</extensions>
</trkpt>
<trkpt lat="47.830530" lon="20.055643">
	<ele>226.13</ele>
	<time>2017-10-14T11:16:26.517Z</time>
	<pdop>3.00</pdop>
	<extensions>
		<gpxtpx:TrackPointExtension>
			<gpxtpx:course>151.0</gpxtpx:course>
		</gpxtpx:TrackPointExtension>
	</extensions>
</trkpt>
<trkpt lat="47.830457" lon="20.055660">
	<ele>225.42</ele>
	<time>2017-10-14T11:16:36.000Z</time>
	<pdop>3.00</pdop>
	<extensions>
		<gpxtpx:TrackPointExtension>
			<gpxtpx:course>170.0</gpxtpx:course>
		</gpxtpx:TrackPointExtension>
	</extensions>
</trkpt>
<trkpt lat="47.830366" lon="20.055702">
	<ele>223.44</ele>
	<time>2017-10-14T11:16:46.402Z</time>
	<pdop>3.00</pdop>
	<extensions>
		<gpxtpx:TrackPointExtension>
			<gpxtpx:course>156.3</gpxtpx:course>
		</gpxtpx:TrackPointExtension>
	</extensions>
</trkpt>
<trkpt lat="47.830265" lon="20.055771">
	<ele>221.78</ele>
	<time>2017-10-14T11:16:57.083Z</time>
	<pdop>3.00</pdop>
	<extensions>
		<gpxtpx:TrackPointExtension>
			<gpxtpx:course>162.2</gpxtpx:course>
		</gpxtpx:TrackPointExtension>
	</extensions>
</trkpt>
<trkpt lat="47.830164" lon="20.055782">
	<ele>220.62</ele>
	<time>2017-10-14T11:17:07.000Z</time>
	<pdop>3.00</pdop>
	<extensions>
		<gpxtpx:TrackPointExtension>
			<gpxtpx:course>180.3</gpxtpx:course>
		</gpxtpx:TrackPointExtension>
	</extensions>
</trkpt>
<trkpt lat="47.830155" lon="20.055774">
	<ele>220.43</ele>
	<time>2017-10-14T11:17:22.748Z</time>
	<pdop>4.00</pdop>
	<extensions>
		<gpxtpx:TrackPointExtension>
			<gpxtpx:course>177.5</gpxtpx:course>
		</gpxtpx:TrackPointExtension>
	</extensions>
</trkpt>
<trkpt lat="47.830076" lon="20.055751">
	<ele>222.10</ele>
	<time>2017-10-14T11:17:32.000Z</time>
	<pdop>3.00</pdop>
	<extensions>
		<gpxtpx:TrackPointExtension>
			<gpxtpx:course>192.8</gpxtpx:course>
		</gpxtpx:TrackPointExtension>
	</extensions>
</trkpt>
<trkpt lat="47.829985" lon="20.055721">
	<ele>220.45</ele>
	<time>2017-10-14T11:17:42.000Z</time>
	<pdop>3.00</pdop>
	<extensions>
		<gpxtpx:TrackPointExtension>
			<gpxtpx:course>196.2</gpxtpx:course>
		</gpxtpx:TrackPointExtension>
	</extensions>
</trkpt>
<trkpt lat="47.829892" lon="20.055680">
	<ele>219.44</ele>
	<time>2017-10-14T11:17:52.000Z</time>
	<pdop>3.00</pdop>
	<extensions>
		<gpxtpx:TrackPointExtension>
			<gpxtpx:course>205.8</gpxtpx:course>
		</gpxtpx:TrackPointExtension>
	</extensions>
</trkpt>
<trkpt lat="47.829807" lon="20.055624">
	<ele>219.44</ele>
	<time>2017-10-14T11:18:02.000Z</time>
	<pdop>3.00</pdop>
	<extensions>
		<gpxtpx:TrackPointExtension>
			<gpxtpx:course>199.8</gpxtpx:course>
		</gpxtpx:TrackPointExtension>
	</extensions>
</trkpt>
<trkpt lat="47.829711" lon="20.055573">
	<ele>215.70</ele>
	<time>2017-10-14T11:18:12.000Z</time>
	<pdop>3.00</pdop>
	<extensions>
		<gpxtpx:TrackPointExtension>
			<gpxtpx:course>193.0</gpxtpx:course>
		</gpxtpx:TrackPointExtension>
	</extensions>
</trkpt>
<trkpt lat="47.829624" lon="20.055564">
	<ele>214.56</ele>
	<time>2017-10-14T11:18:25.639Z</time>
	<pdop>3.00</pdop>
	<extensions>
		<gpxtpx:TrackPointExtension>
			<gpxtpx:course>188.2</gpxtpx:course>
		</gpxtpx:TrackPointExtension>
	</extensions>
</trkpt>
<trkpt lat="47.829543" lon="20.055555">
	<ele>213.52</ele>
	<time>2017-10-14T11:18:35.000Z</time>
	<pdop>3.00</pdop>
	<extensions>
		<gpxtpx:TrackPointExtension>
			<gpxtpx:course>176.2</gpxtpx:course>
		</gpxtpx:TrackPointExtension>
	</extensions>
</trkpt>
<trkpt lat="47.829450" lon="20.055578">
	<ele>212.44</ele>
	<time>2017-10-14T11:18:45.923Z</time>
	<pdop>3.00</pdop>
	<extensions>
		<gpxtpx:TrackPointExtension>
			<gpxtpx:course>161.1</gpxtpx:course>
		</gpxtpx:TrackPointExtension>
	</extensions>
</trkpt>
<trkpt lat="47.829364" lon="20.055608">
	<ele>211.44</ele>
	<time>2017-10-14T11:18:55.000Z</time>
	<pdop>3.00</pdop>
	<extensions>
		<gpxtpx:TrackPointExtension>
			<gpxtpx:course>185.6</gpxtpx:course>
		</gpxtpx:TrackPointExtension>
	</extensions>
</trkpt>
<trkpt lat="47.829314" lon="20.055583">
	<ele>211.44</ele>
	<time>2017-10-14T11:19:05.000Z</time>
	<pdop>3.00</pdop>
	<extensions>
		<gpxtpx:TrackPointExtension>
			<gpxtpx:course>194.9</gpxtpx:course>
		</gpxtpx:TrackPointExtension>
	</extensions>
</trkpt>
<trkpt lat="47.829267" lon="20.055548">
	<ele>209.44</ele>
	<time>2017-10-14T11:19:14.005Z</time>
	<pdop>3.00</pdop>
	<extensions>
		<gpxtpx:TrackPointExtension>
			<gpxtpx:course>194.9</gpxtpx:course>
		</gpxtpx:TrackPointExtension>
	</extensions>
</trkpt>
<trkpt lat="47.829198" lon="20.055519">
	<ele>207.94</ele>
	<time>2017-10-14T11:19:24.000Z</time>
	<pdop>3.00</pdop>
	<extensions>
		<gpxtpx:TrackPointExtension>
			<gpxtpx:course>188.9</gpxtpx:course>
		</gpxtpx:TrackPointExtension>
	</extensions>
</trkpt>
<trkpt lat="47.829114" lon="20.055489">
	<ele>206.46</ele>
	<time>2017-10-14T11:19:35.556Z</time>
	<pdop>3.00</pdop>
	<extensions>
		<gpxtpx:TrackPointExtension>
			<gpxtpx:course>189.8</gpxtpx:course>
		</gpxtpx:TrackPointExtension>
	</extensions>
</trkpt>
<trkpt lat="47.829032" lon="20.055467">
	<ele>204.11</ele>
	<time>2017-10-14T11:19:45.000Z</time>
	<pdop>4.00</pdop>
	<extensions>
		<gpxtpx:TrackPointExtension>
			<gpxtpx:course>193.7</gpxtpx:course>
		</gpxtpx:TrackPointExtension>
	</extensions>
</trkpt>
<trkpt lat="47.828973" lon="20.055449">
	<ele>203.68</ele>
	<time>2017-10-14T11:19:55.577Z</time>
	<pdop>3.00</pdop>
	<extensions>
		<gpxtpx:TrackPointExtension>
			<gpxtpx:course>162.6</gpxtpx:course>
		</gpxtpx:TrackPointExtension>
	</extensions>
</trkpt>
<trkpt lat="47.828878" lon="20.055421">
	<ele>201.69</ele>
	<time>2017-10-14T11:20:05.000Z</time>
	<pdop>3.00</pdop>
	<extensions>
		<gpxtpx:TrackPointExtension>
			<gpxtpx:course>194.4</gpxtpx:course>
		</gpxtpx:TrackPointExtension>
	</extensions>
</trkpt>
<trkpt lat="47.828816" lon="20.055414">
	<ele>199.94</ele>
	<time>2017-10-14T11:20:14.623Z</time>
	<pdop>3.00</pdop>
	<extensions>
		<gpxtpx:TrackPointExtension>
			<gpxtpx:course>193.7</gpxtpx:course>
		</gpxtpx:TrackPointExtension>
	</extensions>
</trkpt>
<trkpt lat="47.828702" lon="20.055407">
	<ele>197.50</ele>
	<time>2017-10-14T11:20:24.000Z</time>
	<pdop>3.00</pdop>
	<extensions>
		<gpxtpx:TrackPointExtension>
			<gpxtpx:course>191.1</gpxtpx:course>
		</gpxtpx:TrackPointExtension>
	</extensions>
</trkpt>
<trkpt lat="47.828605" lon="20.055358">
	<ele>196.38</ele>
	<time>2017-10-14T11:20:34.000Z</time>
	<pdop>3.00</pdop>
	<extensions>
		<gpxtpx:TrackPointExtension>
			<gpxtpx:course>210.4</gpxtpx:course>
		</gpxtpx:TrackPointExtension>
	</extensions>
</trkpt>
<trkpt lat="47.828523" lon="20.055240">
	<ele>196.44</ele>
	<time>2017-10-14T11:20:44.000Z</time>
	<pdop>4.00</pdop>
	<extensions>
		<gpxtpx:TrackPointExtension>
			<gpxtpx:course>243.2</gpxtpx:course>
		</gpxtpx:TrackPointExtension>
	</extensions>
</trkpt>
<trkpt lat="47.828436" lon="20.055148">
	<ele>195.09</ele>
	<time>2017-10-14T11:20:54.000Z</time>
	<pdop>3.00</pdop>
	<extensions>
		<gpxtpx:TrackPointExtension>
			<gpxtpx:course>215.8</gpxtpx:course>
		</gpxtpx:TrackPointExtension>
	</extensions>
</trkpt>
<trkpt lat="47.828348" lon="20.055073">
	<ele>194.52</ele>
	<time>2017-10-14T11:21:04.000Z</time>
	<pdop>4.00</pdop>
	<extensions>
		<gpxtpx:TrackPointExtension>
			<gpxtpx:course>215.0</gpxtpx:course>
		</gpxtpx:TrackPointExtension>
	</extensions>
</trkpt>
<trkpt lat="47.828264" lon="20.054997">
	<ele>194.44</ele>
	<time>2017-10-14T11:21:14.794Z</time>
	<pdop>4.00</pdop>
	<extensions>
		<gpxtpx:TrackPointExtension>
			<gpxtpx:course>201.3</gpxtpx:course>
		</gpxtpx:TrackPointExtension>
	</extensions>
</trkpt>
<trkpt lat="47.828133" lon="20.054952">
	<ele>192.44</ele>
	<time>2017-10-14T11:21:24.000Z</time>
	<pdop>4.00</pdop>
	<extensions>
		<gpxtpx:TrackPointExtension>
			<gpxtpx:course>190.5</gpxtpx:course>
		</gpxtpx:TrackPointExtension>
	</extensions>
</trkpt>
<trkpt lat="47.828114" lon="20.054957">
	<ele>192.63</ele>
	<time>2017-10-14T11:21:34.539Z</time>
	<pdop>3.00</pdop>
	<extensions>
		<gpxtpx:TrackPointExtension>
			<gpxtpx:course>170.0</gpxtpx:course>
		</gpxtpx:TrackPointExtension>
	</extensions>
</trkpt>
<trkpt lat="47.828014" lon="20.054902">
	<ele>192.88</ele>
	<time>2017-10-14T11:21:44.000Z</time>
	<pdop>4.00</pdop>
	<extensions>
		<gpxtpx:TrackPointExtension>
			<gpxtpx:course>194.6</gpxtpx:course>
		</gpxtpx:TrackPointExtension>
	</extensions>
</trkpt>
<trkpt lat="47.827919" lon="20.054872">
	<ele>193.07</ele>
	<time>2017-10-14T11:21:54.570Z</time>
	<pdop>4.00</pdop>
	<extensions>
		<gpxtpx:TrackPointExtension>
			<gpxtpx:course>173.7</gpxtpx:course>
		</gpxtpx:TrackPointExtension>
	</extensions>
</trkpt>
<trkpt lat="47.827864" lon="20.054842">
	<ele>196.80</ele>
	<time>2017-10-14T11:22:04.000Z</time>
	<pdop>5.00</pdop>
	<extensions>
		<gpxtpx:TrackPointExtension>
			<gpxtpx:course>213.8</gpxtpx:course>
		</gpxtpx:TrackPointExtension>
	</extensions>
</trkpt>
<trkpt lat="47.827753" lon="20.054870">
	<ele>191.96</ele>
	<time>2017-10-14T11:22:14.000Z</time>
	<pdop>4.00</pdop>
	<extensions>
		<gpxtpx:TrackPointExtension>
			<gpxtpx:course>145.7</gpxtpx:course>
		</gpxtpx:TrackPointExtension>
	</extensions>
</trkpt>
<trkpt lat="47.827741" lon="20.054958">
	<ele>189.50</ele>
	<time>2017-10-14T11:22:24.404Z</time>
	<pdop>3.00</pdop>
	<extensions>
		<gpxtpx:TrackPointExtension>
			<gpxtpx:course>56.4</gpxtpx:course>
		</gpxtpx:TrackPointExtension>
	</extensions>
</trkpt>
<trkpt lat="47.827708" lon="20.054980">
	<ele>188.20</ele>
	<time>2017-10-14T11:22:34.000Z</time>
	<pdop>3.00</pdop>
	<extensions>
		<gpxtpx:TrackPointExtension>
			<gpxtpx:course>117.6</gpxtpx:course>
		</gpxtpx:TrackPointExtension>
	</extensions>
</trkpt>
<trkpt lat="47.827720" lon="20.054897">
	<ele>189.64</ele>
	<time>2017-10-14T11:22:44.000Z</time>
	<pdop>4.00</pdop>
	<extensions>
		<gpxtpx:TrackPointExtension>
			<gpxtpx:course>117.6</gpxtpx:course>
		</gpxtpx:TrackPointExtension>
	</extensions>
</trkpt>
<trkpt lat="47.827734" lon="20.054801">
	<ele>189.92</ele>
	<time>2017-10-14T11:22:54.000Z</time>
	<pdop>4.00</pdop>
	<extensions>
		<gpxtpx:TrackPointExtension>
			<gpxtpx:course>117.6</gpxtpx:course>
		</gpxtpx:TrackPointExtension>
	</extensions>
</trkpt>
<trkpt lat="47.827703" lon="20.054677">
	<ele>191.27</ele>
	<time>2017-10-14T11:23:04.000Z</time>
	<pdop>4.00</pdop>
	<extensions>
		<gpxtpx:TrackPointExtension>
			<gpxtpx:course>255.2</gpxtpx:course>
		</gpxtpx:TrackPointExtension>
	</extensions>
</trkpt>
<trkpt lat="47.827653" lon="20.054534">
	<ele>191.43</ele>
	<time>2017-10-14T11:23:14.776Z</time>
	<pdop>3.00</pdop>
	<extensions>
		<gpxtpx:TrackPointExtension>
			<gpxtpx:course>253.6</gpxtpx:course>
		</gpxtpx:TrackPointExtension>
	</extensions>
</trkpt>
<trkpt lat="47.827611" lon="20.054354">
	<ele>188.73</ele>
	<time>2017-10-14T11:23:24.000Z</time>
	<pdop>3.00</pdop>
	<extensions>
		<gpxtpx:TrackPointExtension>
			<gpxtpx:course>245.8</gpxtpx:course>
		</gpxtpx:TrackPointExtension>
	</extensions>
</trkpt>
<trkpt lat="47.827564" lon="20.054217">
	<ele>190.48</ele>
	<time>2017-10-14T11:23:34.746Z</time>
	<pdop>4.00</pdop>
	<extensions>
		<gpxtpx:TrackPointExtension>
			<gpxtpx:course>261.4</gpxtpx:course>
		</gpxtpx:TrackPointExtension>
	</extensions>
</trkpt>
<trkpt lat="47.827507" lon="20.054048">
	<ele>188.44</ele>
	<time>2017-10-14T11:23:44.000Z</time>
	<pdop>3.00</pdop>
	<extensions>
		<gpxtpx:TrackPointExtension>
			<gpxtpx:course>245.6</gpxtpx:course>
		</gpxtpx:TrackPointExtension>
	</extensions>
</trkpt>
<trkpt lat="47.827454" lon="20.053903">
	<ele>191.16</ele>
	<time>2017-10-14T11:23:55.569Z</time>
	<pdop>3.00</pdop>
	<extensions>
		<gpxtpx:TrackPointExtension>
			<gpxtpx:course>251.8</gpxtpx:course>
		</gpxtpx:TrackPointExtension>
	</extensions>
</trkpt>
<trkpt lat="47.827425" lon="20.053731">
	<ele>188.69</ele>
	<time>2017-10-14T11:24:05.000Z</time>
	<pdop>4.00</pdop>
	<extensions>
		<gpxtpx:TrackPointExtension>
			<gpxtpx:course>282.3</gpxtpx:course>
		</gpxtpx:TrackPointExtension>
	</extensions>
</trkpt>
<trkpt lat="47.827439" lon="20.053642">
	<ele>190.39</ele>
	<time>2017-10-14T11:24:15.438Z</time>
	<pdop>3.00</pdop>
	<extensions>
		<gpxtpx:TrackPointExtension>
			<gpxtpx:course>283.2</gpxtpx:course>
		</gpxtpx:TrackPointExtension>
	</extensions>
</trkpt>
<trkpt lat="47.827359" lon="20.053526">
	<ele>192.39</ele>
	<time>2017-10-14T11:24:25.000Z</time>
	<pdop>4.00</pdop>
	<extensions>
		<gpxtpx:TrackPointExtension>
			<gpxtpx:course>248.7</gpxtpx:course>
		</gpxtpx:TrackPointExtension>
	</extensions>
</trkpt>
<trkpt lat="47.827358" lon="20.053468">
	<ele>192.43</ele>
	<time>2017-10-14T11:24:35.690Z</time>
	<pdop>3.00</pdop>
	<extensions>
		<gpxtpx:TrackPointExtension>
			<gpxtpx:course>304.3</gpxtpx:course>
		</gpxtpx:TrackPointExtension>
	</extensions>
</trkpt>
<trkpt lat="47.827349" lon="20.053435">
	<ele>189.50</ele>
	<time>2017-10-14T11:24:43.000Z</time>
	<pdop>3.00</pdop>
	<extensions>
		<gpxtpx:TrackPointExtension>
			<gpxtpx:course>304.3</gpxtpx:course>
		</gpxtpx:TrackPointExtension>
	</extensions>
</trkpt>
</trkseg>
</trk>
</gpx>
